[09/01 11:22:15.502970][info][28784][GVCPClient.cpp:325] bind 10.11.42.92:0
[09/01 11:22:15.503231][info][28784][GVCPClient.cpp:325] bind 192.168.10.100:0
[09/01 11:22:15.503300][info][28784][GVCPClient.cpp:325] bind 127.0.0.1:0
[09/01 11:22:15.507010][info][28784][GVCPClient.cpp:325] bind 10.11.42.92:0
[09/01 11:22:15.507093][info][28784][GVCPClient.cpp:668] New ip segment found,new ip addr:10.11.42.92, mac:4c:cf:7c:dc:60:c7
[09/01 11:22:15.507137][info][28784][GVCPClient.cpp:325] bind 192.168.10.100:0
[09/01 11:22:15.507165][info][28784][GVCPClient.cpp:668] New ip segment found,new ip addr:192.168.10.100, mac:9c:65:eb:0a:ba:31
[09/01 11:22:15.507797][error][43968][GVCPClient.cpp:355] sendto failed with error:10038
[09/01 11:22:18.507821][error][36580][GVCPClient.cpp:355] sendto failed with error:10038 [**5 logs in 3000ms, last: 11:22:17.514642**]
[09/01 11:22:25.519189][error][7840][GVCPClient.cpp:355] sendto failed with error:10038 [**9 logs in 7011ms, last: 11:22:23.535478**]
[09/01 11:22:37.540387][error][37400][GVCPClient.cpp:355] sendto failed with error:10038 [**18 logs in 12021ms, last: 11:22:35.575311**]
[09/01 11:23:01.579419][error][4468][GVCPClient.cpp:355] sendto failed with error:10038 [**36 logs in 24039ms, last: 11:22:59.663236**]
[09/01 11:23:15.714509][info][28784][GVCPClient.cpp:325] bind 192.168.193.135:0
[09/01 11:23:15.714612][info][28784][GVCPClient.cpp:668] New ip segment found,new ip addr:192.168.193.135, mac:9c:65:eb:0a:ba:31
[09/01 11:23:15.719062][info][35124][GVCPClient.cpp:421] 0, 3, 248, 1
[09/01 11:23:15.719111][info][35124][GVCPClient.cpp:457] 2,1, AE:CB:F6:B1:4D:FD,7, 5,3073, 192.168.193.1, 255.255.255.0, 192.168.193.254, Orbbec, Wifi Handle, V0.0.1, Orbbec, CR0625100XP, 
[09/01 11:23:16.719366][info][28784][GVCPClient.cpp:102] 	- mac:AE:CB:F6:B1:4D:FD, ip:192.168.193.1, sn:CR0625100XP, pid:0x0c01
[09/01 11:23:16.719419][info][28784][Ethernet.cpp:69] NetDeviceWatcher detected new device, uid:AE:CB:F6:B1:4D:FD
[09/01 11:23:17.732738][debug][28784][NetDeviceEnumerator.cpp:65] Current net source port list:
[09/01 11:23:17.732932][debug][28784][NetDeviceEnumerator.cpp:68]  - mac:AE:CB:F6:B1:4D:FD, ip:192.168.193.1, port:8090
[09/01 11:23:17.733318][debug][28784][NetDeviceEnumerator.cpp:296] Net device list changed!
[09/01 11:23:17.733343][debug][28784][NetDeviceEnumerator.cpp:298] 1 net device(s) found:
[09/01 11:23:17.733354][debug][28784][NetDeviceEnumerator.cpp:301]   - Name: Scan Bridge, PID: 0x0C01, SN/ID: CR0625100XP, MAC:AE:CB:F6:B1:4D:FD, IP:192.168.193.1
[09/01 11:23:17.733360][debug][28784][NetDeviceEnumerator.cpp:313] Current net device list: (1)
[09/01 11:23:17.733367][debug][28784][NetDeviceEnumerator.cpp:316]   - Name: Scan Bridge, PID: 0x0C01, SN/ID: CR0625100XP, MAC:AE:CB:F6:B1:4D:FD, IP:192.168.193.1
[09/01 11:23:17.733374][info][28784][DeviceManager.cpp:188] Device changed! removed: 0, added: 1
[09/01 11:23:17.733382][info][28784][DeviceManager.cpp:15] Current device(s) list: (1)
[09/01 11:23:17.733389][info][28784][DeviceManager.cpp:20] 	- Name: Scan Bridge, PID: 0x0c01, SN/ID: CR0625100XP, Connection: Ethernet, MAC:AE:CB:F6:B1:4D:FD, ip:192.168.193.1
[09/01 11:23:17.733550][debug][28784][DeviceManager.cpp:115] DeviceManager  createDevice...
[09/01 11:23:17.733572][debug][28784][UsbDeviceEnumerator.cpp:338] UsbDeviceEnumerator createDevice...
[09/01 11:23:17.733597][debug][28784][NetDeviceEnumerator.cpp:325] NetDeviceEnumerator createDevice...
[09/01 11:23:17.740108][debug][28784][VendorTCPClient.cpp:131] TCP client socket created!, addr=192.168.193.1, port=8090, socket=12192
[09/01 11:23:17.740627][debug][28784][VendorCommand.cpp:198] VendorCommand constructor 210f83236c0
[09/01 11:23:17.772752][debug][28784][VendorCommand.cpp:206] destructor 210f83236c0
[09/01 11:23:17.772815][debug][28784][VendorCommand.cpp:457] disableHeartBeat heartBeatHelper_: 0000000000000000
[09/01 11:23:17.772824][debug][28784][HostProtocol.cpp:140] ~HostProtocol()
[09/01 11:23:17.772837][debug][15596][HostProtocol.cpp:168] emitTranDataFutureSignalThread_ finish
[09/01 11:23:17.773309][debug][28784][VendorTCPClient.cpp:141] TCP client socket closed! socket=12192
[09/01 11:23:17.776588][debug][28784][VendorTCPClient.cpp:131] TCP client socket created!, addr=192.168.193.1, port=8090, socket=12192
[09/01 11:23:17.776994][debug][28784][VendorCommand.cpp:198] VendorCommand constructor 210f83236c0
[09/01 11:23:17.785527][info][28784][WifiHandleComboDevice.cpp:70] Json Content: {
	"ExtensionInfo":	{
		"ProductModel":	"Creality Raptor Pro",
		"WifiHandleSSID":	"Creality_Scan_Pocket_23C409",
		"SubFwVer":	"1.4.9",
		"SubDeviceSN":	"CR0625100XP",
		"SubDevicePid":	"3075",
		"SubDeviceConnectionType":	"USB3.0",
		"WifiHandleDevicePid":	"3073",
		"WifiHandleFwVer":	"1.3.2",
		"WifiSecurityVersion":	"1.0.0"
	}
}
[09/01 11:23:17.785552][debug][28784][VendorCommand.cpp:206] destructor 210f83236c0
[09/01 11:23:17.785565][debug][28784][VendorCommand.cpp:457] disableHeartBeat heartBeatHelper_: 0000000000000000
[09/01 11:23:17.785570][debug][28784][HostProtocol.cpp:140] ~HostProtocol()
[09/01 11:23:17.785590][debug][34848][HostProtocol.cpp:168] emitTranDataFutureSignalThread_ finish
[09/01 11:23:17.785918][debug][28784][VendorTCPClient.cpp:141] TCP client socket closed! socket=12192
[09/01 11:23:17.785972][info][28784][AbstractDevice.cpp:87] SDK Version - Commit: 0abe3a863, Built at: 2026-08-25 17:52:01
[09/01 11:23:17.785979][info][28784][ScannerAbstractDevice.cpp:36] ScannerAbstractDevice default constructor ...
[09/01 11:23:17.785985][info][28784][PioneerDevice.cpp:36] PioneerDevice default constructor ...
[09/01 11:23:17.786256][debug][28784][LicenseManager.cpp:244] load license file success!
[09/01 11:23:17.786299][debug][28784][ScannerAbstractDevice.cpp:97] Create command start!
[09/01 11:23:17.788204][debug][28784][VendorTCPClient.cpp:131] TCP client socket created!, addr=192.168.193.1, port=8090, socket=12428
[09/01 11:23:17.788526][debug][28784][VendorCommand.cpp:198] VendorCommand constructor 210f83236c0
[09/01 11:23:17.790927][debug][28784][PropertyAccessor.cpp:50] get firmware data success! propertyId: 1000, dataLen: 164
[09/01 11:23:17.795322][debug][28784][PropertyAccessor.cpp:64] get raw data! propertyId: 4041, async: false
[09/01 11:23:17.795355][info][28784][ScannerAbstractDevice.cpp:220] Json Content: {
	"ExtensionInfo":	{
		"ProductModel":	"Creality Raptor Pro",
		"WifiHandleSSID":	"Creality_Scan_Pocket_23C409",
		"SubFwVer":	"1.4.9",
		"SubDeviceSN":	"CR0625100XP",
		"SubDevicePid":	"3075",
		"SubDeviceConnectionType":	"USB3.0",
		"WifiHandleDevicePid":	"3073",
		"WifiHandleFwVer":	"1.3.2",
		"WifiSecurityVersion":	"1.0.0"
	}
}
[09/01 11:23:17.795363][debug][28784][ScannerAbstractDevice.cpp:227] Create command done!
[09/01 11:23:17.796326][debug][28784][PropertyAccessor.cpp:79] get struct data success! propertyId: 1043
[09/01 11:23:17.796346][debug][28784][ScannerAbstractDevice.cpp:398] init sensor map start!
[09/01 11:23:17.796360][debug][28784][ScannerAbstractDevice.cpp:449] init sensor map done!
[09/01 11:23:17.812394][debug][28784][PropertyAccessor.cpp:64] get raw data! propertyId: 4033, async: false
[09/01 11:23:17.813054][debug][28784][PioneerDevice.cpp:589] Init depth process param start!
[09/01 11:23:17.824408][debug][28784][PropertyAccessor.cpp:93] get struct data list success! propertyId: 4027, async: false
[09/01 11:23:17.829437][debug][28784][PropertyAccessor.cpp:93] get struct data list success! propertyId: 4026, async: false
[09/01 11:23:17.829464][debug][28784][PioneerDevice.cpp:669] Get depth calibration params success! num=1
[09/01 11:23:17.829482][debug][28784][PioneerDevice.cpp:669]  - {baseline: 0, depthMode: 0, focalPix: 0, unit: 0, z0: 0, dispOffset: 0, invalidDisp: 0}
[09/01 11:23:17.839512][debug][28784][PropertyAccessor.cpp:93] get struct data list success! propertyId: 4024, async: false
[09/01 11:23:17.839545][debug][28784][PioneerDevice.cpp:716] d2cProfileList_(cmd:OB_RAW_DATA_D2C_ALIGN_SUPPORT_PROFILE_LIST:4024) size: 4
[09/01 11:23:17.841324][debug][28784][PropertyAccessor.cpp:79] get struct data success! propertyId: 4037
[09/01 11:23:17.842448][debug][28784][HostProtocol.cpp:461] get property value success! propertyId=85, cur={intValue: 0, floatValue: 0}, max={intValue: 1, floatValue: 1.4013e-45}, min={intValue: 0, floatValue: 0},def={intValue: 0, floatValue: 0},step={intValue: 1, floatValue: 1.4013e-45}
[09/01 11:23:17.842477][debug][28784][PropertyAccessor.cpp:28] get property value success! propertyId: 85, value: {intValue: 0, floatValue: 0}
[09/01 11:23:17.857523][debug][28784][PropertyAccessor.cpp:64] get raw data! propertyId: 4036, async: false
[09/01 11:23:17.858232][debug][28784][PioneerDevice.cpp:807] hwD2DEnable_: false, depthValueScale_: 0.2
[09/01 11:23:17.858243][debug][28784][PioneerDevice.cpp:808] Init depth process param done!
[09/01 11:23:17.859249][debug][28784][PropertyAccessor.cpp:50] get firmware data success! propertyId: 1000, dataLen: 164
[09/01 11:23:17.859351][debug][28784][ScannerAbstractDevice.cpp:284] Create command done!
[09/01 11:23:17.860186][debug][28784][HostProtocol.cpp:461] get property value success! propertyId=89, cur={intValue: 1, floatValue: 1.4013e-45}, max={intValue: 0, floatValue: 0}, min={intValue: 0, floatValue: 0},def={intValue: 0, floatValue: 0},step={intValue: 0, floatValue: 0}
[09/01 11:23:17.860196][info][28784][VendorCommand.cpp:443] enableHeartBeat heartBeatHelper_: 0000000000000000
[09/01 11:23:17.860204][debug][28784][HostProtocol.cpp:425] Set property value, propertyId=89, value={intValue: 1, floatValue: 1.4013e-45}
[09/01 11:23:17.861518][debug][28784][PropertyAccessor.cpp:28] get property value success! propertyId: 89, value: {intValue: 1, floatValue: 1.4013e-45}
[09/01 11:23:17.861531][debug][28784][ScannerAbstractDevice.cpp:294] heartbeat: 1
[09/01 11:23:17.862249][debug][38404][VendorCommand.cpp:186] DeviceStateUpdate, state code=0, dataSize=8, , msg=
[09/01 11:23:17.862261][debug][28784][HostProtocol.cpp:425] Set property value, propertyId=89, value={intValue: 1, floatValue: 1.4013e-45}
[09/01 11:23:17.878283][info][28784][VendorCommand.cpp:443] enableHeartBeat heartBeatHelper_: 0000020EF283C470
[09/01 11:23:17.878344][debug][28784][PropertyAccessor.cpp:17] set property value success! propertyId: 89, value: {intValue: 1, floatValue: 1.4013e-45}
[09/01 11:23:17.878374][info][28784][PioneerDevice.cpp:54] Pioneer device created! PID:3075, SN:CR0625100XP, depthMode: {name: Laser Lines Scan, checksum(hex): 551cc6b785df988e243c449d3d38086c, optionCode: 46(0x2e000000)}
[09/01 11:23:17.878390][debug][28784][NetDeviceEnumerator.cpp:356] Create Net Device success! address=192.168.193.1, port=8090, pid=0x c01
[09/01 11:23:17.878402][debug][28784][NetDeviceEnumerator.cpp:407] Device AE:CB:F6:B1:4D:FD added to created devices list for connection monitoring
[09/01 11:23:17.878419][info][28784][DeviceManager.cpp:157] Device created successfully! Name: Scan Bridge, PID: 0x0c01, SN/ID: CR0625100XP
[09/01 11:23:18.130702][debug][28784][HostProtocol.cpp:461] get property value success! propertyId=181, cur={intValue: 1787715463, floatValue: 8.60593e+25}, max={intValue: -1, floatValue: -nan}, min={intValue: 0, floatValue: 0},def={intValue: 0, floatValue: 0},step={intValue: 1, floatValue: 1.4013e-45}
[09/01 11:23:18.130753][debug][28784][PropertyAccessor.cpp:28] get property value success! propertyId: 181, value: {intValue: 1787715463, floatValue: 8.60593e+25}
[09/01 11:23:18.130844][info][28784][PioneerDevice.cpp:59] Pioneer device destroyed! PID:3075, SN:CR0625100XP, depthMode: {name: Laser Lines Scan, checksum(hex): 551cc6b785df988e243c449d3d38086c, optionCode: 46(0x2e000000)}
[09/01 11:23:18.130858][info][28784][AbstractDevice.cpp:110] Abstract device destroyed!
[09/01 11:23:18.130877][debug][28784][VendorCommand.cpp:206] destructor 210f83236c0
[09/01 11:23:18.130885][debug][28784][VendorCommand.cpp:457] disableHeartBeat heartBeatHelper_: 0000020EF283C470
[09/01 11:23:18.131336][debug][28784][HostProtocol.cpp:425] Set property value, propertyId=89, value={intValue: 0, floatValue: 0}
[09/01 11:23:18.135703][debug][28784][HostProtocol.cpp:140] ~HostProtocol()
[09/01 11:23:18.135736][debug][24608][HostProtocol.cpp:168] emitTranDataFutureSignalThread_ finish
[09/01 11:23:18.136103][debug][28784][VendorTCPClient.cpp:141] TCP client socket closed! socket=12428
[09/01 11:23:18.136132][debug][28784][DeviceManager.cpp:115] DeviceManager  createDevice...
[09/01 11:23:18.136138][debug][28784][UsbDeviceEnumerator.cpp:338] UsbDeviceEnumerator createDevice...
[09/01 11:23:18.136156][debug][28784][NetDeviceEnumerator.cpp:325] NetDeviceEnumerator createDevice...
[09/01 11:23:18.158057][debug][28784][VendorTCPClient.cpp:131] TCP client socket created!, addr=192.168.193.1, port=8090, socket=12428
[09/01 11:23:18.158491][debug][28784][VendorCommand.cpp:198] VendorCommand constructor 210f83236c0
[09/01 11:23:18.184370][debug][28784][VendorCommand.cpp:206] destructor 210f83236c0
[09/01 11:23:18.184401][debug][28784][VendorCommand.cpp:457] disableHeartBeat heartBeatHelper_: 0000000000000000
[09/01 11:23:18.184407][debug][28784][HostProtocol.cpp:140] ~HostProtocol()
[09/01 11:23:18.184427][debug][42936][HostProtocol.cpp:168] emitTranDataFutureSignalThread_ finish
[09/01 11:23:18.184827][debug][28784][VendorTCPClient.cpp:141] TCP client socket closed! socket=12428
[09/01 11:23:18.186212][debug][28784][VendorTCPClient.cpp:131] TCP client socket created!, addr=192.168.193.1, port=8090, socket=12428
[09/01 11:23:18.186644][debug][28784][VendorCommand.cpp:198] VendorCommand constructor 210f83236c0
[09/01 11:23:18.207779][info][28784][WifiHandleComboDevice.cpp:70] Json Content: {
	"ExtensionInfo":	{
		"ProductModel":	"Creality Raptor Pro",
		"WifiHandleSSID":	"Creality_Scan_Pocket_23C409",
		"SubFwVer":	"1.4.9",
		"SubDeviceSN":	"CR0625100XP",
		"SubDevicePid":	"3075",
		"SubDeviceConnectionType":	"USB3.0",
		"WifiHandleDevicePid":	"3073",
		"WifiHandleFwVer":	"1.3.2",
		"WifiSecurityVersion":	"1.0.0"
	}
}
[09/01 11:23:18.207822][debug][28784][VendorCommand.cpp:206] destructor 210f83236c0
[09/01 11:23:18.207840][debug][28784][VendorCommand.cpp:457] disableHeartBeat heartBeatHelper_: 0000000000000000
[09/01 11:23:18.207846][debug][28784][HostProtocol.cpp:140] ~HostProtocol()
[09/01 11:23:18.207866][debug][33644][HostProtocol.cpp:168] emitTranDataFutureSignalThread_ finish
[09/01 11:23:18.208313][debug][28784][VendorTCPClient.cpp:141] TCP client socket closed! socket=12428
[09/01 11:23:18.208339][info][28784][AbstractDevice.cpp:87] SDK Version - Commit: 0abe3a863, Built at: 2026-08-25 17:52:01
[09/01 11:23:18.208345][info][28784][ScannerAbstractDevice.cpp:36] ScannerAbstractDevice default constructor ...
[09/01 11:23:18.208350][info][28784][PioneerDevice.cpp:36] PioneerDevice default constructor ...
[09/01 11:23:18.208399][debug][28784][ScannerAbstractDevice.cpp:97] Create command start!
[09/01 11:23:18.212405][debug][28784][VendorTCPClient.cpp:131] TCP client socket created!, addr=192.168.193.1, port=8090, socket=12428
[09/01 11:23:18.212760][debug][28784][VendorCommand.cpp:198] VendorCommand constructor 210f83236c0
[09/01 11:23:18.219685][debug][28784][PropertyAccessor.cpp:50] get firmware data success! propertyId: 1000, dataLen: 164
[09/01 11:23:18.245324][debug][28784][PropertyAccessor.cpp:64] get raw data! propertyId: 4041, async: false
[09/01 11:23:18.245359][info][28784][ScannerAbstractDevice.cpp:220] Json Content: {
	"ExtensionInfo":	{
		"ProductModel":	"Creality Raptor Pro",
		"WifiHandleSSID":	"Creality_Scan_Pocket_23C409",
		"SubFwVer":	"1.4.9",
		"SubDeviceSN":	"CR0625100XP",
		"SubDevicePid":	"3075",
		"SubDeviceConnectionType":	"USB3.0",
		"WifiHandleDevicePid":	"3073",
		"WifiHandleFwVer":	"1.3.2",
		"WifiSecurityVersion":	"1.0.0"
	}
}
[09/01 11:23:18.245366][debug][28784][ScannerAbstractDevice.cpp:227] Create command done!
[09/01 11:23:18.251949][debug][28784][PropertyAccessor.cpp:79] get struct data success! propertyId: 1043
[09/01 11:23:18.251966][debug][28784][ScannerAbstractDevice.cpp:398] init sensor map start!
[09/01 11:23:18.251976][debug][28784][ScannerAbstractDevice.cpp:449] init sensor map done!
[09/01 11:23:18.285989][debug][28784][PropertyAccessor.cpp:64] get raw data! propertyId: 4033, async: false
[09/01 11:23:18.286085][debug][28784][PioneerDevice.cpp:589] Init depth process param start!
[09/01 11:23:18.292639][debug][28784][PropertyAccessor.cpp:93] get struct data list success! propertyId: 4027, async: false
[09/01 11:23:18.297904][debug][28784][PropertyAccessor.cpp:93] get struct data list success! propertyId: 4026, async: false
[09/01 11:23:18.297924][debug][28784][PioneerDevice.cpp:669] Get depth calibration params success! num=1
[09/01 11:23:18.297940][debug][28784][PioneerDevice.cpp:669]  - {baseline: 0, depthMode: 0, focalPix: 0, unit: 0, z0: 0, dispOffset: 0, invalidDisp: 0}
[09/01 11:23:18.302516][debug][28784][PropertyAccessor.cpp:93] get struct data list success! propertyId: 4024, async: false
[09/01 11:23:18.302542][debug][28784][PioneerDevice.cpp:716] d2cProfileList_(cmd:OB_RAW_DATA_D2C_ALIGN_SUPPORT_PROFILE_LIST:4024) size: 4
[09/01 11:23:18.304584][debug][28784][PropertyAccessor.cpp:79] get struct data success! propertyId: 4037
[09/01 11:23:18.311451][debug][28784][HostProtocol.cpp:461] get property value success! propertyId=85, cur={intValue: 0, floatValue: 0}, max={intValue: 1, floatValue: 1.4013e-45}, min={intValue: 0, floatValue: 0},def={intValue: 0, floatValue: 0},step={intValue: 1, floatValue: 1.4013e-45}
[09/01 11:23:18.311478][debug][28784][PropertyAccessor.cpp:28] get property value success! propertyId: 85, value: {intValue: 0, floatValue: 0}
[09/01 11:23:18.339324][debug][28784][PropertyAccessor.cpp:64] get raw data! propertyId: 4036, async: false
[09/01 11:23:18.339363][debug][28784][PioneerDevice.cpp:807] hwD2DEnable_: false, depthValueScale_: 0.2
[09/01 11:23:18.339368][debug][28784][PioneerDevice.cpp:808] Init depth process param done!
[09/01 11:23:18.341493][debug][28784][PropertyAccessor.cpp:50] get firmware data success! propertyId: 1000, dataLen: 164
[09/01 11:23:18.341594][debug][28784][ScannerAbstractDevice.cpp:284] Create command done!
[09/01 11:23:18.342333][debug][28784][HostProtocol.cpp:461] get property value success! propertyId=89, cur={intValue: 1, floatValue: 1.4013e-45}, max={intValue: 0, floatValue: 0}, min={intValue: 0, floatValue: 0},def={intValue: 0, floatValue: 0},step={intValue: 0, floatValue: 0}
[09/01 11:23:18.342346][info][28784][VendorCommand.cpp:443] enableHeartBeat heartBeatHelper_: 0000000000000000
[09/01 11:23:18.342355][debug][28784][HostProtocol.cpp:425] Set property value, propertyId=89, value={intValue: 1, floatValue: 1.4013e-45}
[09/01 11:23:18.346873][debug][28784][PropertyAccessor.cpp:28] get property value success! propertyId: 89, value: {intValue: 1, floatValue: 1.4013e-45}
[09/01 11:23:18.346894][debug][28784][ScannerAbstractDevice.cpp:294] heartbeat: 1
[09/01 11:23:18.347923][debug][20644][VendorCommand.cpp:186] DeviceStateUpdate, state code=0, dataSize=8, , msg=
[09/01 11:23:18.347943][debug][28784][HostProtocol.cpp:425] Set property value, propertyId=89, value={intValue: 1, floatValue: 1.4013e-45}
[09/01 11:23:18.370052][info][28784][VendorCommand.cpp:443] enableHeartBeat heartBeatHelper_: 0000020EF283BB60
[09/01 11:23:18.370089][debug][28784][PropertyAccessor.cpp:17] set property value success! propertyId: 89, value: {intValue: 1, floatValue: 1.4013e-45}
[09/01 11:23:18.370102][info][28784][PioneerDevice.cpp:54] Pioneer device created! PID:3075, SN:CR0625100XP, depthMode: {name: Laser Lines Scan, checksum(hex): 551cc6b785df988e243c449d3d38086c, optionCode: 46(0x2e000000)}
[09/01 11:23:18.370111][debug][28784][NetDeviceEnumerator.cpp:356] Create Net Device success! address=192.168.193.1, port=8090, pid=0x c01
[09/01 11:23:18.370117][debug][28784][NetDeviceEnumerator.cpp:407] Device AE:CB:F6:B1:4D:FD added to created devices list for connection monitoring
[09/01 11:23:18.370126][info][28784][DeviceManager.cpp:157] Device created successfully! Name: Scan Bridge, PID: 0x0c01, SN/ID: CR0625100XP
[09/01 11:23:18.370846][debug][28784][NetDataStreamPort.cpp:52] NetDataStreamPort::addWatcher start
[09/01 11:23:18.370863][debug][28784][NetDataStreamPort.cpp:60] NetDataStreamPort::addWatcher create client
[09/01 11:23:18.392868][debug][28784][VendorTCPClient.cpp:131] TCP client socket created!, addr=192.168.193.1, port=8900, socket=13288
[09/01 11:23:18.393444][debug][28784][NetDataStreamPort.cpp:64] NetDataStreamPort::addWatcher done
[09/01 11:23:18.394692][debug][28784][HostProtocol.cpp:461] get property value success! propertyId=181, cur={intValue: 1787715463, floatValue: 8.60593e+25}, max={intValue: -1, floatValue: -nan}, min={intValue: 0, floatValue: 0},def={intValue: 0, floatValue: 0},step={intValue: 1, floatValue: 1.4013e-45}
[09/01 11:23:18.394710][debug][28784][PropertyAccessor.cpp:28] get property value success! propertyId: 181, value: {intValue: 1787715463, floatValue: 8.60593e+25}
[09/01 11:23:18.396587][debug][28784][HostProtocol.cpp:461] get property value success! propertyId=186, cur={intValue: 0, floatValue: 0}, max={intValue: 1, floatValue: 1.4013e-45}, min={intValue: 0, floatValue: 0},def={intValue: 0, floatValue: 0},step={intValue: 1, floatValue: 1.4013e-45}
[09/01 11:23:18.396598][debug][28784][PropertyAccessor.cpp:28] get property value success! propertyId: 186, value: {intValue: 0, floatValue: 0}
[09/01 11:23:18.397293][debug][28784][HostProtocol.cpp:461] get property value success! propertyId=111, cur={intValue: 3073, floatValue: 4.30619e-42}, max={intValue: 127, floatValue: 1.77965e-43}, min={intValue: 5057492, floatValue: 7.08706e-39},def={intValue: -1491746736, floatValue: -2.07822e-15},step={intValue: 0, floatValue: 0}
[09/01 11:23:18.397302][debug][28784][PropertyAccessor.cpp:28] get property value success! propertyId: 111, value: {intValue: 3073, floatValue: 4.30619e-42}
[09/01 11:23:18.398828][debug][28784][HostProtocol.cpp:461] get property value success! propertyId=145, cur={intValue: 1, floatValue: 1.4013e-45}, max={intValue: 0, floatValue: 0}, min={intValue: 0, floatValue: 0},def={intValue: 0, floatValue: 0},step={intValue: 0, floatValue: 0}
[09/01 11:23:18.398838][debug][28784][PropertyAccessor.cpp:28] get property value success! propertyId: 145, value: {intValue: 1, floatValue: 1.4013e-45}
[09/01 11:23:18.399883][debug][28784][HostProtocol.cpp:29] onStart readFlash
[09/01 11:23:18.399891][debug][28784][VendorCommand.cpp:468] pauseHeartBeat, current pause count: 0
[09/01 11:23:18.399901][debug][28784][HostProtocol.cpp:425] Set property value, propertyId=89, value={intValue: 0, floatValue: 0}
[09/01 11:23:18.450380][debug][28784][HostProtocol.cpp:53] onFinish readFlash
[09/01 11:23:18.450398][debug][28784][VendorCommand.cpp:481] resumeHeartBeat current pause count:0
[09/01 11:23:18.450415][debug][28784][HostProtocol.cpp:425] Set property value, propertyId=89, value={intValue: 1, floatValue: 1.4013e-45}
[09/01 11:23:18.453984][debug][28784][PropertyAccessor.cpp:123] readFlash success! propertyId: 4057, offset: 8192, dataLen: 8192, async: false
[09/01 11:23:18.454050][debug][28784][HostProtocol.cpp:29] onStart readFlash
[09/01 11:23:18.454058][debug][28784][VendorCommand.cpp:468] pauseHeartBeat, current pause count: 0
[09/01 11:23:18.454068][debug][28784][HostProtocol.cpp:425] Set property value, propertyId=89, value={intValue: 0, floatValue: 0}
[09/01 11:23:18.536136][debug][28784][HostProtocol.cpp:53] onFinish readFlash
[09/01 11:23:18.536184][debug][28784][VendorCommand.cpp:481] resumeHeartBeat current pause count:0
[09/01 11:23:18.536209][debug][28784][HostProtocol.cpp:425] Set property value, propertyId=89, value={intValue: 1, floatValue: 1.4013e-45}
[09/01 11:23:18.537354][debug][28784][HostProtocol.cpp:29] onStart readFlash
[09/01 11:23:18.537371][debug][28784][VendorCommand.cpp:468] pauseHeartBeat, current pause count: 0
[09/01 11:23:18.537385][debug][28784][HostProtocol.cpp:425] Set property value, propertyId=89, value={intValue: 0, floatValue: 0}
[09/01 11:23:18.708948][debug][28784][HostProtocol.cpp:53] onFinish readFlash
[09/01 11:23:18.708988][debug][28784][VendorCommand.cpp:481] resumeHeartBeat current pause count:0
[09/01 11:23:18.709012][debug][28784][HostProtocol.cpp:425] Set property value, propertyId=89, value={intValue: 1, floatValue: 1.4013e-45}
[09/01 11:23:18.711560][debug][28784][HostProtocol.cpp:29] onStart readFlash
[09/01 11:23:18.711584][debug][28784][VendorCommand.cpp:468] pauseHeartBeat, current pause count: 0
[09/01 11:23:18.711599][debug][28784][HostProtocol.cpp:425] Set property value, propertyId=89, value={intValue: 0, floatValue: 0}
[09/01 11:23:18.847384][debug][28784][HostProtocol.cpp:53] onFinish readFlash
[09/01 11:23:18.847413][debug][28784][VendorCommand.cpp:481] resumeHeartBeat current pause count:0
[09/01 11:23:18.847439][debug][28784][HostProtocol.cpp:425] Set property value, propertyId=89, value={intValue: 1, floatValue: 1.4013e-45}
[09/01 11:23:18.851105][debug][28784][HostProtocol.cpp:29] onStart readFlash
[09/01 11:23:18.851114][debug][28784][VendorCommand.cpp:468] pauseHeartBeat, current pause count: 0
[09/01 11:23:18.851122][debug][28784][HostProtocol.cpp:425] Set property value, propertyId=89, value={intValue: 0, floatValue: 0}
[09/01 11:23:18.960771][debug][28784][HostProtocol.cpp:53] onFinish readFlash
[09/01 11:23:18.960825][debug][28784][VendorCommand.cpp:481] resumeHeartBeat current pause count:0
[09/01 11:23:18.960873][debug][28784][HostProtocol.cpp:425] Set property value, propertyId=89, value={intValue: 1, floatValue: 1.4013e-45}
[09/01 11:23:18.974490][debug][9448][PropertyAccessor.cpp:71] get cmd version success! propertyId: 1056, version: 0
[09/01 11:23:18.975410][debug][9448][PropertyAccessor.cpp:79] get struct data success! propertyId: 1056
[09/01 11:23:18.976021][debug][28784][HostProtocol.cpp:29] onStart readFlash
[09/01 11:23:18.976043][debug][28784][VendorCommand.cpp:468] pauseHeartBeat, current pause count: 0
[09/01 11:23:18.976058][debug][28784][HostProtocol.cpp:425] Set property value, propertyId=89, value={intValue: 0, floatValue: 0}
[09/01 11:23:19.080810][debug][28784][HostProtocol.cpp:53] onFinish readFlash
[09/01 11:23:19.080847][debug][28784][VendorCommand.cpp:481] resumeHeartBeat current pause count:0
[09/01 11:23:19.080872][debug][28784][HostProtocol.cpp:425] Set property value, propertyId=89, value={intValue: 1, floatValue: 1.4013e-45}
[09/01 11:23:19.081498][debug][28784][PropertyAccessor.cpp:123] readFlash success! propertyId: 4058, offset: 8192, dataLen: 8192, async: false
[09/01 11:23:19.081542][debug][28784][HostProtocol.cpp:29] onStart readFlash
[09/01 11:23:19.081547][debug][28784][VendorCommand.cpp:468] pauseHeartBeat, current pause count: 0
[09/01 11:23:19.081555][debug][28784][HostProtocol.cpp:425] Set property value, propertyId=89, value={intValue: 0, floatValue: 0}
[09/01 11:23:19.134256][debug][28784][HostProtocol.cpp:53] onFinish readFlash
[09/01 11:23:19.134296][debug][28784][VendorCommand.cpp:481] resumeHeartBeat current pause count:0
[09/01 11:23:19.134322][debug][28784][HostProtocol.cpp:425] Set property value, propertyId=89, value={intValue: 1, floatValue: 1.4013e-45}
[09/01 11:23:19.205644][debug][38932][PropertyAccessor.cpp:50] get firmware data success! propertyId: 1070, dataLen: 286
[09/01 11:23:19.726755][info][31600][GVCPClient.cpp:421] 0, 3, 248, 1 [**1 logs in 4007ms, last: 11:23:16.727592**]
[09/01 11:23:19.726757][info][44000][GVCPClient.cpp:457] 2,1, AE:CB:F6:B1:4D:FD,7, 5,3073, 192.168.193.1, 255.255.255.0, 192.168.193.254, Orbbec, Wifi Handle, V0.0.1, Orbbec, CR0625100XP,  [**1 logs in 4007ms, last: 11:23:16.727784**]
[09/01 11:23:20.731780][info][32984][GVCPClient.cpp:102] 	- mac:AE:CB:F6:B1:4D:FD, ip:192.168.193.1, sn:CR0625100XP, pid:0x0c01 [**1 logs in 4012ms, last: 11:23:17.731870**]
[09/01 11:23:21.355145][debug][20644][VendorCommand.cpp:186] DeviceStateUpdate, state code=0, dataSize=8, , msg=
[09/01 11:23:23.189354][info][10896][GVCPClient.cpp:421] 0, 3, 248, 1 [**2 logs in 3462ms, last: 11:23:22.232307**]
[09/01 11:23:23.189731][info][43976][GVCPClient.cpp:457] 2,1, AE:CB:F6:B1:4D:FD,7, 5,3073, 192.168.193.1, 255.255.255.0, 192.168.193.254, Orbbec, Wifi Handle, V0.0.1, Orbbec, CR0625100XP,  [**2 logs in 3462ms, last: 11:23:22.232318**]
[09/01 11:23:24.189879][info][22076][GVCPClient.cpp:102] 	- mac:AE:CB:F6:B1:4D:FD, ip:192.168.193.1, sn:CR0625100XP, pid:0x0c01 [**2 logs in 3458ms, last: 11:23:23.232359**]
[09/01 11:23:24.365831][debug][20644][VendorCommand.cpp:186] DeviceStateUpdate, state code=0, dataSize=8, , msg=
[09/01 11:23:27.362434][debug][20644][VendorCommand.cpp:186] DeviceStateUpdate, state code=0, dataSize=8, , msg=
[09/01 11:23:28.485023][debug][9448][PropertyAccessor.cpp:71] get cmd version success! propertyId: 1056, version: 0
[09/01 11:23:28.513345][debug][9448][PropertyAccessor.cpp:79] get struct data success! propertyId: 1056
[09/01 11:23:30.239493][info][18188][GVCPClient.cpp:421] 0, 3, 248, 1 [**3 logs in 7050ms, last: 11:23:28.274696**]
[09/01 11:23:30.239494][info][19148][GVCPClient.cpp:457] 2,1, AE:CB:F6:B1:4D:FD,7, 5,3073, 192.168.193.1, 255.255.255.0, 192.168.193.254, Orbbec, Wifi Handle, V0.0.1, Orbbec, CR0625100XP,  [**3 logs in 7049ms, last: 11:23:28.274701**]
[09/01 11:23:30.352566][debug][20644][VendorCommand.cpp:186] DeviceStateUpdate, state code=0, dataSize=8, , msg=
[09/01 11:23:31.240108][info][43260][GVCPClient.cpp:102] 	- mac:AE:CB:F6:B1:4D:FD, ip:192.168.193.1, sn:CR0625100XP, pid:0x0c01 [**3 logs in 7050ms, last: 11:23:29.274506**]
[09/01 11:23:33.361463][debug][20644][VendorCommand.cpp:186] DeviceStateUpdate, state code=0, dataSize=8, , msg=
[09/01 11:23:36.353017][debug][20644][VendorCommand.cpp:186] DeviceStateUpdate, state code=0, dataSize=8, , msg=
[09/01 11:23:38.590987][debug][9448][PropertyAccessor.cpp:71] get cmd version success! propertyId: 1056, version: 0
[09/01 11:23:38.603076][debug][9448][PropertyAccessor.cpp:79] get struct data success! propertyId: 1056
[09/01 11:23:39.373570][debug][20644][VendorCommand.cpp:186] DeviceStateUpdate, state code=0, dataSize=8, , msg=
[09/01 11:23:39.594691][debug][34756][HostProtocol.cpp:461] get property value success! propertyId=111, cur={intValue: 3073, floatValue: 4.30619e-42}, max={intValue: 127, floatValue: 1.77965e-43}, min={intValue: 5057492, floatValue: 7.08706e-39},def={intValue: -1491746736, floatValue: -2.07822e-15},step={intValue: 0, floatValue: 0}
[09/01 11:23:39.594748][debug][34756][PropertyAccessor.cpp:28] get property value success! propertyId: 111, value: {intValue: 3073, floatValue: 4.30619e-42}
[09/01 11:23:39.598346][debug][34756][HostProtocol.cpp:461] get property value success! propertyId=145, cur={intValue: 1, floatValue: 1.4013e-45}, max={intValue: 0, floatValue: 0}, min={intValue: 0, floatValue: 0},def={intValue: 0, floatValue: 0},step={intValue: 0, floatValue: 0}
[09/01 11:23:39.598393][debug][34756][PropertyAccessor.cpp:28] get property value success! propertyId: 145, value: {intValue: 1, floatValue: 1.4013e-45}
[09/01 11:23:39.599728][debug][34756][FrameProcessor.cpp:76] FrameProcessor init with 1 blocks! @2262353612464
[09/01 11:23:39.600006][debug][34756][FrameProcessingBlock.cpp:26] Block created with frame queue size: 10
[09/01 11:23:39.600018][debug][34756][FrameProcessor.cpp:84]  - block: IMUFrameTransformer, status: enable
[09/01 11:23:39.600387][debug][34756][AccelSensor.cpp:10] AccelSensor initting!
[09/01 11:23:39.600393][info][34756][AccelSensor.cpp:22] AccelSensor created
[09/01 11:23:39.600398][info][34756][ScannerAbstractDevice.cpp:483] Accel sensor has been created!
[09/01 11:23:39.600413][debug][34756][HostProtocol.cpp:425] Set property value, propertyId=2020, value={intValue: 0, floatValue: 0}
[09/01 11:23:39.607452][debug][34756][NetDataStreamPort.cpp:22] NetDataStreamPort::removeWatcher start
[09/01 11:23:39.607468][debug][34756][NetDataStreamPort.cpp:48] NetDataStreamPort::removeWatcher done
[09/01 11:23:39.607477][debug][34756][FrameProcessor.cpp:76] FrameProcessor init with 1 blocks! @2262353610448
[09/01 11:23:39.607487][debug][34756][FrameProcessingBlock.cpp:26] Block created with frame queue size: 10
[09/01 11:23:39.607493][debug][34756][FrameProcessor.cpp:84]  - block: IMUFrameTransformer, status: enable
[09/01 11:23:39.607499][debug][34756][GyroSensor.cpp:11] GyroSensor init ...
[09/01 11:23:39.607504][info][34756][GyroSensor.cpp:23] GyroSensor created!
[09/01 11:23:39.607533][info][34756][ScannerAbstractDevice.cpp:519] Gyro sensor has been created!
[09/01 11:23:39.607691][debug][34756][HostProtocol.cpp:425] Set property value, propertyId=2019, value={intValue: 0, floatValue: 0}
[09/01 11:23:39.615377][debug][34756][NetDataStreamPort.cpp:22] NetDataStreamPort::removeWatcher start
[09/01 11:23:39.615394][debug][34756][NetDataStreamPort.cpp:48] NetDataStreamPort::removeWatcher done
[09/01 11:23:39.624483][debug][34756][ScannerAbstractDevice.cpp:1008] getDepthAlgModeChecksumList fixedPropertyId: 4034
[09/01 11:23:39.624509][debug][34756][VendorCommand.cpp:468] pauseHeartBeat, current pause count: 0
[09/01 11:23:39.624527][debug][34756][HostProtocol.cpp:425] Set property value, propertyId=89, value={intValue: 0, floatValue: 0}
[09/01 11:23:39.659805][debug][34756][VendorCommand.cpp:481] resumeHeartBeat current pause count:0
[09/01 11:23:39.659857][debug][34756][HostProtocol.cpp:425] Set property value, propertyId=89, value={intValue: 1, floatValue: 1.4013e-45}
[09/01 11:23:39.668501][debug][34756][PropertyAccessor.cpp:93] get struct data list success! propertyId: 4034, async: false
[09/01 11:23:39.669464][debug][34756][HostProtocol.cpp:425] Set property value, propertyId=197, value={intValue: 65535, floatValue: 9.18341e-41}
[09/01 11:23:39.679204][debug][34756][PropertyAccessor.cpp:17] set property value success! propertyId: 197, value: {intValue: 65535, floatValue: 9.18341e-41}
[09/01 11:23:39.679255][debug][34756][HostProtocol.cpp:425] Set property value, propertyId=197, value={intValue: 65535, floatValue: 9.18341e-41}
[09/01 11:23:39.681307][debug][34756][PropertyAccessor.cpp:17] set property value success! propertyId: 197, value: {intValue: 65535, floatValue: 9.18341e-41}
[09/01 11:23:39.681321][debug][34756][HostProtocol.cpp:425] Set property value, propertyId=198, value={intValue: 65535, floatValue: 9.18341e-41}
[09/01 11:23:39.682676][debug][34756][PropertyAccessor.cpp:17] set property value success! propertyId: 198, value: {intValue: 65535, floatValue: 9.18341e-41}
[09/01 11:23:39.682702][info][34756][ScannerAbstractDevice.cpp:808] switchDepthWorkMode done! same mode. currentDepthMode: {name: Laser Lines Scan, checksum(hex): 551cc6b785df988e243c449d3d38086c, optionCode: 46(0x2e000000)}, targetDepthMode:{name: Laser Lines Scan, checksum(hex): 551cc6b785df988e243c449d3d38086c, optionCode: 46(0x2e000000)}
[09/01 11:23:39.684351][debug][9448][FrameProcessor.cpp:76] FrameProcessor init with 3 blocks! @2252429574784
[09/01 11:23:39.684536][debug][9448][FrameProcessingBlock.cpp:26] Block created with frame queue size: 10
[09/01 11:23:39.684561][debug][9448][FrameProcessor.cpp:84]  - block: FormatConverter, status: disable
[09/01 11:23:39.684666][debug][9448][FrameProcessingBlock.cpp:26] Block created with frame queue size: 10
[09/01 11:23:39.684672][debug][9448][FrameProcessor.cpp:84]  - block: FrameFlip, status: disable
[09/01 11:23:39.684678][debug][9448][FrameProcessingBlock.cpp:26] Block created with frame queue size: 10
[09/01 11:23:39.684682][debug][9448][FrameProcessor.cpp:84]  - block: FrameRotate, status: disable
[09/01 11:23:39.684846][debug][9448][VideoSensor.cpp:224] VideoSensor construct!
[09/01 11:23:39.685039][debug][9448][VideoSensor.cpp:241] stream profile size= 15, SensorType=OB_SENSOR_COLOR
[09/01 11:23:39.685051][debug][9448][VideoSensor.cpp:243]  - {type: OB_STREAM_COLOR, format: OB_FORMAT_RGB888, width: 1280, height: 800, fps: 10}
[09/01 11:23:39.685058][debug][9448][VideoSensor.cpp:243]  - {type: OB_STREAM_COLOR, format: OB_FORMAT_MJPG, width: 1280, height: 800, fps: 30}
[09/01 11:23:39.685063][debug][9448][VideoSensor.cpp:243]  - {type: OB_STREAM_COLOR, format: OB_FORMAT_MJPG, width: 1280, height: 800, fps: 20}
[09/01 11:23:39.685069][debug][9448][VideoSensor.cpp:243]  - {type: OB_STREAM_COLOR, format: OB_FORMAT_MJPG, width: 1280, height: 800, fps: 15}
[09/01 11:23:39.685075][debug][9448][VideoSensor.cpp:243]  - {type: OB_STREAM_COLOR, format: OB_FORMAT_MJPG, width: 1280, height: 800, fps: 10}
[09/01 11:23:39.685081][debug][9448][VideoSensor.cpp:243]  - {type: OB_STREAM_COLOR, format: OB_FORMAT_MJPG, width: 1280, height: 800, fps: 5}
[09/01 11:23:39.685089][debug][9448][VideoSensor.cpp:243]  - {type: OB_STREAM_COLOR, format: OB_FORMAT_RGB888, width: 1280, height: 800, fps: 30}
[09/01 11:23:39.685095][debug][9448][VideoSensor.cpp:243]  - {type: OB_STREAM_COLOR, format: OB_FORMAT_RGB888, width: 1280, height: 800, fps: 20}
[09/01 11:23:39.685101][debug][9448][VideoSensor.cpp:243]  - {type: OB_STREAM_COLOR, format: OB_FORMAT_RGB888, width: 1280, height: 800, fps: 15}
[09/01 11:23:39.685107][debug][9448][VideoSensor.cpp:243]  - {type: OB_STREAM_COLOR, format: OB_FORMAT_RGB888, width: 1280, height: 800, fps: 5}
[09/01 11:23:39.685113][debug][9448][VideoSensor.cpp:243]  - {type: OB_STREAM_COLOR, format: OB_FORMAT_BGRA, width: 1280, height: 800, fps: 30}
[09/01 11:23:39.685118][debug][9448][VideoSensor.cpp:243]  - {type: OB_STREAM_COLOR, format: OB_FORMAT_BGRA, width: 1280, height: 800, fps: 20}
[09/01 11:23:39.685124][debug][9448][VideoSensor.cpp:243]  - {type: OB_STREAM_COLOR, format: OB_FORMAT_BGRA, width: 1280, height: 800, fps: 15}
[09/01 11:23:39.685130][debug][9448][VideoSensor.cpp:243]  - {type: OB_STREAM_COLOR, format: OB_FORMAT_BGRA, width: 1280, height: 800, fps: 10}
[09/01 11:23:39.685136][debug][9448][VideoSensor.cpp:243]  - {type: OB_STREAM_COLOR, format: OB_FORMAT_BGRA, width: 1280, height: 800, fps: 5}
[09/01 11:23:39.685141][debug][9448][VideoSensor.cpp:249] sensorType:OB_SENSOR_COLOR,startStreamFailedRetry:0,maxStartStreamDelayMs:5000,streamInterruptedRestart:0,maxFrameIntervalMs:2000
[09/01 11:23:39.685147][debug][9448][VideoSensor.cpp:259] VideoSensor created, @OB_SENSOR_COLOR
[09/01 11:23:39.685261][info][9448][PioneerDevice.cpp:430] Color sensor has been created!
[09/01 11:23:39.685451][debug][9448][HostProtocol.cpp:425] Set property value, propertyId=197, value={intValue: 65535, floatValue: 9.18341e-41}
[09/01 11:23:39.686166][debug][9448][PropertyAccessor.cpp:17] set property value success! propertyId: 197, value: {intValue: 65535, floatValue: 9.18341e-41}
[09/01 11:23:39.686353][debug][9448][FrameProcessor.cpp:76] FrameProcessor init with 5 blocks! @2271911573776
[09/01 11:23:39.686365][debug][9448][FrameProcessingBlock.cpp:26] Block created with frame queue size: 10
[09/01 11:23:39.686370][debug][9448][FrameProcessor.cpp:84]  - block: TurboJpegPrivateDecompressor, status: enable
[09/01 11:23:39.686474][debug][9448][FrameProcessingBlock.cpp:26] Block created with frame queue size: 10
[09/01 11:23:39.686481][debug][9448][FrameProcessor.cpp:84]  - block: BlockStdDevDecompressor, status: enable
[09/01 11:23:39.686487][debug][9448][FrameProcessingBlock.cpp:26] Block created with frame queue size: 10
[09/01 11:23:39.686492][debug][9448][FrameProcessor.cpp:84]  - block: FrameMirror, status: enable
[09/01 11:23:39.686498][debug][9448][FrameProcessingBlock.cpp:26] Block created with frame queue size: 10
[09/01 11:23:39.686503][debug][9448][FrameProcessor.cpp:84]  - block: FrameFlip, status: disable
[09/01 11:23:39.686509][debug][9448][FrameProcessingBlock.cpp:26] Block created with frame queue size: 10
[09/01 11:23:39.686514][debug][9448][FrameProcessor.cpp:84]  - block: FrameRotate, status: disable
[09/01 11:23:39.686523][debug][9448][VideoSensor.cpp:224] VideoSensor construct!
[09/01 11:23:39.686530][debug][9448][VideoSensor.cpp:241] stream profile size= 49, SensorType=OB_SENSOR_IR_LEFT
[09/01 11:23:39.686537][debug][9448][VideoSensor.cpp:243]  - {type: OB_STREAM_IR_LEFT, format: OB_FORMAT_Y8, width: 1920, height: 1200, fps: 50}
[09/01 11:23:39.686542][debug][9448][VideoSensor.cpp:243]  - {type: OB_STREAM_IR_LEFT, format: OB_FORMAT_Y8, width: 1520, height: 1200, fps: 60}
[09/01 11:23:39.686547][debug][9448][VideoSensor.cpp:243]  - {type: OB_STREAM_IR_LEFT, format: OB_FORMAT_MJPG, width: 1520, height: 1200, fps: 60}
[09/01 11:23:39.686552][debug][9448][VideoSensor.cpp:243]  - {type: OB_STREAM_IR_LEFT, format: OB_FORMAT_RLE, width: 1520, height: 1200, fps: 60}
[09/01 11:23:39.686557][debug][9448][VideoSensor.cpp:243]  - {type: OB_STREAM_IR_LEFT, format: OB_FORMAT_Y8, width: 1520, height: 1200, fps: 50}
[09/01 11:23:39.686563][debug][9448][VideoSensor.cpp:243]  - {type: OB_STREAM_IR_LEFT, format: OB_FORMAT_MJPG, width: 1520, height: 1200, fps: 50}
[09/01 11:23:39.686569][debug][9448][VideoSensor.cpp:243]  - {type: OB_STREAM_IR_LEFT, format: OB_FORMAT_RLE, width: 1520, height: 1200, fps: 50}
[09/01 11:23:39.686574][debug][9448][VideoSensor.cpp:243]  - {type: OB_STREAM_IR_LEFT, format: OB_FORMAT_Y8, width: 1520, height: 1200, fps: 40}
[09/01 11:23:39.686579][debug][9448][VideoSensor.cpp:243]  - {type: OB_STREAM_IR_LEFT, format: OB_FORMAT_MJPG, width: 1520, height: 1200, fps: 40}
[09/01 11:23:39.686584][debug][9448][VideoSensor.cpp:243]  - {type: OB_STREAM_IR_LEFT, format: OB_FORMAT_RLE, width: 1520, height: 1200, fps: 40}
[09/01 11:23:39.686589][debug][9448][VideoSensor.cpp:243]  - {type: OB_STREAM_IR_LEFT, format: OB_FORMAT_Y8, width: 1520, height: 1200, fps: 30}
[09/01 11:23:39.686593][debug][9448][VideoSensor.cpp:243]  - {type: OB_STREAM_IR_LEFT, format: OB_FORMAT_MJPG, width: 1520, height: 1200, fps: 30}
[09/01 11:23:39.686598][debug][9448][VideoSensor.cpp:243]  - {type: OB_STREAM_IR_LEFT, format: OB_FORMAT_RLE, width: 1520, height: 1200, fps: 30}
[09/01 11:23:39.686603][debug][9448][VideoSensor.cpp:243]  - {type: OB_STREAM_IR_LEFT, format: OB_FORMAT_Y8, width: 1520, height: 1200, fps: 20}
[09/01 11:23:39.686608][debug][9448][VideoSensor.cpp:243]  - {type: OB_STREAM_IR_LEFT, format: OB_FORMAT_MJPG, width: 1520, height: 1200, fps: 20}
[09/01 11:23:39.686613][debug][9448][VideoSensor.cpp:243]  - {type: OB_STREAM_IR_LEFT, format: OB_FORMAT_RLE, width: 1520, height: 1200, fps: 20}
[09/01 11:23:39.686618][debug][9448][VideoSensor.cpp:243]  - {type: OB_STREAM_IR_LEFT, format: OB_FORMAT_MJPG, width: 1920, height: 1200, fps: 50}
[09/01 11:23:39.686623][debug][9448][VideoSensor.cpp:243]  - {type: OB_STREAM_IR_LEFT, format: OB_FORMAT_RLE, width: 1920, height: 1200, fps: 50}
[09/01 11:23:39.686628][debug][9448][VideoSensor.cpp:243]  - {type: OB_STREAM_IR_LEFT, format: OB_FORMAT_Y8, width: 1920, height: 1200, fps: 40}
[09/01 11:23:39.686632][debug][9448][VideoSensor.cpp:243]  - {type: OB_STREAM_IR_LEFT, format: OB_FORMAT_MJPG, width: 1920, height: 1200, fps: 40}
[09/01 11:23:39.686637][debug][9448][VideoSensor.cpp:243]  - {type: OB_STREAM_IR_LEFT, format: OB_FORMAT_RLE, width: 1920, height: 1200, fps: 40}
[09/01 11:23:39.686642][debug][9448][VideoSensor.cpp:243]  - {type: OB_STREAM_IR_LEFT, format: OB_FORMAT_Y8, width: 1920, height: 1200, fps: 30}
[09/01 11:23:39.686647][debug][9448][VideoSensor.cpp:243]  - {type: OB_STREAM_IR_LEFT, format: OB_FORMAT_MJPG, width: 1920, height: 1200, fps: 30}
[09/01 11:23:39.686652][debug][9448][VideoSensor.cpp:243]  - {type: OB_STREAM_IR_LEFT, format: OB_FORMAT_RLE, width: 1920, height: 1200, fps: 30}
[09/01 11:23:39.686657][debug][9448][VideoSensor.cpp:243]  - {type: OB_STREAM_IR_LEFT, format: OB_FORMAT_Y8, width: 1920, height: 1200, fps: 25}
[09/01 11:23:39.686662][debug][9448][VideoSensor.cpp:243]  - {type: OB_STREAM_IR_LEFT, format: OB_FORMAT_MJPG, width: 1920, height: 1200, fps: 25}
[09/01 11:23:39.686667][debug][9448][VideoSensor.cpp:243]  - {type: OB_STREAM_IR_LEFT, format: OB_FORMAT_RLE, width: 1920, height: 1200, fps: 25}
[09/01 11:23:39.686672][debug][9448][VideoSensor.cpp:243]  - {type: OB_STREAM_IR_LEFT, format: OB_FORMAT_Y8, width: 1920, height: 1200, fps: 20}
[09/01 11:23:39.686677][debug][9448][VideoSensor.cpp:243]  - {type: OB_STREAM_IR_LEFT, format: OB_FORMAT_MJPG, width: 1920, height: 1200, fps: 20}
[09/01 11:23:39.686682][debug][9448][VideoSensor.cpp:243]  - {type: OB_STREAM_IR_LEFT, format: OB_FORMAT_RLE, width: 1920, height: 1200, fps: 20}
[09/01 11:23:39.686687][debug][9448][VideoSensor.cpp:243]  - {type: OB_STREAM_IR_LEFT, format: OB_FORMAT_Y8, width: 1920, height: 1200, fps: 15}
[09/01 11:23:39.686692][debug][9448][VideoSensor.cpp:243]  - {type: OB_STREAM_IR_LEFT, format: OB_FORMAT_MJPG, width: 1920, height: 1200, fps: 15}
[09/01 11:23:39.686698][debug][9448][VideoSensor.cpp:243]  - {type: OB_STREAM_IR_LEFT, format: OB_FORMAT_RLE, width: 1920, height: 1200, fps: 15}
[09/01 11:23:39.686703][debug][9448][VideoSensor.cpp:243]  - {type: OB_STREAM_IR_LEFT, format: OB_FORMAT_Y8, width: 1920, height: 1200, fps: 10}
[09/01 11:23:39.686708][debug][9448][VideoSensor.cpp:243]  - {type: OB_STREAM_IR_LEFT, format: OB_FORMAT_MJPG, width: 1920, height: 1200, fps: 10}
[09/01 11:23:39.686713][debug][9448][VideoSensor.cpp:243]  - {type: OB_STREAM_IR_LEFT, format: OB_FORMAT_RLE, width: 1920, height: 1200, fps: 10}
[09/01 11:23:39.686718][debug][9448][VideoSensor.cpp:243]  - {type: OB_STREAM_IR_LEFT, format: OB_FORMAT_Y8, width: 1920, height: 1200, fps: 5}
[09/01 11:23:39.686723][debug][9448][VideoSensor.cpp:243]  - {type: OB_STREAM_IR_LEFT, format: OB_FORMAT_MJPG, width: 1920, height: 1200, fps: 5}
[09/01 11:23:39.686728][debug][9448][VideoSensor.cpp:243]  - {type: OB_STREAM_IR_LEFT, format: OB_FORMAT_RLE, width: 1920, height: 1200, fps: 5}
[09/01 11:23:39.686733][debug][9448][VideoSensor.cpp:243]  - {type: OB_STREAM_IR_LEFT, format: OB_FORMAT_MJPG, width: 1520, height: 1200, fps: 60}
[09/01 11:23:39.686738][debug][9448][VideoSensor.cpp:243]  - {type: OB_STREAM_IR_LEFT, format: OB_FORMAT_MJPG, width: 1520, height: 1200, fps: 50}
[09/01 11:23:39.686743][debug][9448][VideoSensor.cpp:243]  - {type: OB_STREAM_IR_LEFT, format: OB_FORMAT_MJPG, width: 1520, height: 1200, fps: 40}
[09/01 11:23:39.686748][debug][9448][VideoSensor.cpp:243]  - {type: OB_STREAM_IR_LEFT, format: OB_FORMAT_MJPG, width: 1520, height: 1200, fps: 30}
[09/01 11:23:39.686753][debug][9448][VideoSensor.cpp:243]  - {type: OB_STREAM_IR_LEFT, format: OB_FORMAT_MJPG, width: 1520, height: 1200, fps: 20}
[09/01 11:23:39.686758][debug][9448][VideoSensor.cpp:243]  - {type: OB_STREAM_IR_LEFT, format: OB_FORMAT_MJPG, width: 1920, height: 1200, fps: 50}
[09/01 11:23:39.686762][debug][9448][VideoSensor.cpp:243]  - {type: OB_STREAM_IR_LEFT, format: OB_FORMAT_MJPG, width: 1920, height: 1200, fps: 40}
[09/01 11:23:39.686767][debug][9448][VideoSensor.cpp:243]  - {type: OB_STREAM_IR_LEFT, format: OB_FORMAT_MJPG, width: 1920, height: 1200, fps: 30}
[09/01 11:23:39.686772][debug][9448][VideoSensor.cpp:243]  - {type: OB_STREAM_IR_LEFT, format: OB_FORMAT_MJPG, width: 1920, height: 1200, fps: 20}
[09/01 11:23:39.686777][debug][9448][VideoSensor.cpp:243]  - {type: OB_STREAM_IR_LEFT, format: OB_FORMAT_MJPG, width: 1920, height: 1200, fps: 15}
[09/01 11:23:39.686782][debug][9448][VideoSensor.cpp:249] sensorType:OB_SENSOR_IR_LEFT,startStreamFailedRetry:0,maxStartStreamDelayMs:5000,streamInterruptedRestart:0,maxFrameIntervalMs:2000
[09/01 11:23:39.686786][debug][9448][VideoSensor.cpp:259] VideoSensor created, @OB_SENSOR_IR_LEFT
[09/01 11:23:39.686792][info][9448][PioneerDevice.cpp:583] OB_SENSOR_IR_LEFT sensor has been created!
[09/01 11:23:39.687136][debug][9448][HostProtocol.cpp:425] Set property value, propertyId=198, value={intValue: 65535, floatValue: 9.18341e-41}
[09/01 11:23:39.689342][debug][9448][PropertyAccessor.cpp:17] set property value success! propertyId: 198, value: {intValue: 65535, floatValue: 9.18341e-41}
[09/01 11:23:39.689382][debug][9448][FrameProcessor.cpp:76] FrameProcessor init with 5 blocks! @2272608930672
[09/01 11:23:39.689394][debug][9448][FrameProcessingBlock.cpp:26] Block created with frame queue size: 10
[09/01 11:23:39.689400][debug][9448][FrameProcessor.cpp:84]  - block: TurboJpegPrivateDecompressor, status: enable
[09/01 11:23:39.689408][debug][9448][FrameProcessingBlock.cpp:26] Block created with frame queue size: 10
[09/01 11:23:39.689413][debug][9448][FrameProcessor.cpp:84]  - block: BlockStdDevDecompressor, status: enable
[09/01 11:23:39.689420][debug][9448][FrameProcessingBlock.cpp:26] Block created with frame queue size: 10
[09/01 11:23:39.689425][debug][9448][FrameProcessor.cpp:84]  - block: FrameMirror, status: enable
[09/01 11:23:39.689434][debug][9448][FrameProcessingBlock.cpp:26] Block created with frame queue size: 10
[09/01 11:23:39.689440][debug][9448][FrameProcessor.cpp:84]  - block: FrameFlip, status: disable
[09/01 11:23:39.689449][debug][9448][FrameProcessingBlock.cpp:26] Block created with frame queue size: 10
[09/01 11:23:39.689456][debug][9448][FrameProcessor.cpp:84]  - block: FrameRotate, status: disable
[09/01 11:23:39.689624][debug][9448][VideoSensor.cpp:224] VideoSensor construct!
[09/01 11:23:39.689651][debug][9448][VideoSensor.cpp:241] stream profile size= 39, SensorType=OB_SENSOR_IR_RIGHT
[09/01 11:23:39.689661][debug][9448][VideoSensor.cpp:243]  - {type: OB_STREAM_IR_RIGHT, format: OB_FORMAT_Y8, width: 1920, height: 1200, fps: 50}
[09/01 11:23:39.689667][debug][9448][VideoSensor.cpp:243]  - {type: OB_STREAM_IR_RIGHT, format: OB_FORMAT_Y8, width: 1520, height: 1200, fps: 60}
[09/01 11:23:39.689674][debug][9448][VideoSensor.cpp:243]  - {type: OB_STREAM_IR_RIGHT, format: OB_FORMAT_MJPG, width: 1520, height: 1200, fps: 60}
[09/01 11:23:39.689680][debug][9448][VideoSensor.cpp:243]  - {type: OB_STREAM_IR_RIGHT, format: OB_FORMAT_RLE, width: 1520, height: 1200, fps: 60}
[09/01 11:23:39.689686][debug][9448][VideoSensor.cpp:243]  - {type: OB_STREAM_IR_RIGHT, format: OB_FORMAT_Y8, width: 1520, height: 1200, fps: 50}
[09/01 11:23:39.689692][debug][9448][VideoSensor.cpp:243]  - {type: OB_STREAM_IR_RIGHT, format: OB_FORMAT_MJPG, width: 1520, height: 1200, fps: 50}
[09/01 11:23:39.689698][debug][9448][VideoSensor.cpp:243]  - {type: OB_STREAM_IR_RIGHT, format: OB_FORMAT_RLE, width: 1520, height: 1200, fps: 50}
[09/01 11:23:39.689704][debug][9448][VideoSensor.cpp:243]  - {type: OB_STREAM_IR_RIGHT, format: OB_FORMAT_Y8, width: 1520, height: 1200, fps: 40}
[09/01 11:23:39.689710][debug][9448][VideoSensor.cpp:243]  - {type: OB_STREAM_IR_RIGHT, format: OB_FORMAT_MJPG, width: 1520, height: 1200, fps: 40}
[09/01 11:23:39.689716][debug][9448][VideoSensor.cpp:243]  - {type: OB_STREAM_IR_RIGHT, format: OB_FORMAT_RLE, width: 1520, height: 1200, fps: 40}
[09/01 11:23:39.689721][debug][9448][VideoSensor.cpp:243]  - {type: OB_STREAM_IR_RIGHT, format: OB_FORMAT_Y8, width: 1520, height: 1200, fps: 30}
[09/01 11:23:39.689727][debug][9448][VideoSensor.cpp:243]  - {type: OB_STREAM_IR_RIGHT, format: OB_FORMAT_MJPG, width: 1520, height: 1200, fps: 30}
[09/01 11:23:39.689733][debug][9448][VideoSensor.cpp:243]  - {type: OB_STREAM_IR_RIGHT, format: OB_FORMAT_RLE, width: 1520, height: 1200, fps: 30}
[09/01 11:23:39.689739][debug][9448][VideoSensor.cpp:243]  - {type: OB_STREAM_IR_RIGHT, format: OB_FORMAT_Y8, width: 1520, height: 1200, fps: 20}
[09/01 11:23:39.689745][debug][9448][VideoSensor.cpp:243]  - {type: OB_STREAM_IR_RIGHT, format: OB_FORMAT_MJPG, width: 1520, height: 1200, fps: 20}
[09/01 11:23:39.689751][debug][9448][VideoSensor.cpp:243]  - {type: OB_STREAM_IR_RIGHT, format: OB_FORMAT_RLE, width: 1520, height: 1200, fps: 20}
[09/01 11:23:39.689757][debug][9448][VideoSensor.cpp:243]  - {type: OB_STREAM_IR_RIGHT, format: OB_FORMAT_MJPG, width: 1920, height: 1200, fps: 50}
[09/01 11:23:39.689763][debug][9448][VideoSensor.cpp:243]  - {type: OB_STREAM_IR_RIGHT, format: OB_FORMAT_RLE, width: 1920, height: 1200, fps: 50}
[09/01 11:23:39.689769][debug][9448][VideoSensor.cpp:243]  - {type: OB_STREAM_IR_RIGHT, format: OB_FORMAT_Y8, width: 1920, height: 1200, fps: 40}
[09/01 11:23:39.689775][debug][9448][VideoSensor.cpp:243]  - {type: OB_STREAM_IR_RIGHT, format: OB_FORMAT_MJPG, width: 1920, height: 1200, fps: 40}
[09/01 11:23:39.689781][debug][9448][VideoSensor.cpp:243]  - {type: OB_STREAM_IR_RIGHT, format: OB_FORMAT_RLE, width: 1920, height: 1200, fps: 40}
[09/01 11:23:39.689787][debug][9448][VideoSensor.cpp:243]  - {type: OB_STREAM_IR_RIGHT, format: OB_FORMAT_Y8, width: 1920, height: 1200, fps: 30}
[09/01 11:23:39.689793][debug][9448][VideoSensor.cpp:243]  - {type: OB_STREAM_IR_RIGHT, format: OB_FORMAT_MJPG, width: 1920, height: 1200, fps: 30}
[09/01 11:23:39.689799][debug][9448][VideoSensor.cpp:243]  - {type: OB_STREAM_IR_RIGHT, format: OB_FORMAT_RLE, width: 1920, height: 1200, fps: 30}
[09/01 11:23:39.689805][debug][9448][VideoSensor.cpp:243]  - {type: OB_STREAM_IR_RIGHT, format: OB_FORMAT_Y8, width: 1920, height: 1200, fps: 25}
[09/01 11:23:39.689813][debug][9448][VideoSensor.cpp:243]  - {type: OB_STREAM_IR_RIGHT, format: OB_FORMAT_MJPG, width: 1920, height: 1200, fps: 25}
[09/01 11:23:39.689819][debug][9448][VideoSensor.cpp:243]  - {type: OB_STREAM_IR_RIGHT, format: OB_FORMAT_RLE, width: 1920, height: 1200, fps: 25}
[09/01 11:23:39.689825][debug][9448][VideoSensor.cpp:243]  - {type: OB_STREAM_IR_RIGHT, format: OB_FORMAT_Y8, width: 1920, height: 1200, fps: 20}
[09/01 11:23:39.689831][debug][9448][VideoSensor.cpp:243]  - {type: OB_STREAM_IR_RIGHT, format: OB_FORMAT_MJPG, width: 1920, height: 1200, fps: 20}
[09/01 11:23:39.689837][debug][9448][VideoSensor.cpp:243]  - {type: OB_STREAM_IR_RIGHT, format: OB_FORMAT_RLE, width: 1920, height: 1200, fps: 20}
[09/01 11:23:39.689843][debug][9448][VideoSensor.cpp:243]  - {type: OB_STREAM_IR_RIGHT, format: OB_FORMAT_Y8, width: 1920, height: 1200, fps: 15}
[09/01 11:23:39.689849][debug][9448][VideoSensor.cpp:243]  - {type: OB_STREAM_IR_RIGHT, format: OB_FORMAT_MJPG, width: 1920, height: 1200, fps: 15}
[09/01 11:23:39.689855][debug][9448][VideoSensor.cpp:243]  - {type: OB_STREAM_IR_RIGHT, format: OB_FORMAT_RLE, width: 1920, height: 1200, fps: 15}
[09/01 11:23:39.689861][debug][9448][VideoSensor.cpp:243]  - {type: OB_STREAM_IR_RIGHT, format: OB_FORMAT_Y8, width: 1920, height: 1200, fps: 10}
[09/01 11:23:39.689867][debug][9448][VideoSensor.cpp:243]  - {type: OB_STREAM_IR_RIGHT, format: OB_FORMAT_MJPG, width: 1920, height: 1200, fps: 10}
[09/01 11:23:39.689873][debug][9448][VideoSensor.cpp:243]  - {type: OB_STREAM_IR_RIGHT, format: OB_FORMAT_RLE, width: 1920, height: 1200, fps: 10}
[09/01 11:23:39.689879][debug][9448][VideoSensor.cpp:243]  - {type: OB_STREAM_IR_RIGHT, format: OB_FORMAT_Y8, width: 1920, height: 1200, fps: 5}
[09/01 11:23:39.689885][debug][9448][VideoSensor.cpp:243]  - {type: OB_STREAM_IR_RIGHT, format: OB_FORMAT_MJPG, width: 1920, height: 1200, fps: 5}
[09/01 11:23:39.689891][debug][9448][VideoSensor.cpp:243]  - {type: OB_STREAM_IR_RIGHT, format: OB_FORMAT_RLE, width: 1920, height: 1200, fps: 5}
[09/01 11:23:39.689896][debug][9448][VideoSensor.cpp:249] sensorType:OB_SENSOR_IR_RIGHT,startStreamFailedRetry:0,maxStartStreamDelayMs:5000,streamInterruptedRestart:0,maxFrameIntervalMs:2000
[09/01 11:23:39.689901][debug][9448][VideoSensor.cpp:259] VideoSensor created, @OB_SENSOR_IR_RIGHT
[09/01 11:23:39.689907][info][9448][PioneerDevice.cpp:583] OB_SENSOR_IR_RIGHT sensor has been created!
[09/01 11:23:39.721069][debug][34756][PropertyAccessor.cpp:86] set struct data success! propertyId: 1043
[09/01 11:23:39.721112][debug][34756][HostProtocol.cpp:425] Set property value, propertyId=85, value={intValue: 0, floatValue: 0}
[09/01 11:23:39.723032][debug][34756][PropertyAccessor.cpp:17] set property value success! propertyId: 85, value: {intValue: 0, floatValue: 0}
[09/01 11:23:39.723474][debug][34756][FrameProcessor.cpp:76] FrameProcessor init with 10 blocks! @2263221524128
[09/01 11:23:39.723501][debug][34756][FrameProcessingBlock.cpp:26] Block created with frame queue size: 10
[09/01 11:23:39.723507][debug][34756][FrameProcessor.cpp:84]  - block: FrameUnpacker, status: enable
[09/01 11:23:39.723516][debug][34756][FrameProcessingBlock.cpp:26] Block created with frame queue size: 10
[09/01 11:23:39.723521][debug][34756][FrameProcessor.cpp:84]  - block: DepthMaskRectifyFilter, status: disable
[09/01 11:23:39.724088][debug][34756][FrameProcessingBlock.cpp:26] Block created with frame queue size: 10
[09/01 11:23:39.724108][debug][34756][FrameProcessor.cpp:84]  - block: PixelValueOffset, status: disable
[09/01 11:23:39.724228][debug][34756][FrameProcessingBlock.cpp:26] Block created with frame queue size: 10
[09/01 11:23:39.724236][debug][34756][FrameProcessor.cpp:84]  - block: Disparity2DepthConverter, status: enable
[09/01 11:23:39.724242][debug][34756][FrameProcessingBlock.cpp:26] Block created with frame queue size: 10
[09/01 11:23:39.724247][debug][34756][FrameProcessor.cpp:84]  - block: PixelValueCutOff, status: disable
[09/01 11:23:39.724257][debug][34756][FrameProcessingBlock.cpp:26] Block created with frame queue size: 10
[09/01 11:23:39.724262][debug][34756][FrameProcessor.cpp:84]  - block: FrameSoftFilter, status: disable
[09/01 11:23:39.724269][debug][34756][FrameProcessingBlock.cpp:26] Block created with frame queue size: 10
[09/01 11:23:39.724273][debug][34756][FrameProcessor.cpp:84]  - block: FrameFlip, status: disable
[09/01 11:23:39.724279][debug][34756][FrameProcessingBlock.cpp:26] Block created with frame queue size: 10
[09/01 11:23:39.724284][debug][34756][FrameProcessor.cpp:84]  - block: FrameRotate, status: disable
[09/01 11:23:39.724382][debug][34756][FrameProcessingBlock.cpp:26] Block created with frame queue size: 10
[09/01 11:23:39.724389][debug][34756][FrameProcessor.cpp:84]  - block: D2CFilter, status: disable
[09/01 11:23:39.724487][debug][34756][FrameProcessingBlock.cpp:26] Block created with frame queue size: 10
[09/01 11:23:39.724493][debug][34756][FrameProcessor.cpp:84]  - block: PostProcessFilter, status: disable
[09/01 11:23:39.724767][debug][34756][VideoSensor.cpp:224] VideoSensor construct!
[09/01 11:23:39.724776][debug][34756][VideoSensor.cpp:249] sensorType:OB_SENSOR_DEPTH,startStreamFailedRetry:0,maxStartStreamDelayMs:5000,streamInterruptedRestart:0,maxFrameIntervalMs:2000
[09/01 11:23:39.724781][debug][34756][VideoSensor.cpp:259] VideoSensor created, @OB_SENSOR_DEPTH
[09/01 11:23:39.730938][debug][34756][HostProtocol.cpp:461] get property value success! propertyId=14, cur={intValue: 0, floatValue: 0}, max={intValue: 1, floatValue: 1.4013e-45}, min={intValue: 0, floatValue: 0},def={intValue: 0, floatValue: 0},step={intValue: 1, floatValue: 1.4013e-45}
[09/01 11:23:39.730979][debug][34756][PropertyAccessor.cpp:28] get property value success! propertyId: 14, value: {intValue: 0, floatValue: 0}
[09/01 11:23:39.732615][debug][34756][PropertyAccessor.cpp:79] get struct data success! propertyId: 1045
[09/01 11:23:39.732622][info][34756][PioneerDevice.cpp:383] Depth sensor has been created!
[09/01 11:23:39.732634][debug][34756][FrameProcessor.cpp:198] setPropertyValue id=3004, value={intValue: 0, floatValue: 0}
[09/01 11:23:39.732641][debug][34756][PropertyAccessor.cpp:17] set property value success! propertyId: 3004, value: {intValue: 0, floatValue: 0}
[09/01 11:23:39.732667][info][34756][PioneerDevice.cpp:1253] switchDepthWorkMode done! oldDepthMode: {name: , checksum(hex): 00000000000000000000000000000000, optionCode: NORMAL}, newDepthMode: {name: Laser Lines Scan, checksum(hex): 551cc6b785df988e243c449d3d38086c, optionCode: 46(0x2e000000)}
[09/01 11:23:39.733219][debug][34756][Pipeline.cpp:27] Pipeline init ...
[09/01 11:23:39.733346][debug][34756][Pipeline.cpp:162] loadFrameQueueSizeConfig() config queue size: 10
[09/01 11:23:39.733364][info][34756][Pipeline.cpp:42] Pipeline created with device: {name: Creality Raptor Pro, sn: CR0625100XP}, @0x20EBEE28DA0
[09/01 11:23:39.733669][warning][34756][ObException.cpp:5] No required type sensor found! Calibrate depth work mode, sensorType: OB_SENSOR_DEPTH
[09/01 11:23:39.737468][warning][34756][ObException.cpp:5] No required type sensor found! Calibrate depth work mode, sensorType: OB_SENSOR_IR
[09/01 11:23:39.741952][debug][34756][HostProtocol.cpp:461] get property value success! propertyId=2024, cur={intValue: 2, floatValue: 2.8026e-45}, max={intValue: 4, floatValue: 5.60519e-45}, min={intValue: 1, floatValue: 1.4013e-45},def={intValue: 1, floatValue: 1.4013e-45},step={intValue: 1, floatValue: 1.4013e-45}
[09/01 11:23:39.743152][debug][34756][HostProtocol.cpp:461] get property value success! propertyId=2022, cur={intValue: 8, floatValue: 1.12104e-44}, max={intValue: 15, floatValue: 2.10195e-44}, min={intValue: 1, floatValue: 1.4013e-45},def={intValue: 5, floatValue: 7.00649e-45},step={intValue: 1, floatValue: 1.4013e-45}
[09/01 11:23:39.743179][debug][34756][AccelSensor.cpp:125] The first one in the list is the default profile
[09/01 11:23:39.743396][debug][34756][HostProtocol.cpp:425] Set property value, propertyId=85, value={intValue: 0, floatValue: 0}
[09/01 11:23:39.746157][debug][34756][PropertyAccessor.cpp:17] set property value success! propertyId: 85, value: {intValue: 0, floatValue: 0}
[09/01 11:23:39.746181][debug][34756][FrameProcessor.cpp:198] setPropertyValue id=3004, value={intValue: 0, floatValue: 0}
[09/01 11:23:39.746189][debug][34756][PropertyAccessor.cpp:17] set property value success! propertyId: 3004, value: {intValue: 0, floatValue: 0}
[09/01 11:23:39.746196][debug][34756][FrameProcessor.cpp:198] setPropertyValue id=24, value={intValue: 0, floatValue: 0}
[09/01 11:23:39.746202][debug][34756][PropertyAccessor.cpp:17] set property value success! propertyId: 24, value: {intValue: 0, floatValue: 0}
[09/01 11:23:39.746215][debug][34756][HostProtocol.cpp:425] Set property value, propertyId=2003, value={intValue: 1, floatValue: 1.4013e-45}
[09/01 11:23:39.747368][debug][34756][PropertyAccessor.cpp:17] set property value success! propertyId: 2003, value: {intValue: 1, floatValue: 1.4013e-45}
[09/01 11:23:39.747377][debug][34756][FrameProcessor.cpp:198] setPropertyValue id=18, value={intValue: 0, floatValue: 0}
[09/01 11:23:39.747384][debug][34756][PropertyAccessor.cpp:17] set property value success! propertyId: 18, value: {intValue: 0, floatValue: 0}
[09/01 11:23:39.747390][debug][34756][FrameProcessor.cpp:198] setPropertyValue id=112, value={intValue: 0, floatValue: 0}
[09/01 11:23:39.747396][debug][34756][PropertyAccessor.cpp:17] set property value success! propertyId: 112, value: {intValue: 0, floatValue: 0}
[09/01 11:23:39.747402][debug][34756][HostProtocol.cpp:425] Set property value, propertyId=81, value={intValue: 0, floatValue: 0}
[09/01 11:23:39.752626][debug][34756][PropertyAccessor.cpp:17] set property value success! propertyId: 81, value: {intValue: 0, floatValue: 0}
[09/01 11:23:39.760445][debug][34756][HostProtocol.cpp:461] get property value success! propertyId=154, cur={intValue: 1229148160, floatValue: 800000}, max={intValue: 1236736768, floatValue: 1.5e+06}, min={intValue: 1203982336, floatValue: 100000},def={intValue: 1229148160, floatValue: 800000},step={intValue: 1169915904, floatValue: 6000}
[09/01 11:23:39.760475][debug][34756][PropertyAccessor.cpp:34] get property value range success! propertyId: 154, range: {max: {intValue: 1236736768, floatValue: 1.5e+06}, min: {intValue: 1203982336, floatValue: 100000}, step: {intValue: 1169915904, floatValue: 6000}, def: {intValue: 1229148160, floatValue: 800000}}
[09/01 11:23:39.760487][debug][34756][HostProtocol.cpp:425] Set property value, propertyId=154, value={intValue: 1223959552, floatValue: 500000}
[09/01 11:23:39.766308][debug][34756][PropertyAccessor.cpp:17] set property value success! propertyId: 154, value: {intValue: 1223959552, floatValue: 500000}
[09/01 11:23:39.777139][debug][34756][HostProtocol.cpp:461] get property value success! propertyId=155, cur={intValue: 1229148160, floatValue: 800000}, max={intValue: 1236736768, floatValue: 1.5e+06}, min={intValue: 1203982336, floatValue: 100000},def={intValue: 1229148160, floatValue: 800000},step={intValue: 1169915904, floatValue: 6000}
[09/01 11:23:39.777186][debug][34756][PropertyAccessor.cpp:34] get property value range success! propertyId: 155, range: {max: {intValue: 1236736768, floatValue: 1.5e+06}, min: {intValue: 1203982336, floatValue: 100000}, step: {intValue: 1169915904, floatValue: 6000}, def: {intValue: 1229148160, floatValue: 800000}}
[09/01 11:23:39.777213][debug][34756][HostProtocol.cpp:425] Set property value, propertyId=155, value={intValue: 1223959552, floatValue: 500000}
[09/01 11:23:39.779747][debug][34756][PropertyAccessor.cpp:17] set property value success! propertyId: 155, value: {intValue: 1223959552, floatValue: 500000}
[09/01 11:23:39.779784][debug][34756][HostProtocol.cpp:425] Set property value, propertyId=160, value={intValue: 100, floatValue: 1.4013e-43}
[09/01 11:23:39.780687][debug][34756][PropertyAccessor.cpp:17] set property value success! propertyId: 160, value: {intValue: 100, floatValue: 1.4013e-43}
[09/01 11:23:39.780697][debug][34756][HostProtocol.cpp:425] Set property value, propertyId=161, value={intValue: 50, floatValue: 7.00649e-44}
[09/01 11:23:39.781673][debug][34756][PropertyAccessor.cpp:17] set property value success! propertyId: 161, value: {intValue: 50, floatValue: 7.00649e-44}
[09/01 11:23:39.781683][debug][34756][HostProtocol.cpp:425] Set property value, propertyId=164, value={intValue: 0, floatValue: 0}
[09/01 11:23:39.782485][debug][34756][PropertyAccessor.cpp:17] set property value success! propertyId: 164, value: {intValue: 0, floatValue: 0}
[09/01 11:23:39.782493][debug][34756][HostProtocol.cpp:425] Set property value, propertyId=183, value={intValue: 0, floatValue: 0}
[09/01 11:23:39.783530][debug][34756][PropertyAccessor.cpp:17] set property value success! propertyId: 183, value: {intValue: 0, floatValue: 0}
[09/01 11:23:39.783547][debug][34756][HostProtocol.cpp:425] Set property value, propertyId=192, value={intValue: 1, floatValue: 1.4013e-45}
[09/01 11:23:39.840902][debug][34756][PropertyAccessor.cpp:17] set property value success! propertyId: 192, value: {intValue: 1, floatValue: 1.4013e-45}
[09/01 11:23:39.840968][debug][34756][HostProtocol.cpp:425] Set property value, propertyId=157, value={intValue: 0, floatValue: 0}
[09/01 11:23:39.843255][debug][34756][PropertyAccessor.cpp:17] set property value success! propertyId: 157, value: {intValue: 0, floatValue: 0}
[09/01 11:23:39.843289][debug][34756][HostProtocol.cpp:425] Set property value, propertyId=158, value={intValue: 1, floatValue: 1.4013e-45}
[09/01 11:23:39.844920][debug][34756][PropertyAccessor.cpp:17] set property value success! propertyId: 158, value: {intValue: 1, floatValue: 1.4013e-45}
[09/01 11:23:39.844932][debug][34756][HostProtocol.cpp:425] Set property value, propertyId=2026, value={intValue: 2403, floatValue: 3.36732e-42}
[09/01 11:23:39.854594][debug][34756][PropertyAccessor.cpp:17] set property value success! propertyId: 2026, value: {intValue: 2403, floatValue: 3.36732e-42}
[09/01 11:23:39.855942][debug][34756][HostProtocol.cpp:461] get property value success! propertyId=187, cur={intValue: 1, floatValue: 1.4013e-45}, max={intValue: 2, floatValue: 2.8026e-45}, min={intValue: 0, floatValue: 0},def={intValue: 0, floatValue: 0},step={intValue: 1, floatValue: 1.4013e-45}
[09/01 11:23:39.855973][debug][34756][PropertyAccessor.cpp:28] get property value success! propertyId: 187, value: {intValue: 1, floatValue: 1.4013e-45}
[09/01 11:23:39.855995][debug][34756][HostProtocol.cpp:425] Set property value, propertyId=187, value={intValue: 0, floatValue: 0}
[09/01 11:23:39.862582][debug][34756][PropertyAccessor.cpp:17] set property value success! propertyId: 187, value: {intValue: 0, floatValue: 0}
[09/01 11:23:39.862620][debug][34756][HostProtocol.cpp:425] Set property value, propertyId=197, value={intValue: 65535, floatValue: 9.18341e-41}
[09/01 11:23:39.864700][debug][34756][PropertyAccessor.cpp:17] set property value success! propertyId: 197, value: {intValue: 65535, floatValue: 9.18341e-41}
[09/01 11:23:39.864714][debug][34756][HostProtocol.cpp:425] Set property value, propertyId=198, value={intValue: 65535, floatValue: 9.18341e-41}
[09/01 11:23:39.865604][debug][34756][PropertyAccessor.cpp:17] set property value success! propertyId: 198, value: {intValue: 65535, floatValue: 9.18341e-41}
[09/01 11:23:39.865744][debug][34756][Pipeline.cpp:171] Pipeline start() start!
[09/01 11:23:39.865759][debug][34756][FrameProcessingBlockManager.cpp:75]  FrameProcessingBlockManager started, 0 blocks contained!
[09/01 11:23:39.865765][info][34756][Pipeline.cpp:236] Try to start streams!
[09/01 11:23:39.865773][debug][34756][VideoSensor.cpp:529] VideoSensor::start, @OB_SENSOR_IR_LEFT
[09/01 11:23:39.865784][debug][34756][FrameMemoryPool.cpp:31] FrameMemoryPool created!
[09/01 11:23:39.865920][debug][34756][FrameBufferManager.hpp:65] FrameBufferManager created! frame type:class libobsensor::IRLeftFrame, obj addr:0x210f8931aa0, frame obj total size:4.395MB
[09/01 11:23:39.865933][debug][34756][FrameMemoryPool.cpp:59] IRFrame bufferManager created!
[09/01 11:23:39.865947][debug][34756][FrameProcessor.cpp:131] Frame processor active blocks chain update: input ->TurboJpegPrivateDecompressor -> BlockStdDevDecompressor -> FrameMirror -> output
[09/01 11:23:39.865952][debug][34756][FrameProcessor.cpp:143] FrameProcessor started, 5 blocks contained!
[09/01 11:23:39.865963][info][34756][VideoSensor.cpp:617] start OB_SENSOR_IR_LEFT stream with profile: {type: OB_STREAM_IR_LEFT, format: OB_FORMAT_RLE, width: 1920, height: 1200, fps: 40}
[09/01 11:23:39.866674][debug][34756][RTSPStreamPort.cpp:314] ObRTSPClient created! url=rtsp://192.168.193.1:8556/ir_l/1920_1200_40_rle
[09/01 11:23:39.867011][debug][42524][ObUsageEnvironment.cpp:32] ObRTSPClient created! rtspURL = rtsp://192.168.193.1:8556/ir_l/1920_1200_40_rlertsp://192.168.193.1:8556/ir_l/1920_1200_40_rle: Send describe command to get SDP, to create medea session
Created new TCP socket 11772 for connection
Connecting to 192.168.193.1, port 8556 on socket 11772...

[09/01 11:23:39.877950][debug][42524][ObUsageEnvironment.cpp:32] ...remote connection opened
Sending request: DESCRIBE rtsp://192.168.193.1:8556/ir_l/1920_1200_40_rle RTSP/1.0
CSeq: 2
User-Agent: OrbbecSDK (LIVE555 Streaming Media v2022.04.26)
Accept: application/sdp



[09/01 11:23:39.932397][debug][42524][ObUsageEnvironment.cpp:32] Received 650 new bytes of response data.
Received a complete DESCRIBE response:
RTSP/1.0 200 OK
CSeq: 2
Date: Fri, Dec 26 2025 03:56:18 GMT
Content-Base: rtsp://192.168.193.1:8556/ir_l/1920_1200_40_rle/
Content-Type: application/sdp
Content-Length: 469

v=0
o=- 1766721378008277 1 IN IP4 192.168.193.1
s=Session streamed by "testOnDemandRTSPServer"
i=ir_l/1920_1200_40_rle
t=0 0
a=tool:LIVE555 Streaming Media v2022.06.16
a=type:broadcast
a=control:*
a=range:npt=now-
a=x-qt-text-nam:Session streamed by "testOnDemandRTSPServer"
a=x-qt-text-inf:ir_l/1920_1200_40_rle
m=VIDEO 0 RTP/AVP 102
c=IN IP4 0.0.0.0
b=AS:20000
a=rtpmap:102 OB_FMT_RLE/90000
a=fmtp:102;width=1024;height=1024;fps=15;
a=control:track1

[URL:"rtsp://192.168.193.1:8556/ir_l/1920_1200_40_rle/"]: Got a SDP description:
v=0
o=- 1766721378008277 1 IN IP4 192.168.193.1
s=Session streamed by "testOnDemandRTSPServer"
i=ir_l/1920_1200_40_rle
t=0 0
a=tool:LIVE555 Streaming Media v2022.06.16
a=type:broadcast
a=control:*
a=range:npt=now-
a=x-qt-text-nam:Session streamed by "testOnDemandRTSPServer"
a=x-qt-text-inf:ir_l/1920_1200_40_rle
m=VIDEO 0 RTP/AVP 102
c=IN IP4 0.0.0.0
b=AS:20000
a=rtpmap:102 OB_FMT_RLE/90000
a=fmtp:102;width=1024;height=1024;fps=15;
a=control:track1

[09/01 11:23:39.933404][debug][42524][ObUsageEnvironment.cpp:32] 2262357726528Initiated the "VIDEO/OB_FMT_RLE" subsession (client ports 61450-61451)
rtsp://192.168.193.1:8556/ir_l/1920_1200_40_rle/: Setup the "86/79" subsession 
Sending request: SETUP rtsp://192.168.193.1:8556/ir_l/1920_1200_40_rle/track1 RTSP/1.0
CSeq: 3
User-Agent: OrbbecSDK (LIVE555 Streaming Media v2022.04.26)
Transport: RTP/AVP/TCP;unicast;interleaved=0-1



[09/01 11:23:39.960554][debug][42524][ObUsageEnvironment.cpp:32] Received 192 new bytes of response data.
Received a complete SETUP response:
RTSP/1.0 200 OK
CSeq: 3
Date: Fri, Dec 26 2025 03:56:18 GMT
Transport: RTP/AVP/TCP;unicast;destination=192.168.193.135;source=192.168.193.1;interleaved=0-1
Session: F4FA098E;timeout=10


ObRTPSinkClient created! streamId = rtsp://192.168.193.1:8556/ir_l/1920_1200_40_rle/

[09/01 11:23:39.962563][debug][42524][ObUsageEnvironment.cpp:32] [URL:"rtsp://192.168.193.1:8556/ir_l/1920_1200_40_rle/"]: Created a data sink for the "VIDEO/OB_FMT_RLE" subsession
rtsp://192.168.193.1:8556/ir_l/1920_1200_40_rle/: Play! MediaSession=2272607949936, duration=0.000000
Sending request: PLAY rtsp://192.168.193.1:8556/ir_l/1920_1200_40_rle/ RTSP/1.0
CSeq: 4
User-Agent: OrbbecSDK (LIVE555 Streaming Media v2022.04.26)
Session: F4FA098E
Range: npt=0.000-



[09/01 11:23:40.100514][debug][34756][RTSPStreamPort.cpp:264] Stream started!
[09/01 11:23:40.100563][debug][34756][VendorCommand.cpp:468] pauseHeartBeat, current pause count: 0
[09/01 11:23:40.100589][debug][34756][HostProtocol.cpp:425] Set property value, propertyId=89, value={intValue: 0, floatValue: 0}
[09/01 11:23:40.102356][debug][34756][VendorCommand.cpp:468] pauseHeartBeat, current pause count: 1
[09/01 11:23:40.102377][debug][34756][VideoSensor.cpp:672] Stream state changed to STREAM_STATE_STARTING. @OB_SENSOR_IR_LEFT
[09/01 11:23:40.102390][debug][34756][VideoSensor.cpp:674] Stream starting! @OB_SENSOR_IR_LEFT
[09/01 11:23:40.102404][debug][34756][Pipeline.cpp:247] Sensor stream started, sensorType=OB_SENSOR_IR_LEFT
[09/01 11:23:40.102413][debug][34756][VideoSensor.cpp:529] VideoSensor::start, @OB_SENSOR_IR_RIGHT
[09/01 11:23:40.102430][debug][34756][FrameBufferManager.hpp:65] FrameBufferManager created! frame type:class libobsensor::IRRightFrame, obj addr:0x210f892ff20, frame obj total size:4.395MB
[09/01 11:23:40.102435][debug][34756][FrameMemoryPool.cpp:63] IRFrame bufferManager created!
[09/01 11:23:40.102446][debug][34756][FrameProcessor.cpp:131] Frame processor active blocks chain update: input ->TurboJpegPrivateDecompressor -> BlockStdDevDecompressor -> FrameMirror -> output
[09/01 11:23:40.102452][debug][34756][FrameProcessor.cpp:143] FrameProcessor started, 5 blocks contained!
[09/01 11:23:40.102461][info][34756][VideoSensor.cpp:617] start OB_SENSOR_IR_RIGHT stream with profile: {type: OB_STREAM_IR_RIGHT, format: OB_FORMAT_RLE, width: 1920, height: 1200, fps: 40}
[09/01 11:23:40.102494][debug][42524][ObUsageEnvironment.cpp:32] Received a complete PLAY response:
RTSP/1.0 200 OK
CSeq: 4
Date: Fri, Dec 26 2025 03:56:18 GMT
Range: npt=0.000-
Session: F4FA098E
RTP-Info: url=rtsp://192.168.193.1:8556/ir_l/1920_1200_40_rle/track1;seq=29814;rtptime=1489819729


[URL:"rtsp://192.168.193.1:8556/ir_l/1920_1200_40_rle/"]: Started playing session...
ObRTSPClient stream started! rtspURL = rtsp://192.168.193.1:8556/ir_l/1920_1200_40_rle/

[09/01 11:23:40.102551][debug][19016][FrameBufferManager.cpp:35] New frame buffer allocated=4.395MB, total usage: allocated=4.395MB, max limit=2048.000MB
[09/01 11:23:40.102614][debug][19016][VendorCommand.cpp:481] resumeHeartBeat current pause count:1
[09/01 11:23:40.102627][debug][19016][VendorCommand.cpp:481] resumeHeartBeat current pause count:0
[09/01 11:23:40.102666][debug][19016][HostProtocol.cpp:425] Set property value, propertyId=89, value={intValue: 1, floatValue: 1.4013e-45}
[09/01 11:23:40.103070][debug][34756][RTSPStreamPort.cpp:314] ObRTSPClient created! url=rtsp://192.168.193.1:8557/ir_r/1920_1200_40_rle
[09/01 11:23:40.104006][debug][26968][ObUsageEnvironment.cpp:32] ObRTSPClient created! rtspURL = rtsp://192.168.193.1:8557/ir_r/1920_1200_40_rlertsp://192.168.193.1:8557/ir_r/1920_1200_40_rle: Send describe command to get SDP, to create medea session
Created new TCP socket 12124 for connection
Connecting to 192.168.193.1, port 8557 on socket 12124...

[09/01 11:23:40.104748][debug][19016][VideoSensor.cpp:462] Stream state changed to STREAM_STATE_STREAMING. @OB_SENSOR_IR_LEFT
[09/01 11:23:40.106133][debug][19016][FrameProcessingBlock.cpp:59] FrameProcessingBlock@class libobsensor::TurbojpegPrivateDecompressor process thread started!
[09/01 11:23:40.106720][debug][39740][FrameProcessingBlock.cpp:59] FrameProcessingBlock@class libobsensor::BlockStdDevDecompressor process thread started!
[09/01 11:23:40.106890][debug][32716][FrameBufferManager.hpp:65] FrameBufferManager created! frame type:class libobsensor::IRLeftFrame, obj addr:0x210f8931fa0, frame obj total size:2.198MB
[09/01 11:23:40.106903][debug][32716][FrameMemoryPool.cpp:59] IRFrame bufferManager created!
[09/01 11:23:40.106920][debug][32716][FrameBufferManager.cpp:35] New frame buffer allocated=2.198MB, total usage: allocated=6.593MB, max limit=2048.000MB
[09/01 11:23:40.108411][debug][32716][FrameProcessingBlock.cpp:59] FrameProcessingBlock@class libobsensor::FrameMirror process thread started!
[09/01 11:23:40.108440][debug][26348][FrameBufferManager.cpp:35] New frame buffer allocated=2.198MB, total usage: allocated=8.790MB, max limit=2048.000MB
[09/01 11:23:40.109409][debug][26348][FrameBufferManager.hpp:65] FrameBufferManager created! frame type:class libobsensor::FrameSet, obj addr:0x210f89315a0, frame obj total size:0.000MB
[09/01 11:23:40.109419][debug][26348][FrameMemoryPool.cpp:87] Frameset bufferManager created!
[09/01 11:23:40.109436][debug][26348][Pipeline.cpp:267] Frame received on pipeline! type=OB_FRAME_IR_LEFT
[09/01 11:23:40.115549][debug][26968][ObUsageEnvironment.cpp:32] ...remote connection opened
Sending request: DESCRIBE rtsp://192.168.193.1:8557/ir_r/1920_1200_40_rle RTSP/1.0
CSeq: 2
User-Agent: OrbbecSDK (LIVE555 Streaming Media v2022.04.26)
Accept: application/sdp



[09/01 11:23:40.124131][debug][26348][FrameBufferManager.cpp:35] New frame buffer allocated=2.198MB, total usage: allocated=10.988MB, max limit=2048.000MB
[09/01 11:23:40.137516][debug][26968][ObUsageEnvironment.cpp:32] Received 650 new bytes of response data.
Received a complete DESCRIBE response:
RTSP/1.0 200 OK
CSeq: 2
Date: Fri, Dec 26 2025 03:56:18 GMT
Content-Base: rtsp://192.168.193.1:8557/ir_r/1920_1200_40_rle/
Content-Type: application/sdp
Content-Length: 469

v=0
o=- 1766721378010766 1 IN IP4 192.168.193.1
s=Session streamed by "testOnDemandRTSPServer"
i=ir_r/1920_1200_40_rle
t=0 0
a=tool:LIVE555 Streaming Media v2022.06.16
a=type:broadcast
a=control:*
a=range:npt=now-
a=x-qt-text-nam:Session streamed by "testOnDemandRTSPServer"
a=x-qt-text-inf:ir_r/1920_1200_40_rle
m=VIDEO 0 RTP/AVP 103
c=IN IP4 0.0.0.0
b=AS:20000
a=rtpmap:103 OB_FMT_RLE/90000
a=fmtp:103;width=1024;height=1024;fps=15;
a=control:track1

[URL:"rtsp://192.168.193.1:8557/ir_r/1920_1200_40_rle/"]: Got a SDP description:
v=0
o=- 1766721378010766 1 IN IP4 192.168.193.1
s=Session streamed by "testOnDemandRTSPServer"
i=ir_r/1920_1200_40_rle
t=0 0
a=tool:LIVE555 Streaming Media v2022.06.16
a=type:broadcast
a=control:*
a=range:npt=now-
a=x-qt-text-nam:Session streamed by "testOnDemandRTSPServer"
a=x-qt-text-inf:ir_r/1920_1200_40_rle
m=VIDEO 0 RTP/AVP 103
c=IN IP4 0.0.0.0
b=AS:20000
a=rtpmap:103 OB_FMT_RLE/90000
a=fmtp:103;width=1024;height=1024;fps=15;
a=control:track1

[09/01 11:23:40.138529][debug][26968][ObUsageEnvironment.cpp:32] 2262357727392Initiated the "VIDEO/OB_FMT_RLE" subsession (client ports 62072-62073)
rtsp://192.168.193.1:8557/ir_r/1920_1200_40_rle/: Setup the "86/79" subsession 
Sending request: SETUP rtsp://192.168.193.1:8557/ir_r/1920_1200_40_rle/track1 RTSP/1.0
CSeq: 3
User-Agent: OrbbecSDK (LIVE555 Streaming Media v2022.04.26)
Transport: RTP/AVP/TCP;unicast;interleaved=0-1



[09/01 11:23:40.157105][debug][26968][ObUsageEnvironment.cpp:32] Received 192 new bytes of response data.
Received a complete SETUP response:
RTSP/1.0 200 OK
CSeq: 3
Date: Fri, Dec 26 2025 03:56:18 GMT
Transport: RTP/AVP/TCP;unicast;destination=192.168.193.135;source=192.168.193.1;interleaved=0-1
Session: AAC6E248;timeout=10


ObRTPSinkClient created! streamId = rtsp://192.168.193.1:8557/ir_r/1920_1200_40_rle/
[URL:"rtsp://192.168.193.1:8557/ir_r/1920_1200_40_rle/"]: Created a data sink for the "VIDEO/OB_FMT_RLE" subsession
rtsp://192.168.193.1:8557/ir_r/1920_1200_40_rle/: Play! MediaSession=2272607961456, duration=0.000000
Sending request: PLAY rtsp://192.168.193.1:8557/ir_r/1920_1200_40_rle/ RTSP/1.0
CSeq: 4
User-Agent: OrbbecSDK (LIVE555 Streaming Media v2022.04.26)
Session: AAC6E248
Range: npt=0.000-



[09/01 11:23:40.255555][debug][34756][RTSPStreamPort.cpp:264] Stream started!
[09/01 11:23:40.255620][debug][34756][VendorCommand.cpp:468] pauseHeartBeat, current pause count: 0
[09/01 11:23:40.255659][debug][34756][HostProtocol.cpp:425] Set property value, propertyId=89, value={intValue: 0, floatValue: 0}
[09/01 11:23:40.255688][debug][26968][ObUsageEnvironment.cpp:32] Received a complete PLAY response:
RTSP/1.0 200 OK
CSeq: 4
Date: Fri, Dec 26 2025 03:56:18 GMT
Range: npt=0.000-
Session: AAC6E248
RTP-Info: url=rtsp://192.168.193.1:8557/ir_r/1920_1200_40_rle/track1;seq=43692;rtptime=1489819884


[URL:"rtsp://192.168.193.1:8557/ir_r/1920_1200_40_rle/"]: Started playing session...
ObRTSPClient stream started! rtspURL = rtsp://192.168.193.1:8557/ir_r/1920_1200_40_rle/

[09/01 11:23:40.258931][debug][34756][VendorCommand.cpp:468] pauseHeartBeat, current pause count: 1
[09/01 11:23:40.258948][debug][34756][VideoSensor.cpp:672] Stream state changed to STREAM_STATE_STARTING. @OB_SENSOR_IR_RIGHT
[09/01 11:23:40.258954][debug][34756][VideoSensor.cpp:674] Stream starting! @OB_SENSOR_IR_RIGHT
[09/01 11:23:40.258960][debug][34756][Pipeline.cpp:247] Sensor stream started, sensorType=OB_SENSOR_IR_RIGHT
[09/01 11:23:40.258965][info][34756][Pipeline.cpp:249] Start streams done!
[09/01 11:23:40.258975][info][34756][Pipeline.cpp:232] Pipeline start done!
[09/01 11:23:40.259004][debug][34756][HostProtocol.cpp:425] Set property value, propertyId=2022, value={intValue: 8, floatValue: 1.12104e-44}
[09/01 11:23:40.259129][debug][38268][FrameBufferManager.cpp:35] New frame buffer allocated=4.395MB, total usage: allocated=15.383MB, max limit=2048.000MB
[09/01 11:23:40.263727][debug][34756][HostProtocol.cpp:425] Set property value, propertyId=2024, value={intValue: 2, floatValue: 2.8026e-45}
[09/01 11:23:40.265459][debug][38268][VendorCommand.cpp:481] resumeHeartBeat current pause count:1
[09/01 11:23:40.265481][debug][38268][VendorCommand.cpp:481] resumeHeartBeat current pause count:0
[09/01 11:23:40.265463][debug][34756][FrameProcessor.cpp:131] Frame processor active blocks chain update: input ->IMUFrameTransformer -> output
[09/01 11:23:40.265523][debug][34756][FrameProcessor.cpp:143] FrameProcessor started, 1 blocks contained!
[09/01 11:23:40.265497][debug][38268][HostProtocol.cpp:425] Set property value, propertyId=89, value={intValue: 1, floatValue: 1.4013e-45}
[09/01 11:23:40.265549][debug][34756][FrameBufferManager.hpp:65] FrameBufferManager created! frame type:class libobsensor::AccelFrame, obj addr:0x210f8931f00, frame obj total size:0.000MB
[09/01 11:23:40.265567][debug][34756][FrameMemoryPool.cpp:79] AccelFrame bufferManager created!
[09/01 11:23:40.265574][debug][34756][NetDataStreamPort.cpp:52] NetDataStreamPort::addWatcher start
[09/01 11:23:40.265580][debug][34756][NetDataStreamPort.cpp:64] NetDataStreamPort::addWatcher done
[09/01 11:23:40.268358][debug][38268][VideoSensor.cpp:462] Stream state changed to STREAM_STATE_STREAMING. @OB_SENSOR_IR_RIGHT
[09/01 11:23:40.268380][debug][34756][HostProtocol.cpp:425] Set property value, propertyId=2020, value={intValue: 1, floatValue: 1.4013e-45}
[09/01 11:23:40.268938][debug][38268][FrameProcessingBlock.cpp:59] FrameProcessingBlock@class libobsensor::TurbojpegPrivateDecompressor process thread started!
[09/01 11:23:40.269319][debug][40252][FrameProcessingBlock.cpp:59] FrameProcessingBlock@class libobsensor::BlockStdDevDecompressor process thread started!
[09/01 11:23:40.269346][debug][27216][FrameBufferManager.hpp:65] FrameBufferManager created! frame type:class libobsensor::IRRightFrame, obj addr:0x210f892fb60, frame obj total size:2.198MB
[09/01 11:23:40.269361][debug][27216][FrameMemoryPool.cpp:63] IRFrame bufferManager created!
[09/01 11:23:40.269378][debug][27216][FrameBufferManager.cpp:35] New frame buffer allocated=2.198MB, total usage: allocated=17.581MB, max limit=2048.000MB
[09/01 11:23:40.270913][debug][27216][FrameProcessingBlock.cpp:59] FrameProcessingBlock@class libobsensor::FrameMirror process thread started!
[09/01 11:23:40.270956][debug][18436][FrameBufferManager.cpp:35] New frame buffer allocated=2.198MB, total usage: allocated=19.779MB, max limit=2048.000MB
[09/01 11:23:40.271835][debug][34756][HostProtocol.cpp:425] Set property value, propertyId=3, value={intValue: 0, floatValue: 0}
[09/01 11:23:40.271978][debug][18436][FrameBufferManager.cpp:35] New frame buffer allocated=0.000MB, total usage: allocated=19.779MB, max limit=2048.000MB
[09/01 11:23:40.272003][debug][18436][FrameBufferManager.cpp:35] New frame buffer allocated=0.000MB, total usage: allocated=19.779MB, max limit=2048.000MB
[09/01 11:23:40.272015][debug][18436][Pipeline.cpp:267] Frame received on pipeline! type=OB_FRAME_IR_RIGHT
[09/01 11:23:40.274543][debug][34756][PropertyAccessor.cpp:17] set property value success! propertyId: 3, value: {intValue: 0, floatValue: 0}
[09/01 11:23:40.274564][debug][34756][HostProtocol.cpp:425] Set property value, propertyId=152, value={intValue: 0, floatValue: 0}
[09/01 11:23:40.276305][debug][26348][FrameBufferManager.cpp:35] New frame buffer allocated=2.198MB, total usage: allocated=21.977MB, max limit=2048.000MB
[09/01 11:23:40.276692][debug][18436][FrameBufferManager.cpp:35] New frame buffer allocated=2.198MB, total usage: allocated=24.174MB, max limit=2048.000MB
[09/01 11:23:40.277294][debug][26348][FrameBufferManager.cpp:35] New frame buffer allocated=0.000MB, total usage: allocated=24.175MB, max limit=2048.000MB
[09/01 11:23:40.277831][debug][18436][FrameBufferManager.cpp:35] New frame buffer allocated=0.000MB, total usage: allocated=24.175MB, max limit=2048.000MB
[09/01 11:23:40.278146][debug][34756][PropertyAccessor.cpp:17] set property value success! propertyId: 152, value: {intValue: 0, floatValue: 0}
[09/01 11:23:40.278159][debug][34756][HostProtocol.cpp:425] Set property value, propertyId=153, value={intValue: 0, floatValue: 0}
[09/01 11:23:40.286197][debug][34756][PropertyAccessor.cpp:17] set property value success! propertyId: 153, value: {intValue: 0, floatValue: 0}
[09/01 11:23:40.286224][debug][34756][HostProtocol.cpp:425] Set property value, propertyId=151, value={intValue: 1, floatValue: 1.4013e-45}
[09/01 11:23:40.288376][debug][34756][PropertyAccessor.cpp:17] set property value success! propertyId: 151, value: {intValue: 1, floatValue: 1.4013e-45}
[09/01 11:23:40.289850][debug][34756][PropertyAccessor.cpp:71] get cmd version success! propertyId: 4026, version: 1
[09/01 11:23:40.289875][debug][34756][VendorCommand.cpp:468] pauseHeartBeat, current pause count: 0
[09/01 11:23:40.289890][debug][34756][HostProtocol.cpp:425] Set property value, propertyId=89, value={intValue: 0, floatValue: 0}
[09/01 11:23:40.297957][debug][34756][VendorCommand.cpp:481] resumeHeartBeat current pause count:0
[09/01 11:23:40.298017][debug][34756][HostProtocol.cpp:425] Set property value, propertyId=89, value={intValue: 1, floatValue: 1.4013e-45}
[09/01 11:23:40.302831][debug][34756][PropertyAccessor.cpp:93] get struct data list success! propertyId: 4026, async: false
[09/01 11:23:40.303610][debug][26348][FrameBufferManager.cpp:35] New frame buffer allocated=2.198MB, total usage: allocated=26.373MB, max limit=2048.000MB
[09/01 11:23:40.303747][debug][18436][FrameBufferManager.cpp:35] New frame buffer allocated=2.198MB, total usage: allocated=28.570MB, max limit=2048.000MB
[09/01 11:23:40.304799][debug][18436][FrameBufferManager.cpp:35] New frame buffer allocated=0.000MB, total usage: allocated=28.571MB, max limit=2048.000MB
[09/01 11:23:40.306274][debug][34756][PropertyAccessor.cpp:71] get cmd version success! propertyId: 4024, version: 0
[09/01 11:23:40.306299][debug][34756][VendorCommand.cpp:468] pauseHeartBeat, current pause count: 0
[09/01 11:23:40.306323][debug][34756][HostProtocol.cpp:425] Set property value, propertyId=89, value={intValue: 0, floatValue: 0}
[09/01 11:23:40.315212][debug][34756][VendorCommand.cpp:481] resumeHeartBeat current pause count:0
[09/01 11:23:40.315252][debug][34756][HostProtocol.cpp:425] Set property value, propertyId=89, value={intValue: 1, floatValue: 1.4013e-45}
[09/01 11:23:40.316527][debug][34756][PropertyAccessor.cpp:93] get struct data list success! propertyId: 4024, async: false
[09/01 11:23:40.316535][debug][34756][InternalMultiDataType.cpp:88] createDataDeserializer from Generate failed. return an uint8_t data deserializer. propertyId: 4024, cmdVersion:0 
[09/01 11:23:40.316597][debug][34756][HostProtocol.cpp:29] onStart readFlash
[09/01 11:23:40.316603][debug][34756][VendorCommand.cpp:468] pauseHeartBeat, current pause count: 0
[09/01 11:23:40.316613][debug][34756][HostProtocol.cpp:425] Set property value, propertyId=89, value={intValue: 0, floatValue: 0}
[09/01 11:23:40.318309][debug][35828][FrameBufferManager.cpp:35] New frame buffer allocated=0.000MB, total usage: allocated=28.571MB, max limit=2048.000MB
[09/01 11:23:40.318340][debug][35828][FrameBufferManager.cpp:35] New frame buffer allocated=0.000MB, total usage: allocated=28.571MB, max limit=2048.000MB
[09/01 11:23:40.318926][debug][33528][FrameProcessingBlock.cpp:59] FrameProcessingBlock@class libobsensor::IMUFrameTransformer process thread started!
[09/01 11:23:40.326542][debug][18436][FrameBufferManager.cpp:35] New frame buffer allocated=2.198MB, total usage: allocated=30.769MB, max limit=2048.000MB
[09/01 11:23:40.327019][debug][26348][FrameBufferManager.cpp:35] New frame buffer allocated=2.198MB, total usage: allocated=32.966MB, max limit=2048.000MB
[09/01 11:23:40.327072][debug][35828][FrameBufferManager.cpp:35] New frame buffer allocated=0.000MB, total usage: allocated=32.967MB, max limit=2048.000MB
[09/01 11:23:40.328034][debug][26348][FrameBufferManager.cpp:35] New frame buffer allocated=0.000MB, total usage: allocated=32.967MB, max limit=2048.000MB
[09/01 11:23:40.353886][debug][18436][FrameBufferManager.cpp:35] New frame buffer allocated=2.198MB, total usage: allocated=35.164MB, max limit=2048.000MB
[09/01 11:23:40.353946][debug][26348][FrameBufferManager.cpp:35] New frame buffer allocated=2.198MB, total usage: allocated=37.362MB, max limit=2048.000MB
[09/01 11:23:40.355071][debug][26348][FrameBufferManager.cpp:35] New frame buffer allocated=0.000MB, total usage: allocated=37.362MB, max limit=2048.000MB
[09/01 11:23:40.376150][debug][34756][HostProtocol.cpp:53] onFinish readFlash
[09/01 11:23:40.376193][debug][34756][VendorCommand.cpp:481] resumeHeartBeat current pause count:0
[09/01 11:23:40.376234][debug][34756][HostProtocol.cpp:425] Set property value, propertyId=89, value={intValue: 1, floatValue: 1.4013e-45}
[09/01 11:23:40.376283][debug][35828][FrameBufferManager.cpp:35] New frame buffer allocated=0.000MB, total usage: allocated=37.363MB, max limit=2048.000MB
[09/01 11:23:40.376348][debug][35828][FrameBufferManager.cpp:35] New frame buffer allocated=0.000MB, total usage: allocated=37.363MB, max limit=2048.000MB
[09/01 11:23:40.376365][debug][35828][FrameBufferManager.cpp:35] New frame buffer allocated=0.000MB, total usage: allocated=37.363MB, max limit=2048.000MB
[09/01 11:23:40.376400][debug][35828][FrameBufferManager.cpp:35] New frame buffer allocated=0.000MB, total usage: allocated=37.363MB, max limit=2048.000MB
[09/01 11:23:40.376418][debug][35828][FrameBufferManager.cpp:35] New frame buffer allocated=0.000MB, total usage: allocated=37.363MB, max limit=2048.000MB
[09/01 11:23:40.376453][debug][35828][FrameBufferManager.cpp:35] New frame buffer allocated=0.000MB, total usage: allocated=37.364MB, max limit=2048.000MB
[09/01 11:23:40.376468][debug][35828][FrameBufferManager.cpp:35] New frame buffer allocated=0.000MB, total usage: allocated=37.364MB, max limit=2048.000MB
[09/01 11:23:40.384097][debug][34756][HostProtocol.cpp:29] onStart readFlash
[09/01 11:23:40.384105][debug][34756][VendorCommand.cpp:468] pauseHeartBeat, current pause count: 0
[09/01 11:23:40.384116][debug][34756][HostProtocol.cpp:425] Set property value, propertyId=89, value={intValue: 0, floatValue: 0}
[09/01 11:23:40.385023][debug][18436][FrameBufferManager.cpp:35] New frame buffer allocated=2.198MB, total usage: allocated=39.561MB, max limit=2048.000MB
[09/01 11:23:40.385061][debug][26348][FrameBufferManager.cpp:35] New frame buffer allocated=2.198MB, total usage: allocated=41.759MB, max limit=2048.000MB
[09/01 11:23:40.386408][debug][26348][FrameBufferManager.cpp:35] New frame buffer allocated=0.000MB, total usage: allocated=41.759MB, max limit=2048.000MB
[09/01 11:23:40.403870][debug][18436][FrameBufferManager.cpp:35] New frame buffer allocated=2.198MB, total usage: allocated=43.957MB, max limit=2048.000MB
[09/01 11:23:40.405697][debug][26348][FrameBufferManager.cpp:35] New frame buffer allocated=2.198MB, total usage: allocated=46.155MB, max limit=2048.000MB
[09/01 11:23:40.406696][debug][26348][FrameBufferManager.cpp:35] New frame buffer allocated=0.000MB, total usage: allocated=46.155MB, max limit=2048.000MB
[09/01 11:23:40.427148][debug][18436][FrameBufferManager.cpp:35] New frame buffer allocated=2.198MB, total usage: allocated=48.353MB, max limit=2048.000MB
[09/01 11:23:40.429916][debug][26348][FrameBufferManager.cpp:35] New frame buffer allocated=2.198MB, total usage: allocated=50.550MB, max limit=2048.000MB
[09/01 11:23:40.430322][debug][34756][HostProtocol.cpp:53] onFinish readFlash
[09/01 11:23:40.430363][debug][34756][VendorCommand.cpp:481] resumeHeartBeat current pause count:0
[09/01 11:23:40.430393][debug][34756][HostProtocol.cpp:425] Set property value, propertyId=89, value={intValue: 1, floatValue: 1.4013e-45}
[09/01 11:23:40.431016][debug][26348][FrameBufferManager.cpp:35] New frame buffer allocated=0.000MB, total usage: allocated=50.551MB, max limit=2048.000MB
[09/01 11:23:40.449433][debug][18436][FrameBufferManager.cpp:35] New frame buffer allocated=2.198MB, total usage: allocated=52.748MB, max limit=2048.000MB
[09/01 11:23:40.449490][debug][26348][FrameBufferManager.cpp:35] New frame buffer allocated=2.198MB, total usage: allocated=54.946MB, max limit=2048.000MB
[09/01 11:23:40.450837][debug][26348][FrameBufferManager.cpp:35] New frame buffer allocated=0.000MB, total usage: allocated=54.946MB, max limit=2048.000MB
[09/01 11:23:40.451008][warning][26348][Pipeline.cpp:289] Pipeline source frameset queue fulled, drop the oldest frame!
[09/01 11:23:40.482683][debug][18436][FrameBufferManager.cpp:35] New frame buffer allocated=2.198MB, total usage: allocated=57.144MB, max limit=2048.000MB
[09/01 11:23:40.498633][debug][18436][FrameBufferManager.cpp:35] New frame buffer allocated=2.198MB, total usage: allocated=59.342MB, max limit=2048.000MB
[09/01 11:23:40.526621][debug][26348][FrameBufferManager.cpp:35] New frame buffer allocated=2.198MB, total usage: allocated=61.539MB, max limit=2048.000MB
[09/01 11:23:40.697926][debug][27216][FrameBufferManager.cpp:35] New frame buffer allocated=2.198MB, total usage: allocated=63.737MB, max limit=2048.000MB
[09/01 11:23:40.842458][debug][34756][HostProtocol.cpp:461] get property value success! propertyId=2026, cur={intValue: 2403, floatValue: 3.36732e-42}, max={intValue: 3000, floatValue: 4.2039e-42}, min={intValue: 100, floatValue: 1.4013e-43},def={intValue: 3000, floatValue: 4.2039e-42},step={intValue: 1, floatValue: 1.4013e-45}
[09/01 11:23:40.842504][debug][34756][PropertyAccessor.cpp:34] get property value range success! propertyId: 2026, range: {max: {intValue: 3000, floatValue: 4.2039e-42}, min: {intValue: 100, floatValue: 1.4013e-43}, step: {intValue: 1, floatValue: 1.4013e-45}, def: {intValue: 3000, floatValue: 4.2039e-42}}
[09/01 11:23:40.852540][debug][34756][HostProtocol.cpp:461] get property value success! propertyId=2027, cur={intValue: 1000, floatValue: 1.4013e-42}, max={intValue: 15000, floatValue: 2.10195e-41}, min={intValue: 1000, floatValue: 1.4013e-42},def={intValue: 1000, floatValue: 1.4013e-42},step={intValue: 100, floatValue: 1.4013e-43}
[09/01 11:23:40.852593][debug][34756][PropertyAccessor.cpp:34] get property value range success! propertyId: 2027, range: {max: {intValue: 15000, floatValue: 2.10195e-41}, min: {intValue: 1000, floatValue: 1.4013e-42}, step: {intValue: 100, floatValue: 1.4013e-43}, def: {intValue: 1000, floatValue: 1.4013e-42}}
[09/01 11:23:40.865971][debug][34756][HostProtocol.cpp:461] get property value success! propertyId=2026, cur={intValue: 2403, floatValue: 3.36732e-42}, max={intValue: 3000, floatValue: 4.2039e-42}, min={intValue: 100, floatValue: 1.4013e-43},def={intValue: 3000, floatValue: 4.2039e-42},step={intValue: 1, floatValue: 1.4013e-45}
[09/01 11:23:40.866003][debug][34756][PropertyAccessor.cpp:34] get property value range success! propertyId: 2026, range: {max: {intValue: 3000, floatValue: 4.2039e-42}, min: {intValue: 100, floatValue: 1.4013e-43}, step: {intValue: 1, floatValue: 1.4013e-45}, def: {intValue: 3000, floatValue: 4.2039e-42}}
[09/01 11:23:40.874320][debug][34756][HostProtocol.cpp:461] get property value success! propertyId=2027, cur={intValue: 1000, floatValue: 1.4013e-42}, max={intValue: 15000, floatValue: 2.10195e-41}, min={intValue: 1000, floatValue: 1.4013e-42},def={intValue: 1000, floatValue: 1.4013e-42},step={intValue: 100, floatValue: 1.4013e-43}
[09/01 11:23:40.874349][debug][34756][PropertyAccessor.cpp:34] get property value range success! propertyId: 2027, range: {max: {intValue: 15000, floatValue: 2.10195e-41}, min: {intValue: 1000, floatValue: 1.4013e-42}, step: {intValue: 100, floatValue: 1.4013e-43}, def: {intValue: 1000, floatValue: 1.4013e-42}}
[09/01 11:23:40.874373][debug][34756][HostProtocol.cpp:425] Set property value, propertyId=151, value={intValue: 1, floatValue: 1.4013e-45}
[09/01 11:23:40.883809][debug][34756][PropertyAccessor.cpp:17] set property value success! propertyId: 151, value: {intValue: 1, floatValue: 1.4013e-45}
[09/01 11:23:40.917187][debug][38932][HostProtocol.cpp:461] get property value success! propertyId=2027, cur={intValue: 1000, floatValue: 1.4013e-42}, max={intValue: 15000, floatValue: 2.10195e-41}, min={intValue: 1000, floatValue: 1.4013e-42},def={intValue: 1000, floatValue: 1.4013e-42},step={intValue: 100, floatValue: 1.4013e-43}
[09/01 11:23:40.917233][debug][38932][PropertyAccessor.cpp:28] get property value success! propertyId: 2027, value: {intValue: 1000, floatValue: 1.4013e-42}
[09/01 11:23:40.921765][debug][38932][HostProtocol.cpp:461] get property value success! propertyId=2025, cur={intValue: 0, floatValue: 0}, max={intValue: 1, floatValue: 1.4013e-45}, min={intValue: 0, floatValue: 0},def={intValue: 1, floatValue: 1.4013e-45},step={intValue: 1, floatValue: 1.4013e-45}
[09/01 11:23:40.921811][debug][38932][PropertyAccessor.cpp:28] get property value success! propertyId: 2025, value: {intValue: 0, floatValue: 0}
[09/01 11:23:40.929581][debug][38932][HostProtocol.cpp:461] get property value success! propertyId=2026, cur={intValue: 2403, floatValue: 3.36732e-42}, max={intValue: 3000, floatValue: 4.2039e-42}, min={intValue: 100, floatValue: 1.4013e-43},def={intValue: 3000, floatValue: 4.2039e-42},step={intValue: 1, floatValue: 1.4013e-45}
[09/01 11:23:40.929606][debug][38932][PropertyAccessor.cpp:34] get property value range success! propertyId: 2026, range: {max: {intValue: 3000, floatValue: 4.2039e-42}, min: {intValue: 100, floatValue: 1.4013e-43}, step: {intValue: 1, floatValue: 1.4013e-45}, def: {intValue: 3000, floatValue: 4.2039e-42}}
[09/01 11:23:40.941747][debug][38932][HostProtocol.cpp:461] get property value success! propertyId=2027, cur={intValue: 1000, floatValue: 1.4013e-42}, max={intValue: 15000, floatValue: 2.10195e-41}, min={intValue: 1000, floatValue: 1.4013e-42},def={intValue: 1000, floatValue: 1.4013e-42},step={intValue: 100, floatValue: 1.4013e-43}
[09/01 11:23:40.941782][debug][38932][PropertyAccessor.cpp:34] get property value range success! propertyId: 2027, range: {max: {intValue: 15000, floatValue: 2.10195e-41}, min: {intValue: 1000, floatValue: 1.4013e-42}, step: {intValue: 100, floatValue: 1.4013e-43}, def: {intValue: 1000, floatValue: 1.4013e-42}}
[09/01 11:23:40.941815][debug][35996][HostProtocol.cpp:425] Set property value, propertyId=183, value={intValue: 1, floatValue: 1.4013e-45}
[09/01 11:23:40.943599][debug][35996][PropertyAccessor.cpp:17] set property value success! propertyId: 183, value: {intValue: 1, floatValue: 1.4013e-45}
[09/01 11:23:40.965081][debug][38932][HostProtocol.cpp:461] get property value success! propertyId=2026, cur={intValue: 2403, floatValue: 3.36732e-42}, max={intValue: 3000, floatValue: 4.2039e-42}, min={intValue: 100, floatValue: 1.4013e-43},def={intValue: 3000, floatValue: 4.2039e-42},step={intValue: 1, floatValue: 1.4013e-45}
[09/01 11:23:40.965126][debug][38932][PropertyAccessor.cpp:28] get property value success! propertyId: 2026, value: {intValue: 2403, floatValue: 3.36732e-42}
[09/01 11:23:40.965161][debug][35996][HostProtocol.cpp:425] Set property value, propertyId=164, value={intValue: 5, floatValue: 7.00649e-45}
[09/01 11:23:40.969041][debug][35996][PropertyAccessor.cpp:17] set property value success! propertyId: 164, value: {intValue: 5, floatValue: 7.00649e-45}
[09/01 11:23:40.988756][debug][38932][HostProtocol.cpp:461] get property value success! propertyId=2027, cur={intValue: 1000, floatValue: 1.4013e-42}, max={intValue: 15000, floatValue: 2.10195e-41}, min={intValue: 1000, floatValue: 1.4013e-42},def={intValue: 1000, floatValue: 1.4013e-42},step={intValue: 100, floatValue: 1.4013e-43}
[09/01 11:23:40.988793][debug][38932][PropertyAccessor.cpp:28] get property value success! propertyId: 2027, value: {intValue: 1000, floatValue: 1.4013e-42}
[09/01 11:23:40.990479][debug][38932][HostProtocol.cpp:461] get property value success! propertyId=5, cur={intValue: 1195593728, floatValue: 50000}, max={intValue: 1205262336, floatValue: 110000}, min={intValue: 1188229120, floatValue: 27000},def={intValue: 1195593728, floatValue: 50000},step={intValue: 1169915904, floatValue: 6000}
[09/01 11:23:40.990509][debug][38932][PropertyAccessor.cpp:28] get property value success! propertyId: 5, value: {intValue: 1195593728, floatValue: 50000}
[09/01 11:23:40.992671][debug][38932][HostProtocol.cpp:461] get property value success! propertyId=154, cur={intValue: 1223959552, floatValue: 500000}, max={intValue: 1236736768, floatValue: 1.5e+06}, min={intValue: 1203982336, floatValue: 100000},def={intValue: 1229148160, floatValue: 800000},step={intValue: 1169915904, floatValue: 6000}
[09/01 11:23:40.992699][debug][38932][PropertyAccessor.cpp:28] get property value success! propertyId: 154, value: {intValue: 1223959552, floatValue: 500000}
[09/01 11:23:40.995082][debug][38932][HostProtocol.cpp:461] get property value success! propertyId=155, cur={intValue: 1223959552, floatValue: 500000}, max={intValue: 1236736768, floatValue: 1.5e+06}, min={intValue: 1203982336, floatValue: 100000},def={intValue: 1229148160, floatValue: 800000},step={intValue: 1169915904, floatValue: 6000}
[09/01 11:23:40.995093][debug][38932][PropertyAccessor.cpp:28] get property value success! propertyId: 155, value: {intValue: 1223959552, floatValue: 500000}
[09/01 11:23:41.001037][error][38932][HostProtocol.cpp:470] get property value failed! propertyId: 240, rc:{statusCode: 9, respErrorCode: 2, msg: }
[09/01 11:23:41.001059][warning][38932][ObException.hpp:40] Request failed, device response with error, errorCode: 2, msg: 
[09/01 11:23:41.006029][error][38932][HostProtocol.cpp:470] get property value failed! propertyId: 240, rc:{statusCode: 9, respErrorCode: 2, msg: }
[09/01 11:23:41.006069][warning][38932][ObException.hpp:40] Request failed, device response with error, errorCode: 2, msg: 
[09/01 11:23:41.011176][debug][38932][HostProtocol.cpp:461] get property value success! propertyId=160, cur={intValue: 100, floatValue: 1.4013e-43}, max={intValue: 100, floatValue: 1.4013e-43}, min={intValue: 0, floatValue: 0},def={intValue: 50, floatValue: 7.00649e-44},step={intValue: 1, floatValue: 1.4013e-45}
[09/01 11:23:41.011208][debug][38932][PropertyAccessor.cpp:28] get property value success! propertyId: 160, value: {intValue: 100, floatValue: 1.4013e-43}
[09/01 11:23:41.014261][debug][38932][HostProtocol.cpp:461] get property value success! propertyId=160, cur={intValue: 100, floatValue: 1.4013e-43}, max={intValue: 100, floatValue: 1.4013e-43}, min={intValue: 0, floatValue: 0},def={intValue: 50, floatValue: 7.00649e-44},step={intValue: 1, floatValue: 1.4013e-45}
[09/01 11:23:41.014307][debug][38932][PropertyAccessor.cpp:28] get property value success! propertyId: 160, value: {intValue: 100, floatValue: 1.4013e-43}
[09/01 11:23:41.019353][debug][38932][HostProtocol.cpp:461] get property value success! propertyId=161, cur={intValue: 50, floatValue: 7.00649e-44}, max={intValue: 100, floatValue: 1.4013e-43}, min={intValue: 0, floatValue: 0},def={intValue: 50, floatValue: 7.00649e-44},step={intValue: 1, floatValue: 1.4013e-45}
[09/01 11:23:41.019393][debug][38932][PropertyAccessor.cpp:28] get property value success! propertyId: 161, value: {intValue: 50, floatValue: 7.00649e-44}
[09/01 11:23:41.022517][debug][38932][HostProtocol.cpp:461] get property value success! propertyId=154, cur={intValue: 1223959552, floatValue: 500000}, max={intValue: 1236736768, floatValue: 1.5e+06}, min={intValue: 1203982336, floatValue: 100000},def={intValue: 1229148160, floatValue: 800000},step={intValue: 1169915904, floatValue: 6000}
[09/01 11:23:41.022543][debug][38932][PropertyAccessor.cpp:34] get property value range success! propertyId: 154, range: {max: {intValue: 1236736768, floatValue: 1.5e+06}, min: {intValue: 1203982336, floatValue: 100000}, step: {intValue: 1169915904, floatValue: 6000}, def: {intValue: 1229148160, floatValue: 800000}}
[09/01 11:23:41.022556][debug][38932][HostProtocol.cpp:425] Set property value, propertyId=154, value={intValue: 1223959552, floatValue: 500000}
[09/01 11:23:41.026359][debug][38932][PropertyAccessor.cpp:17] set property value success! propertyId: 154, value: {intValue: 1223959552, floatValue: 500000}
[09/01 11:23:41.030620][debug][38932][HostProtocol.cpp:461] get property value success! propertyId=155, cur={intValue: 1223959552, floatValue: 500000}, max={intValue: 1236736768, floatValue: 1.5e+06}, min={intValue: 1203982336, floatValue: 100000},def={intValue: 1229148160, floatValue: 800000},step={intValue: 1169915904, floatValue: 6000}
[09/01 11:23:41.030658][debug][38932][PropertyAccessor.cpp:34] get property value range success! propertyId: 155, range: {max: {intValue: 1236736768, floatValue: 1.5e+06}, min: {intValue: 1203982336, floatValue: 100000}, step: {intValue: 1169915904, floatValue: 6000}, def: {intValue: 1229148160, floatValue: 800000}}
[09/01 11:23:41.030672][debug][38932][HostProtocol.cpp:425] Set property value, propertyId=155, value={intValue: 1223959552, floatValue: 500000}
[09/01 11:23:41.036779][debug][38932][PropertyAccessor.cpp:17] set property value success! propertyId: 155, value: {intValue: 1223959552, floatValue: 500000}
[09/01 11:23:41.039119][debug][38932][HostProtocol.cpp:461] get property value success! propertyId=2026, cur={intValue: 2403, floatValue: 3.36732e-42}, max={intValue: 3000, floatValue: 4.2039e-42}, min={intValue: 100, floatValue: 1.4013e-43},def={intValue: 3000, floatValue: 4.2039e-42},step={intValue: 1, floatValue: 1.4013e-45}
[09/01 11:23:41.039139][debug][38932][PropertyAccessor.cpp:28] get property value success! propertyId: 2026, value: {intValue: 2403, floatValue: 3.36732e-42}
[09/01 11:23:41.050229][debug][38932][HostProtocol.cpp:461] get property value success! propertyId=2027, cur={intValue: 1000, floatValue: 1.4013e-42}, max={intValue: 15000, floatValue: 2.10195e-41}, min={intValue: 1000, floatValue: 1.4013e-42},def={intValue: 1000, floatValue: 1.4013e-42},step={intValue: 100, floatValue: 1.4013e-43}
[09/01 11:23:41.050255][debug][38932][PropertyAccessor.cpp:28] get property value success! propertyId: 2027, value: {intValue: 1000, floatValue: 1.4013e-42}
[09/01 11:23:41.061795][debug][38932][HostProtocol.cpp:461] get property value success! propertyId=5, cur={intValue: 1195593728, floatValue: 50000}, max={intValue: 1205262336, floatValue: 110000}, min={intValue: 1188229120, floatValue: 27000},def={intValue: 1195593728, floatValue: 50000},step={intValue: 1169915904, floatValue: 6000}
[09/01 11:23:41.061817][debug][38932][PropertyAccessor.cpp:28] get property value success! propertyId: 5, value: {intValue: 1195593728, floatValue: 50000}
[09/01 11:23:41.064327][debug][38932][HostProtocol.cpp:461] get property value success! propertyId=154, cur={intValue: 1223959552, floatValue: 500000}, max={intValue: 1236736768, floatValue: 1.5e+06}, min={intValue: 1203982336, floatValue: 100000},def={intValue: 1229148160, floatValue: 800000},step={intValue: 1169915904, floatValue: 6000}
[09/01 11:23:41.064376][debug][38932][PropertyAccessor.cpp:28] get property value success! propertyId: 154, value: {intValue: 1223959552, floatValue: 500000}
[09/01 11:23:41.068973][debug][38932][HostProtocol.cpp:461] get property value success! propertyId=155, cur={intValue: 1223959552, floatValue: 500000}, max={intValue: 1236736768, floatValue: 1.5e+06}, min={intValue: 1203982336, floatValue: 100000},def={intValue: 1229148160, floatValue: 800000},step={intValue: 1169915904, floatValue: 6000}
[09/01 11:23:41.069004][debug][38932][PropertyAccessor.cpp:28] get property value success! propertyId: 155, value: {intValue: 1223959552, floatValue: 500000}
[09/01 11:23:41.073407][error][38932][HostProtocol.cpp:470] get property value failed! propertyId: 240, rc:{statusCode: 9, respErrorCode: 2, msg: }
[09/01 11:23:41.073432][warning][38932][ObException.hpp:40] Request failed, device response with error, errorCode: 2, msg: 
[09/01 11:23:41.076257][error][38932][HostProtocol.cpp:470] get property value failed! propertyId: 240, rc:{statusCode: 9, respErrorCode: 2, msg: }
[09/01 11:23:41.076277][warning][38932][ObException.hpp:40] Request failed, device response with error, errorCode: 2, msg: 
[09/01 11:23:41.078964][debug][38932][HostProtocol.cpp:461] get property value success! propertyId=160, cur={intValue: 100, floatValue: 1.4013e-43}, max={intValue: 100, floatValue: 1.4013e-43}, min={intValue: 0, floatValue: 0},def={intValue: 50, floatValue: 7.00649e-44},step={intValue: 1, floatValue: 1.4013e-45}
[09/01 11:23:41.078994][debug][38932][PropertyAccessor.cpp:28] get property value success! propertyId: 160, value: {intValue: 100, floatValue: 1.4013e-43}
[09/01 11:23:41.092248][debug][38932][HostProtocol.cpp:461] get property value success! propertyId=160, cur={intValue: 100, floatValue: 1.4013e-43}, max={intValue: 100, floatValue: 1.4013e-43}, min={intValue: 0, floatValue: 0},def={intValue: 50, floatValue: 7.00649e-44},step={intValue: 1, floatValue: 1.4013e-45}
[09/01 11:23:41.092275][debug][38932][PropertyAccessor.cpp:28] get property value success! propertyId: 160, value: {intValue: 100, floatValue: 1.4013e-43}
[09/01 11:23:41.093864][debug][38932][HostProtocol.cpp:461] get property value success! propertyId=161, cur={intValue: 50, floatValue: 7.00649e-44}, max={intValue: 100, floatValue: 1.4013e-43}, min={intValue: 0, floatValue: 0},def={intValue: 50, floatValue: 7.00649e-44},step={intValue: 1, floatValue: 1.4013e-45}
[09/01 11:23:41.093878][debug][38932][PropertyAccessor.cpp:28] get property value success! propertyId: 161, value: {intValue: 50, floatValue: 7.00649e-44}
[09/01 11:23:41.093891][debug][38932][HostProtocol.cpp:425] Set property value, propertyId=2026, value={intValue: 3000, floatValue: 4.2039e-42}
[09/01 11:23:41.108031][debug][38932][PropertyAccessor.cpp:17] set property value success! propertyId: 2026, value: {intValue: 3000, floatValue: 4.2039e-42}
[09/01 11:23:41.108082][debug][38932][HostProtocol.cpp:425] Set property value, propertyId=2027, value={intValue: 1000, floatValue: 1.4013e-42}
[09/01 11:23:41.153701][debug][38932][PropertyAccessor.cpp:17] set property value success! propertyId: 2027, value: {intValue: 1000, floatValue: 1.4013e-42}
[09/01 11:23:41.153801][debug][36008][HostProtocol.cpp:425] Set property value, propertyId=3, value={intValue: 0, floatValue: 0}
[09/01 11:23:41.162479][debug][36008][PropertyAccessor.cpp:17] set property value success! propertyId: 3, value: {intValue: 0, floatValue: 0}
[09/01 11:23:41.162537][debug][36008][HostProtocol.cpp:425] Set property value, propertyId=152, value={intValue: 0, floatValue: 0}
[09/01 11:23:41.166151][debug][36008][PropertyAccessor.cpp:17] set property value success! propertyId: 152, value: {intValue: 0, floatValue: 0}
[09/01 11:23:41.166185][debug][36008][HostProtocol.cpp:425] Set property value, propertyId=153, value={intValue: 0, floatValue: 0}
[09/01 11:23:41.169433][debug][36008][PropertyAccessor.cpp:17] set property value success! propertyId: 153, value: {intValue: 0, floatValue: 0}
[09/01 11:23:41.208122][debug][38932][HostProtocol.cpp:461] get property value success! propertyId=2027, cur={intValue: 1000, floatValue: 1.4013e-42}, max={intValue: 15000, floatValue: 2.10195e-41}, min={intValue: 1000, floatValue: 1.4013e-42},def={intValue: 1000, floatValue: 1.4013e-42},step={intValue: 100, floatValue: 1.4013e-43}
[09/01 11:23:41.208156][debug][38932][PropertyAccessor.cpp:28] get property value success! propertyId: 2027, value: {intValue: 1000, floatValue: 1.4013e-42}
[09/01 11:23:41.219242][debug][38932][HostProtocol.cpp:461] get property value success! propertyId=2025, cur={intValue: 0, floatValue: 0}, max={intValue: 1, floatValue: 1.4013e-45}, min={intValue: 0, floatValue: 0},def={intValue: 1, floatValue: 1.4013e-45},step={intValue: 1, floatValue: 1.4013e-45}
[09/01 11:23:41.219597][debug][38932][PropertyAccessor.cpp:28] get property value success! propertyId: 2025, value: {intValue: 0, floatValue: 0}
[09/01 11:23:41.219766][debug][36008][HostProtocol.cpp:425] Set property value, propertyId=3, value={intValue: 0, floatValue: 0}
[09/01 11:23:41.234934][debug][36008][PropertyAccessor.cpp:17] set property value success! propertyId: 3, value: {intValue: 0, floatValue: 0}
[09/01 11:23:41.235049][debug][36008][HostProtocol.cpp:425] Set property value, propertyId=152, value={intValue: 0, floatValue: 0}
[09/01 11:23:41.237676][debug][36008][PropertyAccessor.cpp:17] set property value success! propertyId: 152, value: {intValue: 0, floatValue: 0}
[09/01 11:23:41.237702][debug][36008][HostProtocol.cpp:425] Set property value, propertyId=153, value={intValue: 0, floatValue: 0}
[09/01 11:23:41.241021][debug][36008][PropertyAccessor.cpp:17] set property value success! propertyId: 153, value: {intValue: 0, floatValue: 0}
[09/01 11:23:41.255752][debug][36008][HostProtocol.cpp:425] Set property value, propertyId=3, value={intValue: 0, floatValue: 0}
[09/01 11:23:41.265741][debug][36008][PropertyAccessor.cpp:17] set property value success! propertyId: 3, value: {intValue: 0, floatValue: 0}
[09/01 11:23:41.265782][debug][36008][HostProtocol.cpp:425] Set property value, propertyId=152, value={intValue: 0, floatValue: 0}
[09/01 11:23:41.275892][debug][36008][PropertyAccessor.cpp:17] set property value success! propertyId: 152, value: {intValue: 0, floatValue: 0}
[09/01 11:23:41.275934][debug][36008][HostProtocol.cpp:425] Set property value, propertyId=153, value={intValue: 0, floatValue: 0}
[09/01 11:23:41.282806][debug][36008][PropertyAccessor.cpp:17] set property value success! propertyId: 153, value: {intValue: 0, floatValue: 0}
[09/01 11:23:41.291414][debug][36008][HostProtocol.cpp:425] Set property value, propertyId=3, value={intValue: 0, floatValue: 0}
[09/01 11:23:41.295620][debug][36008][PropertyAccessor.cpp:17] set property value success! propertyId: 3, value: {intValue: 0, floatValue: 0}
[09/01 11:23:41.295656][debug][36008][HostProtocol.cpp:425] Set property value, propertyId=152, value={intValue: 0, floatValue: 0}
[09/01 11:23:41.322781][debug][36008][PropertyAccessor.cpp:17] set property value success! propertyId: 152, value: {intValue: 0, floatValue: 0}
[09/01 11:23:41.322817][debug][36008][HostProtocol.cpp:425] Set property value, propertyId=153, value={intValue: 0, floatValue: 0}
[09/01 11:23:41.323124][debug][19016][FrameBufferManager.cpp:35] New frame buffer allocated=4.395MB, total usage: allocated=68.132MB, max limit=2048.000MB
[09/01 11:23:41.329358][debug][36008][PropertyAccessor.cpp:17] set property value success! propertyId: 153, value: {intValue: 0, floatValue: 0}
[09/01 11:23:41.332299][debug][36008][HostProtocol.cpp:425] Set property value, propertyId=3, value={intValue: 0, floatValue: 0}
[09/01 11:23:41.338298][debug][36008][PropertyAccessor.cpp:17] set property value success! propertyId: 3, value: {intValue: 0, floatValue: 0}
[09/01 11:23:41.338340][debug][36008][HostProtocol.cpp:425] Set property value, propertyId=152, value={intValue: 0, floatValue: 0}
[09/01 11:23:41.340904][debug][36008][PropertyAccessor.cpp:17] set property value success! propertyId: 152, value: {intValue: 0, floatValue: 0}
[09/01 11:23:41.340946][debug][36008][HostProtocol.cpp:425] Set property value, propertyId=153, value={intValue: 0, floatValue: 0}
[09/01 11:23:41.343774][debug][36008][PropertyAccessor.cpp:17] set property value success! propertyId: 153, value: {intValue: 0, floatValue: 0}
[09/01 11:23:41.356456][debug][36008][HostProtocol.cpp:425] Set property value, propertyId=3, value={intValue: 0, floatValue: 0}
[09/01 11:23:41.363627][debug][36008][PropertyAccessor.cpp:17] set property value success! propertyId: 3, value: {intValue: 0, floatValue: 0}
[09/01 11:23:41.363667][debug][36008][HostProtocol.cpp:425] Set property value, propertyId=152, value={intValue: 0, floatValue: 0}
[09/01 11:23:41.366544][debug][36008][PropertyAccessor.cpp:17] set property value success! propertyId: 152, value: {intValue: 0, floatValue: 0}
[09/01 11:23:41.366560][debug][36008][HostProtocol.cpp:425] Set property value, propertyId=153, value={intValue: 0, floatValue: 0}
[09/01 11:23:41.372676][debug][36008][PropertyAccessor.cpp:17] set property value success! propertyId: 153, value: {intValue: 0, floatValue: 0}
[09/01 11:23:41.385456][debug][36008][HostProtocol.cpp:425] Set property value, propertyId=3, value={intValue: 0, floatValue: 0}
[09/01 11:23:41.391434][debug][36008][PropertyAccessor.cpp:17] set property value success! propertyId: 3, value: {intValue: 0, floatValue: 0}
[09/01 11:23:41.391513][debug][36008][HostProtocol.cpp:425] Set property value, propertyId=152, value={intValue: 0, floatValue: 0}
[09/01 11:23:41.425753][debug][36008][PropertyAccessor.cpp:17] set property value success! propertyId: 152, value: {intValue: 0, floatValue: 0}
[09/01 11:23:41.425792][debug][36008][HostProtocol.cpp:425] Set property value, propertyId=153, value={intValue: 0, floatValue: 0}
[09/01 11:23:41.437470][debug][36008][PropertyAccessor.cpp:17] set property value success! propertyId: 153, value: {intValue: 0, floatValue: 0}
[09/01 11:23:41.438328][debug][36008][HostProtocol.cpp:425] Set property value, propertyId=3, value={intValue: 0, floatValue: 0}
[09/01 11:23:41.441030][debug][36008][PropertyAccessor.cpp:17] set property value success! propertyId: 3, value: {intValue: 0, floatValue: 0}
[09/01 11:23:41.441072][debug][36008][HostProtocol.cpp:425] Set property value, propertyId=152, value={intValue: 0, floatValue: 0}
[09/01 11:23:41.443800][debug][36008][PropertyAccessor.cpp:17] set property value success! propertyId: 152, value: {intValue: 0, floatValue: 0}
[09/01 11:23:41.443828][debug][36008][HostProtocol.cpp:425] Set property value, propertyId=153, value={intValue: 0, floatValue: 0}
[09/01 11:23:41.454471][debug][36008][PropertyAccessor.cpp:17] set property value success! propertyId: 153, value: {intValue: 0, floatValue: 0}
[09/01 11:23:41.460853][debug][36008][HostProtocol.cpp:425] Set property value, propertyId=3, value={intValue: 0, floatValue: 0}
[09/01 11:23:41.465814][debug][36008][PropertyAccessor.cpp:17] set property value success! propertyId: 3, value: {intValue: 0, floatValue: 0}
[09/01 11:23:41.465848][debug][36008][HostProtocol.cpp:425] Set property value, propertyId=152, value={intValue: 0, floatValue: 0}
[09/01 11:23:41.469535][debug][36008][PropertyAccessor.cpp:17] set property value success! propertyId: 152, value: {intValue: 0, floatValue: 0}
[09/01 11:23:41.469558][debug][36008][HostProtocol.cpp:425] Set property value, propertyId=153, value={intValue: 0, floatValue: 0}
[09/01 11:23:41.476562][debug][36008][PropertyAccessor.cpp:17] set property value success! propertyId: 153, value: {intValue: 0, floatValue: 0}
[09/01 11:23:41.504940][debug][38268][FrameBufferManager.cpp:35] New frame buffer allocated=4.395MB, total usage: allocated=72.527MB, max limit=2048.000MB
[09/01 11:23:41.513480][debug][36008][HostProtocol.cpp:425] Set property value, propertyId=3, value={intValue: 0, floatValue: 0}
[09/01 11:23:41.520020][debug][36008][PropertyAccessor.cpp:17] set property value success! propertyId: 3, value: {intValue: 0, floatValue: 0}
[09/01 11:23:41.520070][debug][36008][HostProtocol.cpp:425] Set property value, propertyId=152, value={intValue: 0, floatValue: 0}
[09/01 11:23:41.522849][debug][36008][PropertyAccessor.cpp:17] set property value success! propertyId: 152, value: {intValue: 0, floatValue: 0}
[09/01 11:23:41.522886][debug][36008][HostProtocol.cpp:425] Set property value, propertyId=153, value={intValue: 0, floatValue: 0}
[09/01 11:23:41.525676][debug][36008][PropertyAccessor.cpp:17] set property value success! propertyId: 153, value: {intValue: 0, floatValue: 0}
[09/01 11:23:41.698942][debug][35996][HostProtocol.cpp:425] Set property value, propertyId=183, value={intValue: 0, floatValue: 0}
[09/01 11:23:41.715180][debug][35996][PropertyAccessor.cpp:17] set property value success! propertyId: 183, value: {intValue: 0, floatValue: 0}
[09/01 11:23:41.917848][debug][36008][HostProtocol.cpp:425] Set property value, propertyId=152, value={intValue: 1, floatValue: 1.4013e-45}
[09/01 11:23:41.925062][debug][36008][PropertyAccessor.cpp:17] set property value success! propertyId: 152, value: {intValue: 1, floatValue: 1.4013e-45}
[09/01 11:23:41.925088][debug][36008][HostProtocol.cpp:425] Set property value, propertyId=153, value={intValue: 1, floatValue: 1.4013e-45}
[09/01 11:23:41.928758][debug][36008][PropertyAccessor.cpp:17] set property value success! propertyId: 153, value: {intValue: 1, floatValue: 1.4013e-45}
[09/01 11:23:42.283908][debug][36008][HostProtocol.cpp:425] Set property value, propertyId=152, value={intValue: 1, floatValue: 1.4013e-45}
[09/01 11:23:42.289672][debug][36008][PropertyAccessor.cpp:17] set property value success! propertyId: 152, value: {intValue: 1, floatValue: 1.4013e-45}
[09/01 11:23:42.289710][debug][36008][HostProtocol.cpp:425] Set property value, propertyId=153, value={intValue: 1, floatValue: 1.4013e-45}
[09/01 11:23:42.292603][debug][36008][PropertyAccessor.cpp:17] set property value success! propertyId: 153, value: {intValue: 1, floatValue: 1.4013e-45}
[09/01 11:23:42.311576][debug][35996][HostProtocol.cpp:425] Set property value, propertyId=164, value={intValue: 4, floatValue: 5.60519e-45}
[09/01 11:23:42.312393][info][40876][GVCPClient.cpp:421] 0, 3, 248, 1 [**6 logs in 12072ms, last: 11:23:40.400927**]
[09/01 11:23:42.312404][info][19040][GVCPClient.cpp:457] 2,1, AE:CB:F6:B1:4D:FD,7, 5,3073, 192.168.193.1, 255.255.255.0, 192.168.193.254, Orbbec, Wifi Handle, V0.0.1, Orbbec, CR0625100XP,  [**6 logs in 12072ms, last: 11:23:40.400933**]
[09/01 11:23:42.317070][debug][35996][PropertyAccessor.cpp:17] set property value success! propertyId: 164, value: {intValue: 4, floatValue: 5.60519e-45}
[09/01 11:23:42.356224][debug][20644][VendorCommand.cpp:186] DeviceStateUpdate, state code=0, dataSize=8, , msg=
[09/01 11:23:42.435220][debug][36008][HostProtocol.cpp:425] Set property value, propertyId=2027, value={intValue: 1100, floatValue: 1.54143e-42}
[09/01 11:23:42.445338][debug][36008][PropertyAccessor.cpp:17] set property value success! propertyId: 2027, value: {intValue: 1100, floatValue: 1.54143e-42}
[09/01 11:23:42.664178][debug][36008][HostProtocol.cpp:461] get property value success! propertyId=154, cur={intValue: 1223959552, floatValue: 500000}, max={intValue: 1236736768, floatValue: 1.5e+06}, min={intValue: 1203982336, floatValue: 100000},def={intValue: 1229148160, floatValue: 800000},step={intValue: 1169915904, floatValue: 6000}
[09/01 11:23:42.664219][debug][36008][PropertyAccessor.cpp:34] get property value range success! propertyId: 154, range: {max: {intValue: 1236736768, floatValue: 1.5e+06}, min: {intValue: 1203982336, floatValue: 100000}, step: {intValue: 1169915904, floatValue: 6000}, def: {intValue: 1229148160, floatValue: 800000}}
[09/01 11:23:42.664235][debug][36008][HostProtocol.cpp:425] Set property value, propertyId=154, value={intValue: 1227228160, floatValue: 680000}
[09/01 11:23:42.666836][debug][36008][PropertyAccessor.cpp:17] set property value success! propertyId: 154, value: {intValue: 1227228160, floatValue: 680000}
[09/01 11:23:42.686606][debug][36008][HostProtocol.cpp:461] get property value success! propertyId=155, cur={intValue: 1223959552, floatValue: 500000}, max={intValue: 1236736768, floatValue: 1.5e+06}, min={intValue: 1203982336, floatValue: 100000},def={intValue: 1229148160, floatValue: 800000},step={intValue: 1169915904, floatValue: 6000}
[09/01 11:23:42.686641][debug][36008][PropertyAccessor.cpp:34] get property value range success! propertyId: 155, range: {max: {intValue: 1236736768, floatValue: 1.5e+06}, min: {intValue: 1203982336, floatValue: 100000}, step: {intValue: 1169915904, floatValue: 6000}, def: {intValue: 1229148160, floatValue: 800000}}
[09/01 11:23:42.686656][debug][36008][HostProtocol.cpp:425] Set property value, propertyId=155, value={intValue: 1227228160, floatValue: 680000}
[09/01 11:23:42.689616][debug][36008][PropertyAccessor.cpp:17] set property value success! propertyId: 155, value: {intValue: 1227228160, floatValue: 680000}
[09/01 11:23:42.689671][debug][35996][HostProtocol.cpp:425] Set property value, propertyId=164, value={intValue: 3, floatValue: 4.2039e-45}
[09/01 11:23:42.691657][debug][35996][PropertyAccessor.cpp:17] set property value success! propertyId: 164, value: {intValue: 3, floatValue: 4.2039e-45}
[09/01 11:23:42.867312][debug][36008][HostProtocol.cpp:425] Set property value, propertyId=2027, value={intValue: 1200, floatValue: 1.68156e-42}
[09/01 11:23:42.885499][debug][36008][PropertyAccessor.cpp:17] set property value success! propertyId: 2027, value: {intValue: 1200, floatValue: 1.68156e-42}
[09/01 11:23:43.090305][debug][36008][HostProtocol.cpp:461] get property value success! propertyId=154, cur={intValue: 1227228160, floatValue: 680000}, max={intValue: 1236736768, floatValue: 1.5e+06}, min={intValue: 1203982336, floatValue: 100000},def={intValue: 1229148160, floatValue: 800000},step={intValue: 1169915904, floatValue: 6000}
[09/01 11:23:43.090358][debug][36008][PropertyAccessor.cpp:34] get property value range success! propertyId: 154, range: {max: {intValue: 1236736768, floatValue: 1.5e+06}, min: {intValue: 1203982336, floatValue: 100000}, step: {intValue: 1169915904, floatValue: 6000}, def: {intValue: 1229148160, floatValue: 800000}}
[09/01 11:23:43.090387][debug][36008][HostProtocol.cpp:425] Set property value, propertyId=154, value={intValue: 1228284160, floatValue: 746000}
[09/01 11:23:43.095368][debug][36008][PropertyAccessor.cpp:17] set property value success! propertyId: 154, value: {intValue: 1228284160, floatValue: 746000}
[09/01 11:23:43.110960][debug][26348][Pipeline.cpp:267] Frame received on pipeline! type=OB_FRAME_IR_LEFT [**115 logs in 3001ms**]
[09/01 11:23:43.118742][debug][36008][HostProtocol.cpp:461] get property value success! propertyId=155, cur={intValue: 1227228160, floatValue: 680000}, max={intValue: 1236736768, floatValue: 1.5e+06}, min={intValue: 1203982336, floatValue: 100000},def={intValue: 1229148160, floatValue: 800000},step={intValue: 1169915904, floatValue: 6000}
[09/01 11:23:43.118777][debug][36008][PropertyAccessor.cpp:34] get property value range success! propertyId: 155, range: {max: {intValue: 1236736768, floatValue: 1.5e+06}, min: {intValue: 1203982336, floatValue: 100000}, step: {intValue: 1169915904, floatValue: 6000}, def: {intValue: 1229148160, floatValue: 800000}}
[09/01 11:23:43.118792][debug][36008][HostProtocol.cpp:425] Set property value, propertyId=155, value={intValue: 1228284160, floatValue: 746000}
[09/01 11:23:43.121757][debug][36008][PropertyAccessor.cpp:17] set property value success! propertyId: 155, value: {intValue: 1228284160, floatValue: 746000}
[09/01 11:23:43.277785][debug][37740][Pipeline.cpp:267] Frame received on pipeline! type=OB_FRAME_IR_RIGHT [**120 logs in 3005ms, last: 11:23:43.254774**]
[09/01 11:23:43.312268][info][21652][GVCPClient.cpp:102] 	- mac:AE:CB:F6:B1:4D:FD, ip:192.168.193.1, sn:CR0625100XP, pid:0x0c01 [**6 logs in 12072ms, last: 11:23:41.401561**]
[09/01 11:23:43.316221][debug][36008][HostProtocol.cpp:425] Set property value, propertyId=2027, value={intValue: 1300, floatValue: 1.82169e-42}
[09/01 11:23:43.340965][debug][36008][PropertyAccessor.cpp:17] set property value success! propertyId: 2027, value: {intValue: 1300, floatValue: 1.82169e-42}
[09/01 11:23:43.484631][warning][40756][Pipeline.cpp:289] Pipeline source frameset queue fulled, drop the oldest frame! [**16 logs in 3033ms, last: 11:23:40.854389**]
[09/01 11:23:43.561670][debug][36008][HostProtocol.cpp:461] get property value success! propertyId=154, cur={intValue: 1228284160, floatValue: 746000}, max={intValue: 1236736768, floatValue: 1.5e+06}, min={intValue: 1203982336, floatValue: 100000},def={intValue: 1229148160, floatValue: 800000},step={intValue: 1169915904, floatValue: 6000}
[09/01 11:23:43.561760][debug][36008][PropertyAccessor.cpp:34] get property value range success! propertyId: 154, range: {max: {intValue: 1236736768, floatValue: 1.5e+06}, min: {intValue: 1203982336, floatValue: 100000}, step: {intValue: 1169915904, floatValue: 6000}, def: {intValue: 1229148160, floatValue: 800000}}
[09/01 11:23:43.561778][debug][36008][HostProtocol.cpp:425] Set property value, propertyId=154, value={intValue: 1229340160, floatValue: 812000}
[09/01 11:23:43.564294][debug][36008][PropertyAccessor.cpp:17] set property value success! propertyId: 154, value: {intValue: 1229340160, floatValue: 812000}
[09/01 11:23:43.595285][debug][36008][HostProtocol.cpp:461] get property value success! propertyId=155, cur={intValue: 1228284160, floatValue: 746000}, max={intValue: 1236736768, floatValue: 1.5e+06}, min={intValue: 1203982336, floatValue: 100000},def={intValue: 1229148160, floatValue: 800000},step={intValue: 1169915904, floatValue: 6000}
[09/01 11:23:43.595315][debug][36008][PropertyAccessor.cpp:34] get property value range success! propertyId: 155, range: {max: {intValue: 1236736768, floatValue: 1.5e+06}, min: {intValue: 1203982336, floatValue: 100000}, step: {intValue: 1169915904, floatValue: 6000}, def: {intValue: 1229148160, floatValue: 800000}}
[09/01 11:23:43.595329][debug][36008][HostProtocol.cpp:425] Set property value, propertyId=155, value={intValue: 1229340160, floatValue: 812000}
[09/01 11:23:43.598625][debug][36008][PropertyAccessor.cpp:17] set property value success! propertyId: 155, value: {intValue: 1229340160, floatValue: 812000}
[09/01 11:23:43.778079][debug][36008][HostProtocol.cpp:425] Set property value, propertyId=2027, value={intValue: 1400, floatValue: 1.96182e-42}
[09/01 11:23:43.790828][debug][36008][PropertyAccessor.cpp:17] set property value success! propertyId: 2027, value: {intValue: 1400, floatValue: 1.96182e-42}
[09/01 11:23:43.995940][debug][36008][HostProtocol.cpp:461] get property value success! propertyId=154, cur={intValue: 1229340160, floatValue: 812000}, max={intValue: 1236736768, floatValue: 1.5e+06}, min={intValue: 1203982336, floatValue: 100000},def={intValue: 1229148160, floatValue: 800000},step={intValue: 1169915904, floatValue: 6000}
[09/01 11:23:43.995978][debug][36008][PropertyAccessor.cpp:34] get property value range success! propertyId: 154, range: {max: {intValue: 1236736768, floatValue: 1.5e+06}, min: {intValue: 1203982336, floatValue: 100000}, step: {intValue: 1169915904, floatValue: 6000}, def: {intValue: 1229148160, floatValue: 800000}}
[09/01 11:23:43.995995][debug][36008][HostProtocol.cpp:425] Set property value, propertyId=154, value={intValue: 1230396160, floatValue: 878000}
[09/01 11:23:44.000031][debug][36008][PropertyAccessor.cpp:17] set property value success! propertyId: 154, value: {intValue: 1230396160, floatValue: 878000}
[09/01 11:23:44.017546][debug][36008][HostProtocol.cpp:461] get property value success! propertyId=155, cur={intValue: 1229340160, floatValue: 812000}, max={intValue: 1236736768, floatValue: 1.5e+06}, min={intValue: 1203982336, floatValue: 100000},def={intValue: 1229148160, floatValue: 800000},step={intValue: 1169915904, floatValue: 6000}
[09/01 11:23:44.017591][debug][36008][PropertyAccessor.cpp:34] get property value range success! propertyId: 155, range: {max: {intValue: 1236736768, floatValue: 1.5e+06}, min: {intValue: 1203982336, floatValue: 100000}, step: {intValue: 1169915904, floatValue: 6000}, def: {intValue: 1229148160, floatValue: 800000}}
[09/01 11:23:44.017610][debug][36008][HostProtocol.cpp:425] Set property value, propertyId=155, value={intValue: 1230396160, floatValue: 878000}
[09/01 11:23:44.022318][debug][36008][PropertyAccessor.cpp:17] set property value success! propertyId: 155, value: {intValue: 1230396160, floatValue: 878000}
[09/01 11:23:44.209631][debug][36008][HostProtocol.cpp:425] Set property value, propertyId=2027, value={intValue: 1300, floatValue: 1.82169e-42}
[09/01 11:23:44.222704][debug][36008][PropertyAccessor.cpp:17] set property value success! propertyId: 2027, value: {intValue: 1300, floatValue: 1.82169e-42}
[09/01 11:23:44.455573][debug][36008][HostProtocol.cpp:461] get property value success! propertyId=154, cur={intValue: 1230396160, floatValue: 878000}, max={intValue: 1236736768, floatValue: 1.5e+06}, min={intValue: 1203982336, floatValue: 100000},def={intValue: 1229148160, floatValue: 800000},step={intValue: 1169915904, floatValue: 6000}
[09/01 11:23:44.455611][debug][36008][PropertyAccessor.cpp:34] get property value range success! propertyId: 154, range: {max: {intValue: 1236736768, floatValue: 1.5e+06}, min: {intValue: 1203982336, floatValue: 100000}, step: {intValue: 1169915904, floatValue: 6000}, def: {intValue: 1229148160, floatValue: 800000}}
[09/01 11:23:44.455628][debug][36008][HostProtocol.cpp:425] Set property value, propertyId=154, value={intValue: 1231452160, floatValue: 944000}
[09/01 11:23:44.462995][debug][36008][PropertyAccessor.cpp:17] set property value success! propertyId: 154, value: {intValue: 1231452160, floatValue: 944000}
[09/01 11:23:44.468285][debug][36008][HostProtocol.cpp:461] get property value success! propertyId=155, cur={intValue: 1230396160, floatValue: 878000}, max={intValue: 1236736768, floatValue: 1.5e+06}, min={intValue: 1203982336, floatValue: 100000},def={intValue: 1229148160, floatValue: 800000},step={intValue: 1169915904, floatValue: 6000}
[09/01 11:23:44.468318][debug][36008][PropertyAccessor.cpp:34] get property value range success! propertyId: 155, range: {max: {intValue: 1236736768, floatValue: 1.5e+06}, min: {intValue: 1203982336, floatValue: 100000}, step: {intValue: 1169915904, floatValue: 6000}, def: {intValue: 1229148160, floatValue: 800000}}
[09/01 11:23:44.468332][debug][36008][HostProtocol.cpp:425] Set property value, propertyId=155, value={intValue: 1231452160, floatValue: 944000}
[09/01 11:23:44.472075][debug][36008][PropertyAccessor.cpp:17] set property value success! propertyId: 155, value: {intValue: 1231452160, floatValue: 944000}
[09/01 11:23:44.498140][debug][35996][HostProtocol.cpp:425] Set property value, propertyId=164, value={intValue: 2, floatValue: 2.8026e-45}
[09/01 11:23:44.504016][debug][35996][PropertyAccessor.cpp:17] set property value success! propertyId: 164, value: {intValue: 2, floatValue: 2.8026e-45}
[09/01 11:23:44.689092][debug][36008][HostProtocol.cpp:425] Set property value, propertyId=2027, value={intValue: 1200, floatValue: 1.68156e-42}
[09/01 11:23:44.700809][debug][36008][PropertyAccessor.cpp:17] set property value success! propertyId: 2027, value: {intValue: 1200, floatValue: 1.68156e-42}
[09/01 11:23:44.914367][debug][36008][HostProtocol.cpp:461] get property value success! propertyId=154, cur={intValue: 1231452160, floatValue: 944000}, max={intValue: 1236736768, floatValue: 1.5e+06}, min={intValue: 1203982336, floatValue: 100000},def={intValue: 1229148160, floatValue: 800000},step={intValue: 1169915904, floatValue: 6000}
[09/01 11:23:44.914408][debug][36008][PropertyAccessor.cpp:34] get property value range success! propertyId: 154, range: {max: {intValue: 1236736768, floatValue: 1.5e+06}, min: {intValue: 1203982336, floatValue: 100000}, step: {intValue: 1169915904, floatValue: 6000}, def: {intValue: 1229148160, floatValue: 800000}}
[09/01 11:23:44.914428][debug][36008][HostProtocol.cpp:425] Set property value, propertyId=154, value={intValue: 1233383168, floatValue: 1.0808e+06}
[09/01 11:23:44.917468][debug][36008][PropertyAccessor.cpp:17] set property value success! propertyId: 154, value: {intValue: 1233383168, floatValue: 1.0808e+06}
[09/01 11:23:44.922417][debug][36008][HostProtocol.cpp:461] get property value success! propertyId=155, cur={intValue: 1231452160, floatValue: 944000}, max={intValue: 1236736768, floatValue: 1.5e+06}, min={intValue: 1203982336, floatValue: 100000},def={intValue: 1229148160, floatValue: 800000},step={intValue: 1169915904, floatValue: 6000}
[09/01 11:23:44.922472][debug][36008][PropertyAccessor.cpp:34] get property value range success! propertyId: 155, range: {max: {intValue: 1236736768, floatValue: 1.5e+06}, min: {intValue: 1203982336, floatValue: 100000}, step: {intValue: 1169915904, floatValue: 6000}, def: {intValue: 1229148160, floatValue: 800000}}
[09/01 11:23:44.922506][debug][36008][HostProtocol.cpp:425] Set property value, propertyId=155, value={intValue: 1233383168, floatValue: 1.0808e+06}
[09/01 11:23:44.926541][debug][36008][PropertyAccessor.cpp:17] set property value success! propertyId: 155, value: {intValue: 1233383168, floatValue: 1.0808e+06}
[09/01 11:23:45.128878][debug][19016][VideoSensor.cpp:414] OB_SENSOR_IR_LEFT Streaming... frameRate=39.196178fps,bitRate=37.249191Mbps
[09/01 11:23:45.137678][debug][36008][HostProtocol.cpp:425] Set property value, propertyId=2027, value={intValue: 1300, floatValue: 1.82169e-42}
[09/01 11:23:45.151844][debug][36008][PropertyAccessor.cpp:17] set property value success! propertyId: 2027, value: {intValue: 1300, floatValue: 1.82169e-42}
[09/01 11:23:45.260317][debug][38268][VideoSensor.cpp:414] OB_SENSOR_IR_RIGHT Streaming... frameRate=40.191963fps,bitRate=38.161873Mbps
[09/01 11:23:45.293890][debug][26348][Pipeline.cpp:271] Pipeline streaming... frameset output rate=40.621269fps
[09/01 11:23:45.340593][debug][35828][AccelSensor.cpp:213] Accel Sensor Streaming... frameRate=198.128235fps
[09/01 11:23:45.357070][debug][20644][VendorCommand.cpp:186] DeviceStateUpdate, state code=0, dataSize=8, , msg=
[09/01 11:23:45.367496][debug][36008][HostProtocol.cpp:461] get property value success! propertyId=154, cur={intValue: 1233383168, floatValue: 1.0808e+06}, max={intValue: 1236736768, floatValue: 1.5e+06}, min={intValue: 1203982336, floatValue: 100000},def={intValue: 1229148160, floatValue: 800000},step={intValue: 1169915904, floatValue: 6000}
[09/01 11:23:45.367546][debug][36008][PropertyAccessor.cpp:34] get property value range success! propertyId: 154, range: {max: {intValue: 1236736768, floatValue: 1.5e+06}, min: {intValue: 1203982336, floatValue: 100000}, step: {intValue: 1169915904, floatValue: 6000}, def: {intValue: 1229148160, floatValue: 800000}}
[09/01 11:23:45.367574][debug][36008][HostProtocol.cpp:425] Set property value, propertyId=154, value={intValue: 1233911168, floatValue: 1.1468e+06}
[09/01 11:23:45.370691][debug][36008][PropertyAccessor.cpp:17] set property value success! propertyId: 154, value: {intValue: 1233911168, floatValue: 1.1468e+06}
[09/01 11:23:45.397324][debug][36008][HostProtocol.cpp:461] get property value success! propertyId=155, cur={intValue: 1233383168, floatValue: 1.0808e+06}, max={intValue: 1236736768, floatValue: 1.5e+06}, min={intValue: 1203982336, floatValue: 100000},def={intValue: 1229148160, floatValue: 800000},step={intValue: 1169915904, floatValue: 6000}
[09/01 11:23:45.397358][debug][36008][PropertyAccessor.cpp:34] get property value range success! propertyId: 155, range: {max: {intValue: 1236736768, floatValue: 1.5e+06}, min: {intValue: 1203982336, floatValue: 100000}, step: {intValue: 1169915904, floatValue: 6000}, def: {intValue: 1229148160, floatValue: 800000}}
[09/01 11:23:45.397374][debug][36008][HostProtocol.cpp:425] Set property value, propertyId=155, value={intValue: 1233911168, floatValue: 1.1468e+06}
[09/01 11:23:45.409252][debug][36008][PropertyAccessor.cpp:17] set property value success! propertyId: 155, value: {intValue: 1233911168, floatValue: 1.1468e+06}
[09/01 11:23:45.409314][debug][36008][HostProtocol.cpp:425] Set property value, propertyId=161, value={intValue: 43, floatValue: 6.02558e-44}
[09/01 11:23:45.411803][debug][36008][PropertyAccessor.cpp:17] set property value success! propertyId: 161, value: {intValue: 43, floatValue: 6.02558e-44}
[09/01 11:23:46.428841][debug][36008][HostProtocol.cpp:425] Set property value, propertyId=2027, value={intValue: 1400, floatValue: 1.96182e-42}
[09/01 11:23:46.444593][debug][36008][PropertyAccessor.cpp:17] set property value success! propertyId: 2027, value: {intValue: 1400, floatValue: 1.96182e-42}
[09/01 11:23:46.669329][debug][36008][HostProtocol.cpp:461] get property value success! propertyId=154, cur={intValue: 1233911168, floatValue: 1.1468e+06}, max={intValue: 1236736768, floatValue: 1.5e+06}, min={intValue: 1203982336, floatValue: 100000},def={intValue: 1229148160, floatValue: 800000},step={intValue: 1169915904, floatValue: 6000}
[09/01 11:23:46.669372][debug][36008][PropertyAccessor.cpp:34] get property value range success! propertyId: 154, range: {max: {intValue: 1236736768, floatValue: 1.5e+06}, min: {intValue: 1203982336, floatValue: 100000}, step: {intValue: 1169915904, floatValue: 6000}, def: {intValue: 1229148160, floatValue: 800000}}
[09/01 11:23:46.669391][debug][36008][HostProtocol.cpp:425] Set property value, propertyId=154, value={intValue: 1234439168, floatValue: 1.2128e+06}
[09/01 11:23:46.676676][debug][36008][PropertyAccessor.cpp:17] set property value success! propertyId: 154, value: {intValue: 1234439168, floatValue: 1.2128e+06}
[09/01 11:23:46.692920][debug][36008][HostProtocol.cpp:461] get property value success! propertyId=155, cur={intValue: 1233911168, floatValue: 1.1468e+06}, max={intValue: 1236736768, floatValue: 1.5e+06}, min={intValue: 1203982336, floatValue: 100000},def={intValue: 1229148160, floatValue: 800000},step={intValue: 1169915904, floatValue: 6000}
[09/01 11:23:46.692962][debug][36008][PropertyAccessor.cpp:34] get property value range success! propertyId: 155, range: {max: {intValue: 1236736768, floatValue: 1.5e+06}, min: {intValue: 1203982336, floatValue: 100000}, step: {intValue: 1169915904, floatValue: 6000}, def: {intValue: 1229148160, floatValue: 800000}}
[09/01 11:23:46.692980][debug][36008][HostProtocol.cpp:425] Set property value, propertyId=155, value={intValue: 1234439168, floatValue: 1.2128e+06}
[09/01 11:23:46.705591][debug][36008][PropertyAccessor.cpp:17] set property value success! propertyId: 155, value: {intValue: 1234439168, floatValue: 1.2128e+06}
[09/01 11:23:46.705629][debug][36008][HostProtocol.cpp:425] Set property value, propertyId=161, value={intValue: 41, floatValue: 5.74532e-44}
[09/01 11:23:46.710390][debug][36008][PropertyAccessor.cpp:17] set property value success! propertyId: 161, value: {intValue: 41, floatValue: 5.74532e-44}
[09/01 11:23:46.859612][debug][39220][HostProtocol.cpp:425] Set property value, propertyId=2003, value={intValue: 0, floatValue: 0}
[09/01 11:23:46.867356][debug][39220][PropertyAccessor.cpp:17] set property value success! propertyId: 2003, value: {intValue: 0, floatValue: 0}
[09/01 11:23:46.889017][debug][36008][HostProtocol.cpp:425] Set property value, propertyId=2027, value={intValue: 1500, floatValue: 2.10195e-42}
[09/01 11:23:46.910519][debug][36008][PropertyAccessor.cpp:17] set property value success! propertyId: 2027, value: {intValue: 1500, floatValue: 2.10195e-42}
[09/01 11:23:47.130169][debug][36008][HostProtocol.cpp:461] get property value success! propertyId=154, cur={intValue: 1234439168, floatValue: 1.2128e+06}, max={intValue: 1236736768, floatValue: 1.5e+06}, min={intValue: 1203982336, floatValue: 100000},def={intValue: 1229148160, floatValue: 800000},step={intValue: 1169915904, floatValue: 6000}
[09/01 11:23:47.130223][debug][36008][PropertyAccessor.cpp:34] get property value range success! propertyId: 154, range: {max: {intValue: 1236736768, floatValue: 1.5e+06}, min: {intValue: 1203982336, floatValue: 100000}, step: {intValue: 1169915904, floatValue: 6000}, def: {intValue: 1229148160, floatValue: 800000}}
[09/01 11:23:47.130241][debug][36008][HostProtocol.cpp:425] Set property value, propertyId=154, value={intValue: 1234967168, floatValue: 1.2788e+06}
[09/01 11:23:47.137503][debug][36008][PropertyAccessor.cpp:17] set property value success! propertyId: 154, value: {intValue: 1234967168, floatValue: 1.2788e+06}
[09/01 11:23:47.144562][debug][36008][HostProtocol.cpp:461] get property value success! propertyId=155, cur={intValue: 1234439168, floatValue: 1.2128e+06}, max={intValue: 1236736768, floatValue: 1.5e+06}, min={intValue: 1203982336, floatValue: 100000},def={intValue: 1229148160, floatValue: 800000},step={intValue: 1169915904, floatValue: 6000}
[09/01 11:23:47.144597][debug][36008][PropertyAccessor.cpp:34] get property value range success! propertyId: 155, range: {max: {intValue: 1236736768, floatValue: 1.5e+06}, min: {intValue: 1203982336, floatValue: 100000}, step: {intValue: 1169915904, floatValue: 6000}, def: {intValue: 1229148160, floatValue: 800000}}
[09/01 11:23:47.144617][debug][36008][HostProtocol.cpp:425] Set property value, propertyId=155, value={intValue: 1234967168, floatValue: 1.2788e+06}
[09/01 11:23:47.147024][debug][36008][PropertyAccessor.cpp:17] set property value success! propertyId: 155, value: {intValue: 1234967168, floatValue: 1.2788e+06}
[09/01 11:23:47.147056][debug][36008][HostProtocol.cpp:425] Set property value, propertyId=161, value={intValue: 39, floatValue: 5.46506e-44}
[09/01 11:23:47.151729][debug][36008][PropertyAccessor.cpp:17] set property value success! propertyId: 161, value: {intValue: 39, floatValue: 5.46506e-44}
[09/01 11:23:47.152110][debug][35996][HostProtocol.cpp:425] Set property value, propertyId=183, value={intValue: 1, floatValue: 1.4013e-45}
[09/01 11:23:47.155255][debug][35996][PropertyAccessor.cpp:17] set property value success! propertyId: 183, value: {intValue: 1, floatValue: 1.4013e-45}
[09/01 11:23:47.167015][debug][35996][HostProtocol.cpp:425] Set property value, propertyId=183, value={intValue: 0, floatValue: 0}
[09/01 11:23:47.168788][debug][35996][PropertyAccessor.cpp:17] set property value success! propertyId: 183, value: {intValue: 0, floatValue: 0}
[09/01 11:23:47.191184][debug][35996][HostProtocol.cpp:425] Set property value, propertyId=183, value={intValue: 1, floatValue: 1.4013e-45}
[09/01 11:23:47.192958][debug][35996][PropertyAccessor.cpp:17] set property value success! propertyId: 183, value: {intValue: 1, floatValue: 1.4013e-45}
[09/01 11:23:47.215428][debug][35996][HostProtocol.cpp:425] Set property value, propertyId=183, value={intValue: 0, floatValue: 0}
[09/01 11:23:47.236607][debug][35996][PropertyAccessor.cpp:17] set property value success! propertyId: 183, value: {intValue: 0, floatValue: 0}
[09/01 11:23:47.259636][debug][35996][HostProtocol.cpp:425] Set property value, propertyId=183, value={intValue: 1, floatValue: 1.4013e-45}
[09/01 11:23:47.261818][debug][35996][PropertyAccessor.cpp:17] set property value success! propertyId: 183, value: {intValue: 1, floatValue: 1.4013e-45}
[09/01 11:23:47.274522][debug][35996][HostProtocol.cpp:425] Set property value, propertyId=183, value={intValue: 0, floatValue: 0}
[09/01 11:23:47.286587][debug][35996][PropertyAccessor.cpp:17] set property value success! propertyId: 183, value: {intValue: 0, floatValue: 0}
[09/01 11:23:47.299015][debug][35996][HostProtocol.cpp:425] Set property value, propertyId=183, value={intValue: 1, floatValue: 1.4013e-45}
[09/01 11:23:47.315286][debug][35996][PropertyAccessor.cpp:17] set property value success! propertyId: 183, value: {intValue: 1, floatValue: 1.4013e-45}
[09/01 11:23:47.473610][debug][35996][HostProtocol.cpp:425] Set property value, propertyId=183, value={intValue: 0, floatValue: 0}
[09/01 11:23:47.479549][debug][35996][PropertyAccessor.cpp:17] set property value success! propertyId: 183, value: {intValue: 0, floatValue: 0}
[09/01 11:23:47.641890][debug][35996][HostProtocol.cpp:425] Set property value, propertyId=183, value={intValue: 1, floatValue: 1.4013e-45}
[09/01 11:23:47.643961][debug][35996][PropertyAccessor.cpp:17] set property value success! propertyId: 183, value: {intValue: 1, floatValue: 1.4013e-45}
[09/01 11:23:47.667251][debug][35996][HostProtocol.cpp:425] Set property value, propertyId=183, value={intValue: 0, floatValue: 0}
[09/01 11:23:47.676421][debug][35996][PropertyAccessor.cpp:17] set property value success! propertyId: 183, value: {intValue: 0, floatValue: 0}
[09/01 11:23:47.762593][debug][36008][HostProtocol.cpp:425] Set property value, propertyId=2027, value={intValue: 1600, floatValue: 2.24208e-42}
[09/01 11:23:47.777944][debug][36008][PropertyAccessor.cpp:17] set property value success! propertyId: 2027, value: {intValue: 1600, floatValue: 2.24208e-42}
[09/01 11:23:47.990170][debug][36008][HostProtocol.cpp:461] get property value success! propertyId=154, cur={intValue: 1234967168, floatValue: 1.2788e+06}, max={intValue: 1236736768, floatValue: 1.5e+06}, min={intValue: 1203982336, floatValue: 100000},def={intValue: 1229148160, floatValue: 800000},step={intValue: 1169915904, floatValue: 6000}
[09/01 11:23:47.990211][debug][36008][PropertyAccessor.cpp:34] get property value range success! propertyId: 154, range: {max: {intValue: 1236736768, floatValue: 1.5e+06}, min: {intValue: 1203982336, floatValue: 100000}, step: {intValue: 1169915904, floatValue: 6000}, def: {intValue: 1229148160, floatValue: 800000}}
[09/01 11:23:47.990230][debug][36008][HostProtocol.cpp:425] Set property value, propertyId=154, value={intValue: 1235495168, floatValue: 1.3448e+06}
[09/01 11:23:47.992706][debug][36008][PropertyAccessor.cpp:17] set property value success! propertyId: 154, value: {intValue: 1235495168, floatValue: 1.3448e+06}
[09/01 11:23:48.016581][debug][36008][HostProtocol.cpp:461] get property value success! propertyId=155, cur={intValue: 1234967168, floatValue: 1.2788e+06}, max={intValue: 1236736768, floatValue: 1.5e+06}, min={intValue: 1203982336, floatValue: 100000},def={intValue: 1229148160, floatValue: 800000},step={intValue: 1169915904, floatValue: 6000}
[09/01 11:23:48.016627][debug][36008][PropertyAccessor.cpp:34] get property value range success! propertyId: 155, range: {max: {intValue: 1236736768, floatValue: 1.5e+06}, min: {intValue: 1203982336, floatValue: 100000}, step: {intValue: 1169915904, floatValue: 6000}, def: {intValue: 1229148160, floatValue: 800000}}
[09/01 11:23:48.016645][debug][36008][HostProtocol.cpp:425] Set property value, propertyId=155, value={intValue: 1235495168, floatValue: 1.3448e+06}
[09/01 11:23:48.020931][debug][36008][PropertyAccessor.cpp:17] set property value success! propertyId: 155, value: {intValue: 1235495168, floatValue: 1.3448e+06}
[09/01 11:23:48.020963][debug][36008][HostProtocol.cpp:425] Set property value, propertyId=161, value={intValue: 37, floatValue: 5.1848e-44}
[09/01 11:23:48.023990][debug][36008][PropertyAccessor.cpp:17] set property value success! propertyId: 161, value: {intValue: 37, floatValue: 5.1848e-44}
[09/01 11:23:48.365924][debug][20644][VendorCommand.cpp:186] DeviceStateUpdate, state code=0, dataSize=8, , msg=
[09/01 11:23:48.793817][debug][9448][PropertyAccessor.cpp:71] get cmd version success! propertyId: 1056, version: 0
[09/01 11:23:48.804556][debug][9448][PropertyAccessor.cpp:79] get struct data success! propertyId: 1056
[09/01 11:23:49.132988][debug][26348][Pipeline.cpp:267] Frame received on pipeline! type=OB_FRAME_IR_LEFT [**241 logs in 6022ms**]
[09/01 11:23:49.283968][debug][44248][Pipeline.cpp:267] Frame received on pipeline! type=OB_FRAME_IR_RIGHT [**240 logs in 6006ms, last: 11:23:49.256672**]
[09/01 11:23:49.521389][debug][35996][HostProtocol.cpp:425] Set property value, propertyId=183, value={intValue: 1, floatValue: 1.4013e-45}
[09/01 11:23:49.536629][debug][35996][PropertyAccessor.cpp:17] set property value success! propertyId: 183, value: {intValue: 1, floatValue: 1.4013e-45}
[09/01 11:23:49.548458][debug][35996][HostProtocol.cpp:425] Set property value, propertyId=183, value={intValue: 0, floatValue: 0}
[09/01 11:23:49.564172][debug][35996][PropertyAccessor.cpp:17] set property value success! propertyId: 183, value: {intValue: 0, floatValue: 0}
[09/01 11:23:49.664488][error][27032][GVCPClient.cpp:355] sendto failed with error:10038 [**91 logs in 48085ms, last: 11:23:48.452584**]
[09/01 11:23:49.876749][debug][36008][HostProtocol.cpp:425] Set property value, propertyId=2027, value={intValue: 1500, floatValue: 2.10195e-42}
[09/01 11:23:49.927713][debug][36008][PropertyAccessor.cpp:17] set property value success! propertyId: 2027, value: {intValue: 1500, floatValue: 2.10195e-42}
[09/01 11:23:49.970254][warning][40292][Pipeline.cpp:310] Wait for frame timeout, you can try to increase the wait time! current timeout=100
[09/01 11:23:50.134305][debug][19016][VideoSensor.cpp:414] OB_SENSOR_IR_LEFT Streaming... frameRate=39.352776fps,bitRate=69.843307Mbps
[09/01 11:23:50.143559][debug][36008][HostProtocol.cpp:461] get property value success! propertyId=154, cur={intValue: 1235495168, floatValue: 1.3448e+06}, max={intValue: 1236736768, floatValue: 1.5e+06}, min={intValue: 1203982336, floatValue: 100000},def={intValue: 1229148160, floatValue: 800000},step={intValue: 1169915904, floatValue: 6000}
[09/01 11:23:50.143601][debug][36008][PropertyAccessor.cpp:34] get property value range success! propertyId: 154, range: {max: {intValue: 1236736768, floatValue: 1.5e+06}, min: {intValue: 1203982336, floatValue: 100000}, step: {intValue: 1169915904, floatValue: 6000}, def: {intValue: 1229148160, floatValue: 800000}}
[09/01 11:23:50.143624][debug][36008][HostProtocol.cpp:425] Set property value, propertyId=154, value={intValue: 1235936768, floatValue: 1.4e+06}
[09/01 11:23:50.146629][debug][36008][PropertyAccessor.cpp:17] set property value success! propertyId: 154, value: {intValue: 1235936768, floatValue: 1.4e+06}
[09/01 11:23:50.162935][debug][36008][HostProtocol.cpp:461] get property value success! propertyId=155, cur={intValue: 1235495168, floatValue: 1.3448e+06}, max={intValue: 1236736768, floatValue: 1.5e+06}, min={intValue: 1203982336, floatValue: 100000},def={intValue: 1229148160, floatValue: 800000},step={intValue: 1169915904, floatValue: 6000}
[09/01 11:23:50.163007][debug][36008][PropertyAccessor.cpp:34] get property value range success! propertyId: 155, range: {max: {intValue: 1236736768, floatValue: 1.5e+06}, min: {intValue: 1203982336, floatValue: 100000}, step: {intValue: 1169915904, floatValue: 6000}, def: {intValue: 1229148160, floatValue: 800000}}
[09/01 11:23:50.163041][debug][36008][HostProtocol.cpp:425] Set property value, propertyId=155, value={intValue: 1235936768, floatValue: 1.4e+06}
[09/01 11:23:50.176372][debug][36008][PropertyAccessor.cpp:17] set property value success! propertyId: 155, value: {intValue: 1235936768, floatValue: 1.4e+06}
[09/01 11:23:50.262169][debug][38268][VideoSensor.cpp:414] OB_SENSOR_IR_RIGHT Streaming... frameRate=39.984009fps,bitRate=68.786415Mbps
[09/01 11:23:50.312249][debug][26348][Pipeline.cpp:271] Pipeline streaming... frameset output rate=40.047817fps
[09/01 11:23:50.355279][debug][35828][AccelSensor.cpp:213] Accel Sensor Streaming... frameRate=197.008972fps
[09/01 11:23:51.033146][debug][36008][HostProtocol.cpp:425] Set property value, propertyId=161, value={intValue: 35, floatValue: 4.90454e-44}
[09/01 11:23:51.040104][debug][36008][PropertyAccessor.cpp:17] set property value success! propertyId: 161, value: {intValue: 35, floatValue: 4.90454e-44}
[09/01 11:23:51.228684][debug][35996][HostProtocol.cpp:425] Set property value, propertyId=183, value={intValue: 1, floatValue: 1.4013e-45}
[09/01 11:23:51.240785][debug][35996][PropertyAccessor.cpp:17] set property value success! propertyId: 183, value: {intValue: 1, floatValue: 1.4013e-45}
[09/01 11:23:51.253272][debug][35996][HostProtocol.cpp:425] Set property value, propertyId=183, value={intValue: 0, floatValue: 0}
[09/01 11:23:51.278942][debug][35996][PropertyAccessor.cpp:17] set property value success! propertyId: 183, value: {intValue: 0, floatValue: 0}
[09/01 11:23:51.359139][debug][20644][VendorCommand.cpp:186] DeviceStateUpdate, state code=0, dataSize=8, , msg=
[09/01 11:23:51.663421][debug][36008][HostProtocol.cpp:425] Set property value, propertyId=2027, value={intValue: 1600, floatValue: 2.24208e-42}
[09/01 11:23:51.679251][debug][36008][PropertyAccessor.cpp:17] set property value success! propertyId: 2027, value: {intValue: 1600, floatValue: 2.24208e-42}
[09/01 11:23:52.125383][debug][35996][HostProtocol.cpp:425] Set property value, propertyId=183, value={intValue: 1, floatValue: 1.4013e-45}
[09/01 11:23:52.143531][debug][35996][PropertyAccessor.cpp:17] set property value success! propertyId: 183, value: {intValue: 1, floatValue: 1.4013e-45}
[09/01 11:23:52.156024][debug][35996][HostProtocol.cpp:425] Set property value, propertyId=183, value={intValue: 0, floatValue: 0}
[09/01 11:23:52.162731][debug][35996][PropertyAccessor.cpp:17] set property value success! propertyId: 183, value: {intValue: 0, floatValue: 0}
[09/01 11:23:52.976103][debug][35996][HostProtocol.cpp:425] Set property value, propertyId=183, value={intValue: 1, floatValue: 1.4013e-45}
[09/01 11:23:52.984338][debug][35996][PropertyAccessor.cpp:17] set property value success! propertyId: 183, value: {intValue: 1, floatValue: 1.4013e-45}
[09/01 11:23:52.997541][debug][35996][HostProtocol.cpp:425] Set property value, propertyId=183, value={intValue: 0, floatValue: 0}
[09/01 11:23:53.015344][debug][35996][PropertyAccessor.cpp:17] set property value success! propertyId: 183, value: {intValue: 0, floatValue: 0}
[09/01 11:23:53.359347][debug][35996][HostProtocol.cpp:425] Set property value, propertyId=183, value={intValue: 1, floatValue: 1.4013e-45}
[09/01 11:23:53.365084][debug][35996][PropertyAccessor.cpp:17] set property value success! propertyId: 183, value: {intValue: 1, floatValue: 1.4013e-45}
[09/01 11:23:53.409516][debug][35996][HostProtocol.cpp:425] Set property value, propertyId=183, value={intValue: 0, floatValue: 0}
[09/01 11:23:53.415504][debug][35996][PropertyAccessor.cpp:17] set property value success! propertyId: 183, value: {intValue: 0, floatValue: 0}
[09/01 11:23:53.543079][debug][35996][HostProtocol.cpp:425] Set property value, propertyId=183, value={intValue: 1, floatValue: 1.4013e-45}
[09/01 11:23:53.545625][debug][35996][PropertyAccessor.cpp:17] set property value success! propertyId: 183, value: {intValue: 1, floatValue: 1.4013e-45}
[09/01 11:23:53.602941][debug][35996][HostProtocol.cpp:425] Set property value, propertyId=183, value={intValue: 0, floatValue: 0}
[09/01 11:23:53.607495][debug][35996][PropertyAccessor.cpp:17] set property value success! propertyId: 183, value: {intValue: 0, floatValue: 0}
[09/01 11:23:53.747324][debug][35996][HostProtocol.cpp:425] Set property value, propertyId=183, value={intValue: 1, floatValue: 1.4013e-45}
[09/01 11:23:53.836496][warning][40292][Pipeline.cpp:310] Wait for frame timeout, you can try to increase the wait time! current timeout=100
[09/01 11:23:54.018661][debug][35996][PropertyAccessor.cpp:17] set property value success! propertyId: 183, value: {intValue: 1, floatValue: 1.4013e-45}
[09/01 11:23:54.019016][debug][35828][FrameBufferManager.cpp:35] New frame buffer allocated=0.000MB, total usage: allocated=72.527MB, max limit=2048.000MB
[09/01 11:23:54.019030][debug][35828][FrameBufferManager.cpp:35] New frame buffer allocated=0.000MB, total usage: allocated=72.528MB, max limit=2048.000MB
[09/01 11:23:54.019045][debug][35828][FrameBufferManager.cpp:35] New frame buffer allocated=0.000MB, total usage: allocated=72.528MB, max limit=2048.000MB
[09/01 11:23:54.019052][debug][35828][FrameBufferManager.cpp:35] New frame buffer allocated=0.000MB, total usage: allocated=72.528MB, max limit=2048.000MB
[09/01 11:23:54.019069][debug][35828][FrameBufferManager.cpp:35] New frame buffer allocated=0.000MB, total usage: allocated=72.528MB, max limit=2048.000MB
[09/01 11:23:54.019075][debug][35828][FrameBufferManager.cpp:35] New frame buffer allocated=0.000MB, total usage: allocated=72.528MB, max limit=2048.000MB
[09/01 11:23:54.019091][debug][35828][FrameBufferManager.cpp:35] New frame buffer allocated=0.000MB, total usage: allocated=72.528MB, max limit=2048.000MB
[09/01 11:23:54.019097][debug][35828][FrameBufferManager.cpp:35] New frame buffer allocated=0.000MB, total usage: allocated=72.529MB, max limit=2048.000MB
[09/01 11:23:54.019112][debug][35828][FrameBufferManager.cpp:35] New frame buffer allocated=0.000MB, total usage: allocated=72.529MB, max limit=2048.000MB
[09/01 11:23:54.019119][debug][35828][FrameBufferManager.cpp:35] New frame buffer allocated=0.000MB, total usage: allocated=72.529MB, max limit=2048.000MB
[09/01 11:23:54.019130][debug][35828][FrameBufferManager.cpp:35] New frame buffer allocated=0.000MB, total usage: allocated=72.529MB, max limit=2048.000MB
[09/01 11:23:54.019136][debug][35828][FrameBufferManager.cpp:35] New frame buffer allocated=0.000MB, total usage: allocated=72.529MB, max limit=2048.000MB
[09/01 11:23:54.074008][debug][35996][HostProtocol.cpp:425] Set property value, propertyId=183, value={intValue: 0, floatValue: 0}
[09/01 11:23:54.079799][debug][35996][PropertyAccessor.cpp:17] set property value success! propertyId: 183, value: {intValue: 0, floatValue: 0}
[09/01 11:23:54.109221][debug][18436][FrameBufferManager.cpp:35] New frame buffer allocated=2.198MB, total usage: allocated=74.727MB, max limit=2048.000MB
[09/01 11:23:54.118137][debug][18436][FrameBufferManager.cpp:35] New frame buffer allocated=2.198MB, total usage: allocated=76.925MB, max limit=2048.000MB
[09/01 11:23:54.125476][debug][18436][FrameBufferManager.cpp:35] New frame buffer allocated=2.198MB, total usage: allocated=79.123MB, max limit=2048.000MB
[09/01 11:23:54.134588][debug][18436][FrameBufferManager.cpp:35] New frame buffer allocated=2.198MB, total usage: allocated=81.320MB, max limit=2048.000MB
[09/01 11:23:54.147484][debug][18436][FrameBufferManager.cpp:35] New frame buffer allocated=2.198MB, total usage: allocated=83.518MB, max limit=2048.000MB
[09/01 11:23:54.152823][debug][18436][FrameBufferManager.cpp:35] New frame buffer allocated=2.198MB, total usage: allocated=85.716MB, max limit=2048.000MB
[09/01 11:23:54.164680][debug][18436][FrameBufferManager.cpp:35] New frame buffer allocated=2.198MB, total usage: allocated=87.914MB, max limit=2048.000MB
[09/01 11:23:54.176193][debug][18436][FrameBufferManager.cpp:35] New frame buffer allocated=2.198MB, total usage: allocated=90.111MB, max limit=2048.000MB
[09/01 11:23:54.191062][debug][18436][FrameBufferManager.cpp:35] New frame buffer allocated=2.198MB, total usage: allocated=92.309MB, max limit=2048.000MB
[09/01 11:23:54.205680][debug][18436][FrameBufferManager.cpp:35] New frame buffer allocated=2.198MB, total usage: allocated=94.507MB, max limit=2048.000MB
[09/01 11:23:54.225951][debug][18436][FrameBufferManager.cpp:35] New frame buffer allocated=2.198MB, total usage: allocated=96.704MB, max limit=2048.000MB
[09/01 11:23:54.239654][debug][18436][FrameBufferManager.cpp:35] New frame buffer allocated=2.198MB, total usage: allocated=98.902MB, max limit=2048.000MB
[09/01 11:23:54.246261][debug][18436][FrameBufferManager.cpp:35] New frame buffer allocated=2.198MB, total usage: allocated=101.100MB, max limit=2048.000MB
[09/01 11:23:54.255941][debug][18436][FrameBufferManager.cpp:35] New frame buffer allocated=2.198MB, total usage: allocated=103.298MB, max limit=2048.000MB
[09/01 11:23:54.268031][debug][18436][FrameBufferManager.cpp:35] New frame buffer allocated=2.198MB, total usage: allocated=105.495MB, max limit=2048.000MB
[09/01 11:23:54.286038][debug][35996][HostProtocol.cpp:425] Set property value, propertyId=164, value={intValue: 1, floatValue: 1.4013e-45}
[09/01 11:23:54.291720][debug][35996][PropertyAccessor.cpp:17] set property value success! propertyId: 164, value: {intValue: 1, floatValue: 1.4013e-45}
[09/01 11:23:54.315617][debug][18436][FrameBufferManager.cpp:35] New frame buffer allocated=2.198MB, total usage: allocated=107.693MB, max limit=2048.000MB
[09/01 11:23:54.325913][debug][35996][HostProtocol.cpp:425] Set property value, propertyId=183, value={intValue: 1, floatValue: 1.4013e-45}
[09/01 11:23:54.329376][debug][35996][PropertyAccessor.cpp:17] set property value success! propertyId: 183, value: {intValue: 1, floatValue: 1.4013e-45}
[09/01 11:23:54.341373][debug][35996][HostProtocol.cpp:425] Set property value, propertyId=183, value={intValue: 0, floatValue: 0}
[09/01 11:23:54.344770][debug][35996][PropertyAccessor.cpp:17] set property value success! propertyId: 183, value: {intValue: 0, floatValue: 0}
[09/01 11:23:54.367517][debug][20644][VendorCommand.cpp:186] DeviceStateUpdate, state code=0, dataSize=8, , msg=
[09/01 11:23:54.437077][debug][35996][HostProtocol.cpp:425] Set property value, propertyId=164, value={intValue: 2, floatValue: 2.8026e-45}
[09/01 11:23:54.438842][debug][35996][PropertyAccessor.cpp:17] set property value success! propertyId: 164, value: {intValue: 2, floatValue: 2.8026e-45}
[09/01 11:23:54.482065][debug][36008][HostProtocol.cpp:425] Set property value, propertyId=2027, value={intValue: 1500, floatValue: 2.10195e-42}
[09/01 11:23:54.496393][debug][36008][PropertyAccessor.cpp:17] set property value success! propertyId: 2027, value: {intValue: 1500, floatValue: 2.10195e-42}
[09/01 11:23:54.503152][debug][35996][HostProtocol.cpp:425] Set property value, propertyId=183, value={intValue: 1, floatValue: 1.4013e-45}
[09/01 11:23:54.515245][debug][35996][PropertyAccessor.cpp:17] set property value success! propertyId: 183, value: {intValue: 1, floatValue: 1.4013e-45}
[09/01 11:23:54.528213][debug][35996][HostProtocol.cpp:425] Set property value, propertyId=183, value={intValue: 0, floatValue: 0}
[09/01 11:23:54.532981][debug][35996][PropertyAccessor.cpp:17] set property value success! propertyId: 183, value: {intValue: 0, floatValue: 0}
[09/01 11:23:54.729734][debug][18436][FrameBufferManager.cpp:35] New frame buffer allocated=2.198MB, total usage: allocated=109.891MB, max limit=2048.000MB
[09/01 11:23:54.908469][debug][19016][FrameBufferManager.cpp:35] New frame buffer allocated=4.395MB, total usage: allocated=114.286MB, max limit=2048.000MB
[09/01 11:23:54.908620][debug][19016][FrameBufferManager.cpp:35] New frame buffer allocated=4.395MB, total usage: allocated=118.681MB, max limit=2048.000MB
[09/01 11:23:54.908736][debug][19016][FrameBufferManager.cpp:35] New frame buffer allocated=4.395MB, total usage: allocated=123.076MB, max limit=2048.000MB
[09/01 11:23:54.908827][debug][19016][FrameBufferManager.cpp:35] New frame buffer allocated=4.395MB, total usage: allocated=127.471MB, max limit=2048.000MB
[09/01 11:23:54.908916][debug][19016][FrameBufferManager.cpp:35] New frame buffer allocated=4.395MB, total usage: allocated=131.866MB, max limit=2048.000MB
[09/01 11:23:54.909006][debug][19016][FrameBufferManager.cpp:35] New frame buffer allocated=4.395MB, total usage: allocated=136.261MB, max limit=2048.000MB
[09/01 11:23:54.909102][debug][19016][FrameBufferManager.cpp:35] New frame buffer allocated=4.395MB, total usage: allocated=140.656MB, max limit=2048.000MB
[09/01 11:23:54.909515][error][32716][BlockStdDevDecompressor.cpp:55] IR RLE frame decompress failed,return code:-1
[09/01 11:23:54.909964][debug][19016][FrameBufferManager.cpp:35] New frame buffer allocated=4.395MB, total usage: allocated=145.051MB, max limit=2048.000MB
[09/01 11:23:54.910150][debug][19016][FrameBufferManager.cpp:35] New frame buffer allocated=4.395MB, total usage: allocated=149.446MB, max limit=2048.000MB
[09/01 11:23:54.910251][debug][19016][FrameBufferManager.cpp:35] New frame buffer allocated=4.395MB, total usage: allocated=153.841MB, max limit=2048.000MB
[09/01 11:23:54.910348][debug][19016][FrameBufferManager.cpp:35] New frame buffer allocated=4.395MB, total usage: allocated=158.236MB, max limit=2048.000MB
[09/01 11:23:54.910454][debug][19016][FrameBufferManager.cpp:35] New frame buffer allocated=4.395MB, total usage: allocated=162.631MB, max limit=2048.000MB
[09/01 11:23:54.910558][warning][39740][FrameProcessingBlock.cpp:89] Source frameset queue fulled, drop the oldest frame! class libobsensor::BlockStdDevDecompressor@0x20ef2c97d30
[09/01 11:23:54.910621][debug][19016][FrameBufferManager.cpp:35] New frame buffer allocated=4.395MB, total usage: allocated=167.026MB, max limit=2048.000MB
[09/01 11:23:54.915272][debug][32716][FrameBufferManager.cpp:35] New frame buffer allocated=2.198MB, total usage: allocated=169.223MB, max limit=2048.000MB
[09/01 11:23:54.917836][debug][26348][FrameBufferManager.cpp:35] New frame buffer allocated=2.198MB, total usage: allocated=171.421MB, max limit=2048.000MB
[09/01 11:23:54.918836][debug][26348][FrameBufferManager.cpp:35] New frame buffer allocated=2.198MB, total usage: allocated=173.619MB, max limit=2048.000MB
[09/01 11:23:54.921913][debug][26348][FrameBufferManager.cpp:35] New frame buffer allocated=2.198MB, total usage: allocated=175.816MB, max limit=2048.000MB
[09/01 11:23:54.922856][debug][32716][FrameBufferManager.cpp:35] New frame buffer allocated=2.198MB, total usage: allocated=178.014MB, max limit=2048.000MB
[09/01 11:23:54.935882][debug][36008][HostProtocol.cpp:461] get property value success! propertyId=154, cur={intValue: 1235936768, floatValue: 1.4e+06}, max={intValue: 1236736768, floatValue: 1.5e+06}, min={intValue: 1203982336, floatValue: 100000},def={intValue: 1229148160, floatValue: 800000},step={intValue: 1169915904, floatValue: 6000}
[09/01 11:23:54.935928][debug][36008][PropertyAccessor.cpp:34] get property value range success! propertyId: 154, range: {max: {intValue: 1236736768, floatValue: 1.5e+06}, min: {intValue: 1203982336, floatValue: 100000}, step: {intValue: 1169915904, floatValue: 6000}, def: {intValue: 1229148160, floatValue: 800000}}
[09/01 11:23:54.935949][debug][36008][HostProtocol.cpp:425] Set property value, propertyId=154, value={intValue: 1234496768, floatValue: 1.22e+06}
[09/01 11:23:54.946211][debug][36008][PropertyAccessor.cpp:17] set property value success! propertyId: 154, value: {intValue: 1234496768, floatValue: 1.22e+06}
[09/01 11:23:54.963269][debug][36008][HostProtocol.cpp:461] get property value success! propertyId=155, cur={intValue: 1235936768, floatValue: 1.4e+06}, max={intValue: 1236736768, floatValue: 1.5e+06}, min={intValue: 1203982336, floatValue: 100000},def={intValue: 1229148160, floatValue: 800000},step={intValue: 1169915904, floatValue: 6000}
[09/01 11:23:54.963317][debug][36008][PropertyAccessor.cpp:34] get property value range success! propertyId: 155, range: {max: {intValue: 1236736768, floatValue: 1.5e+06}, min: {intValue: 1203982336, floatValue: 100000}, step: {intValue: 1169915904, floatValue: 6000}, def: {intValue: 1229148160, floatValue: 800000}}
[09/01 11:23:54.963339][debug][36008][HostProtocol.cpp:425] Set property value, propertyId=155, value={intValue: 1234496768, floatValue: 1.22e+06}
[09/01 11:23:54.971687][debug][36008][PropertyAccessor.cpp:17] set property value success! propertyId: 155, value: {intValue: 1234496768, floatValue: 1.22e+06}
[09/01 11:23:55.155921][debug][19016][VideoSensor.cpp:414] OB_SENSOR_IR_LEFT Streaming... frameRate=39.633541fps,bitRate=74.442612Mbps
[09/01 11:23:55.289070][debug][38268][VideoSensor.cpp:414] OB_SENSOR_IR_RIGHT Streaming... frameRate=39.984085fps,bitRate=72.299744Mbps
[09/01 11:23:55.314999][debug][26348][Pipeline.cpp:271] Pipeline streaming... frameset output rate=40.183929fps
[09/01 11:23:55.381074][debug][35828][AccelSensor.cpp:213] Accel Sensor Streaming... frameRate=196.179871fps
[09/01 11:23:55.825176][debug][36008][HostProtocol.cpp:425] Set property value, propertyId=2027, value={intValue: 1600, floatValue: 2.24208e-42}
[09/01 11:23:55.845711][debug][36008][PropertyAccessor.cpp:17] set property value success! propertyId: 2027, value: {intValue: 1600, floatValue: 2.24208e-42}
[09/01 11:23:55.870831][debug][35996][HostProtocol.cpp:425] Set property value, propertyId=183, value={intValue: 1, floatValue: 1.4013e-45}
[09/01 11:23:55.875790][debug][35996][PropertyAccessor.cpp:17] set property value success! propertyId: 183, value: {intValue: 1, floatValue: 1.4013e-45}
[09/01 11:23:55.898772][debug][35996][HostProtocol.cpp:425] Set property value, propertyId=183, value={intValue: 0, floatValue: 0}
[09/01 11:23:55.906432][debug][35996][PropertyAccessor.cpp:17] set property value success! propertyId: 183, value: {intValue: 0, floatValue: 0}
[09/01 11:23:56.055206][debug][36008][HostProtocol.cpp:461] get property value success! propertyId=154, cur={intValue: 1234496768, floatValue: 1.22e+06}, max={intValue: 1236736768, floatValue: 1.5e+06}, min={intValue: 1203982336, floatValue: 100000},def={intValue: 1229148160, floatValue: 800000},step={intValue: 1169915904, floatValue: 6000}
[09/01 11:23:56.055241][debug][36008][PropertyAccessor.cpp:34] get property value range success! propertyId: 154, range: {max: {intValue: 1236736768, floatValue: 1.5e+06}, min: {intValue: 1203982336, floatValue: 100000}, step: {intValue: 1169915904, floatValue: 6000}, def: {intValue: 1229148160, floatValue: 800000}}
[09/01 11:23:56.055254][debug][36008][HostProtocol.cpp:425] Set property value, propertyId=154, value={intValue: 1235024768, floatValue: 1.286e+06}
[09/01 11:23:56.060017][debug][36008][PropertyAccessor.cpp:17] set property value success! propertyId: 154, value: {intValue: 1235024768, floatValue: 1.286e+06}
[09/01 11:23:56.066706][debug][36008][HostProtocol.cpp:461] get property value success! propertyId=155, cur={intValue: 1234496768, floatValue: 1.22e+06}, max={intValue: 1236736768, floatValue: 1.5e+06}, min={intValue: 1203982336, floatValue: 100000},def={intValue: 1229148160, floatValue: 800000},step={intValue: 1169915904, floatValue: 6000}
[09/01 11:23:56.066742][debug][36008][PropertyAccessor.cpp:34] get property value range success! propertyId: 155, range: {max: {intValue: 1236736768, floatValue: 1.5e+06}, min: {intValue: 1203982336, floatValue: 100000}, step: {intValue: 1169915904, floatValue: 6000}, def: {intValue: 1229148160, floatValue: 800000}}
[09/01 11:23:56.066766][debug][36008][HostProtocol.cpp:425] Set property value, propertyId=155, value={intValue: 1235024768, floatValue: 1.286e+06}
[09/01 11:23:56.069537][debug][36008][PropertyAccessor.cpp:17] set property value success! propertyId: 155, value: {intValue: 1235024768, floatValue: 1.286e+06}
[09/01 11:23:56.647284][debug][35996][HostProtocol.cpp:425] Set property value, propertyId=183, value={intValue: 1, floatValue: 1.4013e-45}
[09/01 11:23:56.653401][debug][35996][PropertyAccessor.cpp:17] set property value success! propertyId: 183, value: {intValue: 1, floatValue: 1.4013e-45}
[09/01 11:23:56.676032][debug][36008][HostProtocol.cpp:425] Set property value, propertyId=2027, value={intValue: 1700, floatValue: 2.38221e-42}
[09/01 11:23:56.688724][debug][36008][PropertyAccessor.cpp:17] set property value success! propertyId: 2027, value: {intValue: 1700, floatValue: 2.38221e-42}
[09/01 11:23:56.699182][debug][35996][HostProtocol.cpp:425] Set property value, propertyId=183, value={intValue: 0, floatValue: 0}
[09/01 11:23:56.706024][debug][35996][PropertyAccessor.cpp:17] set property value success! propertyId: 183, value: {intValue: 0, floatValue: 0}
[09/01 11:23:56.717818][debug][35996][HostProtocol.cpp:425] Set property value, propertyId=183, value={intValue: 1, floatValue: 1.4013e-45}
[09/01 11:23:56.720473][debug][35996][PropertyAccessor.cpp:17] set property value success! propertyId: 183, value: {intValue: 1, floatValue: 1.4013e-45}
[09/01 11:23:56.754102][debug][35996][HostProtocol.cpp:425] Set property value, propertyId=183, value={intValue: 0, floatValue: 0}
[09/01 11:23:56.763145][debug][35996][PropertyAccessor.cpp:17] set property value success! propertyId: 183, value: {intValue: 0, floatValue: 0}
[09/01 11:23:56.799408][debug][35996][HostProtocol.cpp:425] Set property value, propertyId=183, value={intValue: 1, floatValue: 1.4013e-45}
[09/01 11:23:56.805698][debug][35996][PropertyAccessor.cpp:17] set property value success! propertyId: 183, value: {intValue: 1, floatValue: 1.4013e-45}
[09/01 11:23:56.817844][debug][35996][HostProtocol.cpp:425] Set property value, propertyId=183, value={intValue: 0, floatValue: 0}
[09/01 11:23:56.830287][debug][35996][PropertyAccessor.cpp:17] set property value success! propertyId: 183, value: {intValue: 0, floatValue: 0}
[09/01 11:23:56.897531][debug][36008][HostProtocol.cpp:461] get property value success! propertyId=154, cur={intValue: 1235024768, floatValue: 1.286e+06}, max={intValue: 1236736768, floatValue: 1.5e+06}, min={intValue: 1203982336, floatValue: 100000},def={intValue: 1229148160, floatValue: 800000},step={intValue: 1169915904, floatValue: 6000}
[09/01 11:23:56.897569][debug][36008][PropertyAccessor.cpp:34] get property value range success! propertyId: 154, range: {max: {intValue: 1236736768, floatValue: 1.5e+06}, min: {intValue: 1203982336, floatValue: 100000}, step: {intValue: 1169915904, floatValue: 6000}, def: {intValue: 1229148160, floatValue: 800000}}
[09/01 11:23:56.897582][debug][36008][HostProtocol.cpp:425] Set property value, propertyId=154, value={intValue: 1235552768, floatValue: 1.352e+06}
[09/01 11:23:56.905171][debug][36008][PropertyAccessor.cpp:17] set property value success! propertyId: 154, value: {intValue: 1235552768, floatValue: 1.352e+06}
[09/01 11:23:56.916706][debug][36008][HostProtocol.cpp:461] get property value success! propertyId=155, cur={intValue: 1235024768, floatValue: 1.286e+06}, max={intValue: 1236736768, floatValue: 1.5e+06}, min={intValue: 1203982336, floatValue: 100000},def={intValue: 1229148160, floatValue: 800000},step={intValue: 1169915904, floatValue: 6000}
[09/01 11:23:56.916751][debug][36008][PropertyAccessor.cpp:34] get property value range success! propertyId: 155, range: {max: {intValue: 1236736768, floatValue: 1.5e+06}, min: {intValue: 1203982336, floatValue: 100000}, step: {intValue: 1169915904, floatValue: 6000}, def: {intValue: 1229148160, floatValue: 800000}}
[09/01 11:23:56.916765][debug][36008][HostProtocol.cpp:425] Set property value, propertyId=155, value={intValue: 1235552768, floatValue: 1.352e+06}
[09/01 11:23:56.919044][debug][36008][PropertyAccessor.cpp:17] set property value success! propertyId: 155, value: {intValue: 1235552768, floatValue: 1.352e+06}
[09/01 11:23:56.919082][debug][36008][HostProtocol.cpp:425] Set property value, propertyId=161, value={intValue: 33, floatValue: 4.62428e-44}
[09/01 11:23:56.921151][debug][36008][PropertyAccessor.cpp:17] set property value success! propertyId: 161, value: {intValue: 33, floatValue: 4.62428e-44}
[09/01 11:23:56.938054][warning][39180][Pipeline.cpp:310] Wait for frame timeout, you can try to increase the wait time! current timeout=100 [**4 logs in 3101ms, last: 11:23:54.643636**]
[09/01 11:23:56.947348][debug][35996][HostProtocol.cpp:425] Set property value, propertyId=183, value={intValue: 1, floatValue: 1.4013e-45}
[09/01 11:23:56.968300][debug][35996][PropertyAccessor.cpp:17] set property value success! propertyId: 183, value: {intValue: 1, floatValue: 1.4013e-45}
[09/01 11:23:56.980301][debug][35996][HostProtocol.cpp:425] Set property value, propertyId=183, value={intValue: 0, floatValue: 0}
[09/01 11:23:56.991848][debug][35996][PropertyAccessor.cpp:17] set property value success! propertyId: 183, value: {intValue: 0, floatValue: 0}
[09/01 11:23:57.017414][debug][35996][HostProtocol.cpp:425] Set property value, propertyId=183, value={intValue: 1, floatValue: 1.4013e-45}
[09/01 11:23:57.019856][debug][35996][PropertyAccessor.cpp:17] set property value success! propertyId: 183, value: {intValue: 1, floatValue: 1.4013e-45}
[09/01 11:23:57.063384][debug][35996][HostProtocol.cpp:425] Set property value, propertyId=183, value={intValue: 0, floatValue: 0}
[09/01 11:23:57.066007][debug][35996][PropertyAccessor.cpp:17] set property value success! propertyId: 183, value: {intValue: 0, floatValue: 0}
[09/01 11:23:57.117492][debug][36008][HostProtocol.cpp:425] Set property value, propertyId=2027, value={intValue: 1600, floatValue: 2.24208e-42}
[09/01 11:23:57.128034][debug][36008][PropertyAccessor.cpp:17] set property value success! propertyId: 2027, value: {intValue: 1600, floatValue: 2.24208e-42}
[09/01 11:23:57.277531][debug][35996][HostProtocol.cpp:425] Set property value, propertyId=183, value={intValue: 1, floatValue: 1.4013e-45}
[09/01 11:23:57.281818][debug][35996][PropertyAccessor.cpp:17] set property value success! propertyId: 183, value: {intValue: 1, floatValue: 1.4013e-45}
[09/01 11:23:57.293581][debug][35996][HostProtocol.cpp:425] Set property value, propertyId=183, value={intValue: 0, floatValue: 0}
[09/01 11:23:57.306581][debug][35996][PropertyAccessor.cpp:17] set property value success! propertyId: 183, value: {intValue: 0, floatValue: 0}
[09/01 11:23:57.329909][debug][35996][HostProtocol.cpp:425] Set property value, propertyId=183, value={intValue: 1, floatValue: 1.4013e-45}
[09/01 11:23:57.337924][debug][35996][PropertyAccessor.cpp:17] set property value success! propertyId: 183, value: {intValue: 1, floatValue: 1.4013e-45}
[09/01 11:23:57.348327][debug][36008][HostProtocol.cpp:461] get property value success! propertyId=154, cur={intValue: 1235552768, floatValue: 1.352e+06}, max={intValue: 1236736768, floatValue: 1.5e+06}, min={intValue: 1203982336, floatValue: 100000},def={intValue: 1229148160, floatValue: 800000},step={intValue: 1169915904, floatValue: 6000}
[09/01 11:23:57.348357][debug][36008][PropertyAccessor.cpp:34] get property value range success! propertyId: 154, range: {max: {intValue: 1236736768, floatValue: 1.5e+06}, min: {intValue: 1203982336, floatValue: 100000}, step: {intValue: 1169915904, floatValue: 6000}, def: {intValue: 1229148160, floatValue: 800000}}
[09/01 11:23:57.348372][debug][36008][HostProtocol.cpp:425] Set property value, propertyId=154, value={intValue: 1235288768, floatValue: 1.319e+06}
[09/01 11:23:57.366043][debug][36008][PropertyAccessor.cpp:17] set property value success! propertyId: 154, value: {intValue: 1235288768, floatValue: 1.319e+06}
[09/01 11:23:57.368831][debug][20644][VendorCommand.cpp:186] DeviceStateUpdate, state code=0, dataSize=8, , msg=
[09/01 11:23:57.368845][debug][35996][HostProtocol.cpp:425] Set property value, propertyId=183, value={intValue: 0, floatValue: 0}
[09/01 11:23:57.373096][debug][35996][PropertyAccessor.cpp:17] set property value success! propertyId: 183, value: {intValue: 0, floatValue: 0}
[09/01 11:23:57.382688][debug][36008][HostProtocol.cpp:461] get property value success! propertyId=155, cur={intValue: 1235552768, floatValue: 1.352e+06}, max={intValue: 1236736768, floatValue: 1.5e+06}, min={intValue: 1203982336, floatValue: 100000},def={intValue: 1229148160, floatValue: 800000},step={intValue: 1169915904, floatValue: 6000}
[09/01 11:23:57.382748][debug][36008][PropertyAccessor.cpp:34] get property value range success! propertyId: 155, range: {max: {intValue: 1236736768, floatValue: 1.5e+06}, min: {intValue: 1203982336, floatValue: 100000}, step: {intValue: 1169915904, floatValue: 6000}, def: {intValue: 1229148160, floatValue: 800000}}
[09/01 11:23:57.382777][debug][36008][HostProtocol.cpp:425] Set property value, propertyId=155, value={intValue: 1235288768, floatValue: 1.319e+06}
[09/01 11:23:57.396507][debug][36008][PropertyAccessor.cpp:17] set property value success! propertyId: 155, value: {intValue: 1235288768, floatValue: 1.319e+06}
[09/01 11:23:57.396568][debug][35996][HostProtocol.cpp:425] Set property value, propertyId=183, value={intValue: 1, floatValue: 1.4013e-45}
[09/01 11:23:57.398707][debug][35996][PropertyAccessor.cpp:17] set property value success! propertyId: 183, value: {intValue: 1, floatValue: 1.4013e-45}
[09/01 11:23:57.399900][debug][35996][HostProtocol.cpp:425] Set property value, propertyId=183, value={intValue: 0, floatValue: 0}
[09/01 11:23:57.409782][debug][35996][PropertyAccessor.cpp:17] set property value success! propertyId: 183, value: {intValue: 0, floatValue: 0}
[09/01 11:23:57.422229][debug][35996][HostProtocol.cpp:425] Set property value, propertyId=183, value={intValue: 1, floatValue: 1.4013e-45}
[09/01 11:23:57.424418][debug][35996][PropertyAccessor.cpp:17] set property value success! propertyId: 183, value: {intValue: 1, floatValue: 1.4013e-45}
[09/01 11:23:57.502201][debug][35996][HostProtocol.cpp:425] Set property value, propertyId=183, value={intValue: 0, floatValue: 0}
[09/01 11:23:57.509515][debug][35996][PropertyAccessor.cpp:17] set property value success! propertyId: 183, value: {intValue: 0, floatValue: 0}
[09/01 11:23:57.911803][warning][19232][FrameProcessingBlock.cpp:89] Source frameset queue fulled, drop the oldest frame! class libobsensor::BlockStdDevDecompressor@0x20ef2c97d30 [**3 logs in 3001ms, last: 11:23:54.911350**]
[09/01 11:23:57.970424][debug][35996][HostProtocol.cpp:425] Set property value, propertyId=183, value={intValue: 1, floatValue: 1.4013e-45}
[09/01 11:23:57.972353][debug][35996][PropertyAccessor.cpp:17] set property value success! propertyId: 183, value: {intValue: 1, floatValue: 1.4013e-45}
[09/01 11:23:58.016543][debug][35996][HostProtocol.cpp:425] Set property value, propertyId=183, value={intValue: 0, floatValue: 0}
[09/01 11:23:58.019750][debug][35996][PropertyAccessor.cpp:17] set property value success! propertyId: 183, value: {intValue: 0, floatValue: 0}
[09/01 11:23:58.205971][debug][35996][HostProtocol.cpp:425] Set property value, propertyId=183, value={intValue: 1, floatValue: 1.4013e-45}
[09/01 11:23:58.213767][debug][35996][PropertyAccessor.cpp:17] set property value success! propertyId: 183, value: {intValue: 1, floatValue: 1.4013e-45}
[09/01 11:23:58.225813][debug][35996][HostProtocol.cpp:425] Set property value, propertyId=183, value={intValue: 0, floatValue: 0}
[09/01 11:23:58.240062][debug][35996][PropertyAccessor.cpp:17] set property value success! propertyId: 183, value: {intValue: 0, floatValue: 0}
[09/01 11:23:58.252503][debug][35996][HostProtocol.cpp:425] Set property value, propertyId=183, value={intValue: 1, floatValue: 1.4013e-45}
[09/01 11:23:58.265155][debug][35996][PropertyAccessor.cpp:17] set property value success! propertyId: 183, value: {intValue: 1, floatValue: 1.4013e-45}
[09/01 11:23:58.277584][debug][35996][HostProtocol.cpp:425] Set property value, propertyId=183, value={intValue: 0, floatValue: 0}
[09/01 11:23:58.295326][debug][35996][PropertyAccessor.cpp:17] set property value success! propertyId: 183, value: {intValue: 0, floatValue: 0}
[09/01 11:23:58.307482][debug][35996][HostProtocol.cpp:425] Set property value, propertyId=183, value={intValue: 1, floatValue: 1.4013e-45}
[09/01 11:23:58.328992][debug][35996][PropertyAccessor.cpp:17] set property value success! propertyId: 183, value: {intValue: 1, floatValue: 1.4013e-45}
[09/01 11:23:58.332658][debug][35996][HostProtocol.cpp:425] Set property value, propertyId=183, value={intValue: 0, floatValue: 0}
[09/01 11:23:58.339588][debug][35996][PropertyAccessor.cpp:17] set property value success! propertyId: 183, value: {intValue: 0, floatValue: 0}
[09/01 11:23:58.351327][debug][35996][HostProtocol.cpp:425] Set property value, propertyId=183, value={intValue: 1, floatValue: 1.4013e-45}
[09/01 11:23:58.354775][debug][35996][PropertyAccessor.cpp:17] set property value success! propertyId: 183, value: {intValue: 1, floatValue: 1.4013e-45}
[09/01 11:23:58.411682][debug][35996][HostProtocol.cpp:425] Set property value, propertyId=183, value={intValue: 0, floatValue: 0}
[09/01 11:23:58.417021][debug][35996][PropertyAccessor.cpp:17] set property value success! propertyId: 183, value: {intValue: 0, floatValue: 0}
[09/01 11:23:58.426551][debug][36008][HostProtocol.cpp:425] Set property value, propertyId=2027, value={intValue: 1700, floatValue: 2.38221e-42}
[09/01 11:23:58.449265][debug][36008][PropertyAccessor.cpp:17] set property value success! propertyId: 2027, value: {intValue: 1700, floatValue: 2.38221e-42}
[09/01 11:23:58.449348][debug][35996][HostProtocol.cpp:425] Set property value, propertyId=183, value={intValue: 1, floatValue: 1.4013e-45}
[09/01 11:23:58.460837][debug][35996][PropertyAccessor.cpp:17] set property value success! propertyId: 183, value: {intValue: 1, floatValue: 1.4013e-45}
[09/01 11:23:58.474366][debug][35996][HostProtocol.cpp:425] Set property value, propertyId=183, value={intValue: 0, floatValue: 0}
[09/01 11:23:58.484223][debug][35996][PropertyAccessor.cpp:17] set property value success! propertyId: 183, value: {intValue: 0, floatValue: 0}
[09/01 11:23:58.506775][debug][35996][HostProtocol.cpp:425] Set property value, propertyId=183, value={intValue: 1, floatValue: 1.4013e-45}
[09/01 11:23:58.513653][debug][35996][PropertyAccessor.cpp:17] set property value success! propertyId: 183, value: {intValue: 1, floatValue: 1.4013e-45}
[09/01 11:23:58.603029][debug][35996][HostProtocol.cpp:425] Set property value, propertyId=164, value={intValue: 1, floatValue: 1.4013e-45}
[09/01 11:23:58.612495][debug][35996][PropertyAccessor.cpp:17] set property value success! propertyId: 164, value: {intValue: 1, floatValue: 1.4013e-45}
[09/01 11:23:58.773181][debug][35996][HostProtocol.cpp:425] Set property value, propertyId=164, value={intValue: 2, floatValue: 2.8026e-45}
[09/01 11:23:58.782514][debug][35996][PropertyAccessor.cpp:17] set property value success! propertyId: 164, value: {intValue: 2, floatValue: 2.8026e-45}
[09/01 11:23:58.864158][debug][36008][HostProtocol.cpp:425] Set property value, propertyId=2027, value={intValue: 1800, floatValue: 2.52234e-42}
[09/01 11:23:58.878687][debug][36008][PropertyAccessor.cpp:17] set property value success! propertyId: 2027, value: {intValue: 1800, floatValue: 2.52234e-42}
[09/01 11:23:58.878782][debug][35996][HostProtocol.cpp:425] Set property value, propertyId=183, value={intValue: 0, floatValue: 0}
[09/01 11:23:58.889055][debug][35996][PropertyAccessor.cpp:17] set property value success! propertyId: 183, value: {intValue: 0, floatValue: 0}
[09/01 11:23:58.923847][debug][35996][HostProtocol.cpp:425] Set property value, propertyId=183, value={intValue: 1, floatValue: 1.4013e-45}
[09/01 11:23:58.931419][debug][35996][PropertyAccessor.cpp:17] set property value success! propertyId: 183, value: {intValue: 1, floatValue: 1.4013e-45}
[09/01 11:23:58.990816][debug][9448][PropertyAccessor.cpp:71] get cmd version success! propertyId: 1056, version: 0
[09/01 11:23:58.992487][debug][9448][PropertyAccessor.cpp:79] get struct data success! propertyId: 1056
[09/01 11:23:58.997776][debug][35996][HostProtocol.cpp:425] Set property value, propertyId=183, value={intValue: 0, floatValue: 0}
[09/01 11:23:59.003292][debug][35996][PropertyAccessor.cpp:17] set property value success! propertyId: 183, value: {intValue: 0, floatValue: 0}
[09/01 11:23:59.049149][debug][35996][HostProtocol.cpp:425] Set property value, propertyId=183, value={intValue: 1, floatValue: 1.4013e-45}
[09/01 11:23:59.051170][debug][35996][PropertyAccessor.cpp:17] set property value success! propertyId: 183, value: {intValue: 1, floatValue: 1.4013e-45}
[09/01 11:23:59.073218][debug][35996][HostProtocol.cpp:425] Set property value, propertyId=183, value={intValue: 0, floatValue: 0}
[09/01 11:23:59.075592][debug][35996][PropertyAccessor.cpp:17] set property value success! propertyId: 183, value: {intValue: 0, floatValue: 0}
[09/01 11:23:59.113266][debug][36008][HostProtocol.cpp:461] get property value success! propertyId=154, cur={intValue: 1235288768, floatValue: 1.319e+06}, max={intValue: 1236736768, floatValue: 1.5e+06}, min={intValue: 1203982336, floatValue: 100000},def={intValue: 1229148160, floatValue: 800000},step={intValue: 1169915904, floatValue: 6000}
[09/01 11:23:59.113309][debug][36008][PropertyAccessor.cpp:34] get property value range success! propertyId: 154, range: {max: {intValue: 1236736768, floatValue: 1.5e+06}, min: {intValue: 1203982336, floatValue: 100000}, step: {intValue: 1169915904, floatValue: 6000}, def: {intValue: 1229148160, floatValue: 800000}}
[09/01 11:23:59.113328][debug][36008][HostProtocol.cpp:425] Set property value, propertyId=154, value={intValue: 1233848768, floatValue: 1.139e+06}
[09/01 11:23:59.116664][debug][36008][PropertyAccessor.cpp:17] set property value success! propertyId: 154, value: {intValue: 1233848768, floatValue: 1.139e+06}
[09/01 11:23:59.116787][debug][35996][HostProtocol.cpp:425] Set property value, propertyId=164, value={intValue: 3, floatValue: 4.2039e-45}
[09/01 11:23:59.118588][debug][35996][PropertyAccessor.cpp:17] set property value success! propertyId: 164, value: {intValue: 3, floatValue: 4.2039e-45}
[09/01 11:23:59.131099][debug][36008][HostProtocol.cpp:461] get property value success! propertyId=155, cur={intValue: 1235288768, floatValue: 1.319e+06}, max={intValue: 1236736768, floatValue: 1.5e+06}, min={intValue: 1203982336, floatValue: 100000},def={intValue: 1229148160, floatValue: 800000},step={intValue: 1169915904, floatValue: 6000}
[09/01 11:23:59.131144][debug][36008][PropertyAccessor.cpp:34] get property value range success! propertyId: 155, range: {max: {intValue: 1236736768, floatValue: 1.5e+06}, min: {intValue: 1203982336, floatValue: 100000}, step: {intValue: 1169915904, floatValue: 6000}, def: {intValue: 1229148160, floatValue: 800000}}
[09/01 11:23:59.131164][debug][36008][HostProtocol.cpp:425] Set property value, propertyId=155, value={intValue: 1233848768, floatValue: 1.139e+06}
[09/01 11:23:59.138715][debug][36008][PropertyAccessor.cpp:17] set property value success! propertyId: 155, value: {intValue: 1233848768, floatValue: 1.139e+06}
[09/01 11:23:59.144288][debug][35996][HostProtocol.cpp:425] Set property value, propertyId=183, value={intValue: 1, floatValue: 1.4013e-45}
[09/01 11:23:59.153803][debug][35996][PropertyAccessor.cpp:17] set property value success! propertyId: 183, value: {intValue: 1, floatValue: 1.4013e-45}
[09/01 11:23:59.232412][debug][35996][HostProtocol.cpp:425] Set property value, propertyId=183, value={intValue: 0, floatValue: 0}
[09/01 11:23:59.243439][debug][35996][PropertyAccessor.cpp:17] set property value success! propertyId: 183, value: {intValue: 0, floatValue: 0}
[09/01 11:23:59.324004][debug][36008][HostProtocol.cpp:425] Set property value, propertyId=2027, value={intValue: 1900, floatValue: 2.66247e-42}
[09/01 11:23:59.336757][debug][36008][PropertyAccessor.cpp:17] set property value success! propertyId: 2027, value: {intValue: 1900, floatValue: 2.66247e-42}
[09/01 11:23:59.336836][debug][35996][HostProtocol.cpp:425] Set property value, propertyId=183, value={intValue: 1, floatValue: 1.4013e-45}
[09/01 11:23:59.339708][debug][35996][PropertyAccessor.cpp:17] set property value success! propertyId: 183, value: {intValue: 1, floatValue: 1.4013e-45}
[09/01 11:23:59.351969][debug][35996][HostProtocol.cpp:425] Set property value, propertyId=183, value={intValue: 0, floatValue: 0}
[09/01 11:23:59.355281][debug][35996][PropertyAccessor.cpp:17] set property value success! propertyId: 183, value: {intValue: 0, floatValue: 0}
[09/01 11:23:59.493572][debug][35996][HostProtocol.cpp:425] Set property value, propertyId=183, value={intValue: 1, floatValue: 1.4013e-45}
[09/01 11:23:59.496722][debug][35996][PropertyAccessor.cpp:17] set property value success! propertyId: 183, value: {intValue: 1, floatValue: 1.4013e-45}
[09/01 11:23:59.557775][debug][36008][HostProtocol.cpp:461] get property value success! propertyId=154, cur={intValue: 1233848768, floatValue: 1.139e+06}, max={intValue: 1236736768, floatValue: 1.5e+06}, min={intValue: 1203982336, floatValue: 100000},def={intValue: 1229148160, floatValue: 800000},step={intValue: 1169915904, floatValue: 6000}
[09/01 11:23:59.557809][debug][36008][PropertyAccessor.cpp:34] get property value range success! propertyId: 154, range: {max: {intValue: 1236736768, floatValue: 1.5e+06}, min: {intValue: 1203982336, floatValue: 100000}, step: {intValue: 1169915904, floatValue: 6000}, def: {intValue: 1229148160, floatValue: 800000}}
[09/01 11:23:59.557827][debug][36008][HostProtocol.cpp:425] Set property value, propertyId=154, value={intValue: 1234475168, floatValue: 1.2173e+06}
[09/01 11:23:59.568041][debug][36008][PropertyAccessor.cpp:17] set property value success! propertyId: 154, value: {intValue: 1234475168, floatValue: 1.2173e+06}
[09/01 11:23:59.570811][debug][36008][HostProtocol.cpp:461] get property value success! propertyId=155, cur={intValue: 1233848768, floatValue: 1.139e+06}, max={intValue: 1236736768, floatValue: 1.5e+06}, min={intValue: 1203982336, floatValue: 100000},def={intValue: 1229148160, floatValue: 800000},step={intValue: 1169915904, floatValue: 6000}
[09/01 11:23:59.570845][debug][36008][PropertyAccessor.cpp:34] get property value range success! propertyId: 155, range: {max: {intValue: 1236736768, floatValue: 1.5e+06}, min: {intValue: 1203982336, floatValue: 100000}, step: {intValue: 1169915904, floatValue: 6000}, def: {intValue: 1229148160, floatValue: 800000}}
[09/01 11:23:59.570862][debug][36008][HostProtocol.cpp:425] Set property value, propertyId=155, value={intValue: 1234475168, floatValue: 1.2173e+06}
[09/01 11:23:59.573563][debug][36008][PropertyAccessor.cpp:17] set property value success! propertyId: 155, value: {intValue: 1234475168, floatValue: 1.2173e+06}
[09/01 11:23:59.578666][debug][35996][HostProtocol.cpp:425] Set property value, propertyId=183, value={intValue: 0, floatValue: 0}
[09/01 11:23:59.584495][debug][35996][PropertyAccessor.cpp:17] set property value success! propertyId: 183, value: {intValue: 0, floatValue: 0}
[09/01 11:23:59.745601][debug][35996][HostProtocol.cpp:425] Set property value, propertyId=183, value={intValue: 1, floatValue: 1.4013e-45}
[09/01 11:23:59.748767][debug][35996][PropertyAccessor.cpp:17] set property value success! propertyId: 183, value: {intValue: 1, floatValue: 1.4013e-45}
[09/01 11:23:59.750362][debug][35996][HostProtocol.cpp:425] Set property value, propertyId=183, value={intValue: 0, floatValue: 0}
[09/01 11:23:59.764987][debug][35996][PropertyAccessor.cpp:17] set property value success! propertyId: 183, value: {intValue: 0, floatValue: 0}
[09/01 11:23:59.872038][debug][35996][HostProtocol.cpp:425] Set property value, propertyId=183, value={intValue: 1, floatValue: 1.4013e-45}
[09/01 11:23:59.881586][debug][35996][PropertyAccessor.cpp:17] set property value success! propertyId: 183, value: {intValue: 1, floatValue: 1.4013e-45}
[09/01 11:23:59.904476][debug][35996][HostProtocol.cpp:425] Set property value, propertyId=183, value={intValue: 0, floatValue: 0}
[09/01 11:23:59.916437][debug][35996][PropertyAccessor.cpp:17] set property value success! propertyId: 183, value: {intValue: 0, floatValue: 0}
[09/01 11:24:00.021016][debug][35996][HostProtocol.cpp:425] Set property value, propertyId=183, value={intValue: 1, floatValue: 1.4013e-45}
[09/01 11:24:00.034250][debug][35996][PropertyAccessor.cpp:17] set property value success! propertyId: 183, value: {intValue: 1, floatValue: 1.4013e-45}
[09/01 11:24:00.056580][debug][35996][HostProtocol.cpp:425] Set property value, propertyId=183, value={intValue: 0, floatValue: 0}
[09/01 11:24:00.068544][debug][35996][PropertyAccessor.cpp:17] set property value success! propertyId: 183, value: {intValue: 0, floatValue: 0}
[09/01 11:24:00.158117][debug][19016][VideoSensor.cpp:414] OB_SENSOR_IR_LEFT Streaming... frameRate=39.976017fps,bitRate=75.111504Mbps
[09/01 11:24:00.312739][debug][38268][VideoSensor.cpp:414] OB_SENSOR_IR_RIGHT Streaming... frameRate=40.015930fps,bitRate=72.802391Mbps
[09/01 11:24:00.352244][debug][18436][Pipeline.cpp:271] Pipeline streaming... frameset output rate=39.896782fps
[09/01 11:24:00.361422][debug][20644][VendorCommand.cpp:186] DeviceStateUpdate, state code=0, dataSize=8, , msg=
[09/01 11:24:00.406137][debug][35828][AccelSensor.cpp:213] Accel Sensor Streaming... frameRate=189.452728fps
[09/01 11:24:00.598600][debug][35996][HostProtocol.cpp:425] Set property value, propertyId=164, value={intValue: 2, floatValue: 2.8026e-45}
[09/01 11:24:00.602027][debug][35996][PropertyAccessor.cpp:17] set property value success! propertyId: 164, value: {intValue: 2, floatValue: 2.8026e-45}
[09/01 11:24:01.136322][debug][26348][Pipeline.cpp:267] Frame received on pipeline! type=OB_FRAME_IR_LEFT [**470 logs in 12003ms**]
[09/01 11:24:01.218023][debug][35996][HostProtocol.cpp:425] Set property value, propertyId=183, value={intValue: 1, floatValue: 1.4013e-45}
[09/01 11:24:01.219647][debug][35996][PropertyAccessor.cpp:17] set property value success! propertyId: 183, value: {intValue: 1, floatValue: 1.4013e-45}
[09/01 11:24:01.252952][debug][35996][HostProtocol.cpp:425] Set property value, propertyId=183, value={intValue: 0, floatValue: 0}
[09/01 11:24:01.270381][debug][35996][PropertyAccessor.cpp:17] set property value success! propertyId: 183, value: {intValue: 0, floatValue: 0}
[09/01 11:24:01.285086][debug][18436][Pipeline.cpp:267] Frame received on pipeline! type=OB_FRAME_IR_RIGHT [**481 logs in 12001ms**]
[09/01 11:24:01.422495][debug][35996][HostProtocol.cpp:425] Set property value, propertyId=183, value={intValue: 1, floatValue: 1.4013e-45}
[09/01 11:24:01.425766][debug][35996][PropertyAccessor.cpp:17] set property value success! propertyId: 183, value: {intValue: 1, floatValue: 1.4013e-45}
[09/01 11:24:01.448633][debug][35996][HostProtocol.cpp:425] Set property value, propertyId=183, value={intValue: 0, floatValue: 0}
[09/01 11:24:01.454946][debug][35996][PropertyAccessor.cpp:17] set property value success! propertyId: 183, value: {intValue: 0, floatValue: 0}
[09/01 11:24:01.571252][debug][35996][HostProtocol.cpp:425] Set property value, propertyId=183, value={intValue: 1, floatValue: 1.4013e-45}
[09/01 11:24:01.575963][debug][35996][PropertyAccessor.cpp:17] set property value success! propertyId: 183, value: {intValue: 1, floatValue: 1.4013e-45}
[09/01 11:24:01.599494][debug][35996][HostProtocol.cpp:425] Set property value, propertyId=183, value={intValue: 0, floatValue: 0}
[09/01 11:24:01.608580][debug][35996][PropertyAccessor.cpp:17] set property value success! propertyId: 183, value: {intValue: 0, floatValue: 0}
[09/01 11:24:01.677544][debug][35996][HostProtocol.cpp:425] Set property value, propertyId=183, value={intValue: 1, floatValue: 1.4013e-45}
[09/01 11:24:01.682756][debug][35996][PropertyAccessor.cpp:17] set property value success! propertyId: 183, value: {intValue: 1, floatValue: 1.4013e-45}
[09/01 11:24:01.705487][debug][35996][HostProtocol.cpp:425] Set property value, propertyId=183, value={intValue: 0, floatValue: 0}
[09/01 11:24:01.714703][debug][35996][PropertyAccessor.cpp:17] set property value success! propertyId: 183, value: {intValue: 0, floatValue: 0}
[09/01 11:24:01.923448][debug][35996][HostProtocol.cpp:425] Set property value, propertyId=183, value={intValue: 1, floatValue: 1.4013e-45}
[09/01 11:24:01.925514][debug][35996][PropertyAccessor.cpp:17] set property value success! propertyId: 183, value: {intValue: 1, floatValue: 1.4013e-45}
[09/01 11:24:01.949236][debug][35996][HostProtocol.cpp:425] Set property value, propertyId=183, value={intValue: 0, floatValue: 0}
[09/01 11:24:01.958765][debug][35996][PropertyAccessor.cpp:17] set property value success! propertyId: 183, value: {intValue: 0, floatValue: 0}
[09/01 11:24:02.339206][debug][36008][HostProtocol.cpp:425] Set property value, propertyId=2027, value={intValue: 2000, floatValue: 2.8026e-42}
[09/01 11:24:02.350659][debug][36008][PropertyAccessor.cpp:17] set property value success! propertyId: 2027, value: {intValue: 2000, floatValue: 2.8026e-42}
[09/01 11:24:02.582703][debug][36008][HostProtocol.cpp:461] get property value success! propertyId=154, cur={intValue: 1234475168, floatValue: 1.2173e+06}, max={intValue: 1236736768, floatValue: 1.5e+06}, min={intValue: 1203982336, floatValue: 100000},def={intValue: 1229148160, floatValue: 800000},step={intValue: 1169915904, floatValue: 6000}
[09/01 11:24:02.582745][debug][36008][PropertyAccessor.cpp:34] get property value range success! propertyId: 154, range: {max: {intValue: 1236736768, floatValue: 1.5e+06}, min: {intValue: 1203982336, floatValue: 100000}, step: {intValue: 1169915904, floatValue: 6000}, def: {intValue: 1229148160, floatValue: 800000}}
[09/01 11:24:02.582764][debug][36008][HostProtocol.cpp:425] Set property value, propertyId=154, value={intValue: 1235003168, floatValue: 1.2833e+06}
[09/01 11:24:02.590781][debug][36008][PropertyAccessor.cpp:17] set property value success! propertyId: 154, value: {intValue: 1235003168, floatValue: 1.2833e+06}
[09/01 11:24:02.605737][debug][36008][HostProtocol.cpp:461] get property value success! propertyId=155, cur={intValue: 1234475168, floatValue: 1.2173e+06}, max={intValue: 1236736768, floatValue: 1.5e+06}, min={intValue: 1203982336, floatValue: 100000},def={intValue: 1229148160, floatValue: 800000},step={intValue: 1169915904, floatValue: 6000}
[09/01 11:24:02.605775][debug][36008][PropertyAccessor.cpp:34] get property value range success! propertyId: 155, range: {max: {intValue: 1236736768, floatValue: 1.5e+06}, min: {intValue: 1203982336, floatValue: 100000}, step: {intValue: 1169915904, floatValue: 6000}, def: {intValue: 1229148160, floatValue: 800000}}
[09/01 11:24:02.605792][debug][36008][HostProtocol.cpp:425] Set property value, propertyId=155, value={intValue: 1235003168, floatValue: 1.2833e+06}
[09/01 11:24:02.612572][debug][36008][PropertyAccessor.cpp:17] set property value success! propertyId: 155, value: {intValue: 1235003168, floatValue: 1.2833e+06}
[09/01 11:24:02.612624][debug][36008][HostProtocol.cpp:425] Set property value, propertyId=161, value={intValue: 31, floatValue: 4.34403e-44}
[09/01 11:24:02.614555][debug][36008][PropertyAccessor.cpp:17] set property value success! propertyId: 161, value: {intValue: 31, floatValue: 4.34403e-44}
[09/01 11:24:03.133989][debug][35996][HostProtocol.cpp:425] Set property value, propertyId=183, value={intValue: 1, floatValue: 1.4013e-45}
[09/01 11:24:03.140495][debug][35996][PropertyAccessor.cpp:17] set property value success! propertyId: 183, value: {intValue: 1, floatValue: 1.4013e-45}
[09/01 11:24:03.153208][debug][35996][HostProtocol.cpp:425] Set property value, propertyId=183, value={intValue: 0, floatValue: 0}
[09/01 11:24:03.157187][debug][35996][PropertyAccessor.cpp:17] set property value success! propertyId: 183, value: {intValue: 0, floatValue: 0}
[09/01 11:24:03.210612][debug][36008][HostProtocol.cpp:425] Set property value, propertyId=2027, value={intValue: 2100, floatValue: 2.94273e-42}
[09/01 11:24:03.221329][debug][36008][PropertyAccessor.cpp:17] set property value success! propertyId: 2027, value: {intValue: 2100, floatValue: 2.94273e-42}
[09/01 11:24:03.361718][debug][20644][VendorCommand.cpp:186] DeviceStateUpdate, state code=0, dataSize=8, , msg=
[09/01 11:24:03.431630][debug][36008][HostProtocol.cpp:461] get property value success! propertyId=154, cur={intValue: 1235003168, floatValue: 1.2833e+06}, max={intValue: 1236736768, floatValue: 1.5e+06}, min={intValue: 1203982336, floatValue: 100000},def={intValue: 1229148160, floatValue: 800000},step={intValue: 1169915904, floatValue: 6000}
[09/01 11:24:03.431676][debug][36008][PropertyAccessor.cpp:34] get property value range success! propertyId: 154, range: {max: {intValue: 1236736768, floatValue: 1.5e+06}, min: {intValue: 1203982336, floatValue: 100000}, step: {intValue: 1169915904, floatValue: 6000}, def: {intValue: 1229148160, floatValue: 800000}}
[09/01 11:24:03.431693][debug][36008][HostProtocol.cpp:425] Set property value, propertyId=154, value={intValue: 1235531168, floatValue: 1.3493e+06}
[09/01 11:24:03.439084][debug][36008][PropertyAccessor.cpp:17] set property value success! propertyId: 154, value: {intValue: 1235531168, floatValue: 1.3493e+06}
[09/01 11:24:03.445241][debug][36008][HostProtocol.cpp:461] get property value success! propertyId=155, cur={intValue: 1235003168, floatValue: 1.2833e+06}, max={intValue: 1236736768, floatValue: 1.5e+06}, min={intValue: 1203982336, floatValue: 100000},def={intValue: 1229148160, floatValue: 800000},step={intValue: 1169915904, floatValue: 6000}
[09/01 11:24:03.445274][debug][36008][PropertyAccessor.cpp:34] get property value range success! propertyId: 155, range: {max: {intValue: 1236736768, floatValue: 1.5e+06}, min: {intValue: 1203982336, floatValue: 100000}, step: {intValue: 1169915904, floatValue: 6000}, def: {intValue: 1229148160, floatValue: 800000}}
[09/01 11:24:03.445288][debug][36008][HostProtocol.cpp:425] Set property value, propertyId=155, value={intValue: 1235531168, floatValue: 1.3493e+06}
[09/01 11:24:03.448122][debug][36008][PropertyAccessor.cpp:17] set property value success! propertyId: 155, value: {intValue: 1235531168, floatValue: 1.3493e+06}
[09/01 11:24:03.448165][debug][36008][HostProtocol.cpp:425] Set property value, propertyId=161, value={intValue: 29, floatValue: 4.06377e-44}
[09/01 11:24:03.450106][debug][36008][PropertyAccessor.cpp:17] set property value success! propertyId: 161, value: {intValue: 29, floatValue: 4.06377e-44}
[09/01 11:24:03.880193][debug][35996][HostProtocol.cpp:425] Set property value, propertyId=183, value={intValue: 1, floatValue: 1.4013e-45}
[09/01 11:24:03.882893][debug][35996][PropertyAccessor.cpp:17] set property value success! propertyId: 183, value: {intValue: 1, floatValue: 1.4013e-45}
[09/01 11:24:03.905715][debug][35996][HostProtocol.cpp:425] Set property value, propertyId=183, value={intValue: 0, floatValue: 0}
[09/01 11:24:03.922696][debug][35996][PropertyAccessor.cpp:17] set property value success! propertyId: 183, value: {intValue: 0, floatValue: 0}
[09/01 11:24:04.047431][debug][36008][HostProtocol.cpp:425] Set property value, propertyId=2027, value={intValue: 2000, floatValue: 2.8026e-42}
[09/01 11:24:04.068764][debug][36008][PropertyAccessor.cpp:17] set property value success! propertyId: 2027, value: {intValue: 2000, floatValue: 2.8026e-42}
[09/01 11:24:04.086708][debug][35996][HostProtocol.cpp:425] Set property value, propertyId=183, value={intValue: 1, floatValue: 1.4013e-45}
[09/01 11:24:04.089712][debug][35996][PropertyAccessor.cpp:17] set property value success! propertyId: 183, value: {intValue: 1, floatValue: 1.4013e-45}
[09/01 11:24:04.101875][debug][35996][HostProtocol.cpp:425] Set property value, propertyId=183, value={intValue: 0, floatValue: 0}
[09/01 11:24:04.115631][debug][35996][PropertyAccessor.cpp:17] set property value success! propertyId: 183, value: {intValue: 0, floatValue: 0}
[09/01 11:24:04.184888][debug][35996][HostProtocol.cpp:425] Set property value, propertyId=183, value={intValue: 1, floatValue: 1.4013e-45}
[09/01 11:24:04.193115][debug][35996][PropertyAccessor.cpp:17] set property value success! propertyId: 183, value: {intValue: 1, floatValue: 1.4013e-45}
[09/01 11:24:04.262247][debug][35996][HostProtocol.cpp:425] Set property value, propertyId=183, value={intValue: 0, floatValue: 0}
[09/01 11:24:04.265443][debug][35996][PropertyAccessor.cpp:17] set property value success! propertyId: 183, value: {intValue: 0, floatValue: 0}
[09/01 11:24:04.292545][debug][36008][HostProtocol.cpp:461] get property value success! propertyId=154, cur={intValue: 1235531168, floatValue: 1.3493e+06}, max={intValue: 1236736768, floatValue: 1.5e+06}, min={intValue: 1203982336, floatValue: 100000},def={intValue: 1229148160, floatValue: 800000},step={intValue: 1169915904, floatValue: 6000}
[09/01 11:24:04.292586][debug][36008][PropertyAccessor.cpp:34] get property value range success! propertyId: 154, range: {max: {intValue: 1236736768, floatValue: 1.5e+06}, min: {intValue: 1203982336, floatValue: 100000}, step: {intValue: 1169915904, floatValue: 6000}, def: {intValue: 1229148160, floatValue: 800000}}
[09/01 11:24:04.292613][debug][36008][HostProtocol.cpp:425] Set property value, propertyId=154, value={intValue: 1234091168, floatValue: 1.1693e+06}
[09/01 11:24:04.295244][debug][36008][PropertyAccessor.cpp:17] set property value success! propertyId: 154, value: {intValue: 1234091168, floatValue: 1.1693e+06}
[09/01 11:24:04.326249][debug][36008][HostProtocol.cpp:461] get property value success! propertyId=155, cur={intValue: 1235531168, floatValue: 1.3493e+06}, max={intValue: 1236736768, floatValue: 1.5e+06}, min={intValue: 1203982336, floatValue: 100000},def={intValue: 1229148160, floatValue: 800000},step={intValue: 1169915904, floatValue: 6000}
[09/01 11:24:04.326288][debug][36008][PropertyAccessor.cpp:34] get property value range success! propertyId: 155, range: {max: {intValue: 1236736768, floatValue: 1.5e+06}, min: {intValue: 1203982336, floatValue: 100000}, step: {intValue: 1169915904, floatValue: 6000}, def: {intValue: 1229148160, floatValue: 800000}}
[09/01 11:24:04.326305][debug][36008][HostProtocol.cpp:425] Set property value, propertyId=155, value={intValue: 1234091168, floatValue: 1.1693e+06}
[09/01 11:24:04.335423][debug][36008][PropertyAccessor.cpp:17] set property value success! propertyId: 155, value: {intValue: 1234091168, floatValue: 1.1693e+06}
[09/01 11:24:04.335477][debug][35996][HostProtocol.cpp:425] Set property value, propertyId=183, value={intValue: 1, floatValue: 1.4013e-45}
[09/01 11:24:04.346795][debug][35996][PropertyAccessor.cpp:17] set property value success! propertyId: 183, value: {intValue: 1, floatValue: 1.4013e-45}
[09/01 11:24:04.359140][debug][35996][HostProtocol.cpp:425] Set property value, propertyId=183, value={intValue: 0, floatValue: 0}
[09/01 11:24:04.364870][debug][35996][PropertyAccessor.cpp:17] set property value success! propertyId: 183, value: {intValue: 0, floatValue: 0}
[09/01 11:24:04.526013][debug][35996][HostProtocol.cpp:425] Set property value, propertyId=183, value={intValue: 1, floatValue: 1.4013e-45}
[09/01 11:24:04.541932][debug][35996][PropertyAccessor.cpp:17] set property value success! propertyId: 183, value: {intValue: 1, floatValue: 1.4013e-45}
[09/01 11:24:04.554325][debug][35996][HostProtocol.cpp:425] Set property value, propertyId=183, value={intValue: 0, floatValue: 0}
[09/01 11:24:04.564629][debug][35996][PropertyAccessor.cpp:17] set property value success! propertyId: 183, value: {intValue: 0, floatValue: 0}
[09/01 11:24:04.895961][debug][36008][HostProtocol.cpp:425] Set property value, propertyId=2027, value={intValue: 1900, floatValue: 2.66247e-42}
[09/01 11:24:04.906643][debug][36008][PropertyAccessor.cpp:17] set property value success! propertyId: 2027, value: {intValue: 1900, floatValue: 2.66247e-42}
[09/01 11:24:04.921494][debug][35996][HostProtocol.cpp:425] Set property value, propertyId=183, value={intValue: 1, floatValue: 1.4013e-45}
[09/01 11:24:04.929905][debug][35996][PropertyAccessor.cpp:17] set property value success! propertyId: 183, value: {intValue: 1, floatValue: 1.4013e-45}
[09/01 11:24:04.952302][debug][35996][HostProtocol.cpp:425] Set property value, propertyId=183, value={intValue: 0, floatValue: 0}
[09/01 11:24:04.958926][debug][35996][PropertyAccessor.cpp:17] set property value success! propertyId: 183, value: {intValue: 0, floatValue: 0}
[09/01 11:24:05.172241][debug][19016][VideoSensor.cpp:414] OB_SENSOR_IR_LEFT Streaming... frameRate=39.888313fps,bitRate=74.239288Mbps
[09/01 11:24:05.279396][debug][35996][HostProtocol.cpp:425] Set property value, propertyId=183, value={intValue: 1, floatValue: 1.4013e-45}
[09/01 11:24:05.282365][debug][35996][PropertyAccessor.cpp:17] set property value success! propertyId: 183, value: {intValue: 1, floatValue: 1.4013e-45}
[09/01 11:24:05.295244][debug][35996][HostProtocol.cpp:425] Set property value, propertyId=183, value={intValue: 0, floatValue: 0}
[09/01 11:24:05.297870][debug][35996][PropertyAccessor.cpp:17] set property value success! propertyId: 183, value: {intValue: 0, floatValue: 0}
[09/01 11:24:05.330676][debug][38268][VideoSensor.cpp:414] OB_SENSOR_IR_RIGHT Streaming... frameRate=40.055798fps,bitRate=72.541237Mbps
[09/01 11:24:05.363019][debug][26348][Pipeline.cpp:271] Pipeline streaming... frameset output rate=40.111752fps
[09/01 11:24:05.441213][debug][35828][AccelSensor.cpp:213] Accel Sensor Streaming... frameRate=194.240326fps
[09/01 11:24:05.629915][debug][35996][HostProtocol.cpp:425] Set property value, propertyId=183, value={intValue: 1, floatValue: 1.4013e-45}
[09/01 11:24:05.635166][debug][35996][PropertyAccessor.cpp:17] set property value success! propertyId: 183, value: {intValue: 1, floatValue: 1.4013e-45}
[09/01 11:24:05.646890][debug][35996][HostProtocol.cpp:425] Set property value, propertyId=183, value={intValue: 0, floatValue: 0}
[09/01 11:24:05.655329][debug][35996][PropertyAccessor.cpp:17] set property value success! propertyId: 183, value: {intValue: 0, floatValue: 0}
[09/01 11:24:05.718418][debug][36008][HostProtocol.cpp:425] Set property value, propertyId=2027, value={intValue: 2000, floatValue: 2.8026e-42}
[09/01 11:24:05.733555][debug][36008][PropertyAccessor.cpp:17] set property value success! propertyId: 2027, value: {intValue: 2000, floatValue: 2.8026e-42}
[09/01 11:24:05.947270][debug][36008][HostProtocol.cpp:461] get property value success! propertyId=154, cur={intValue: 1234091168, floatValue: 1.1693e+06}, max={intValue: 1236736768, floatValue: 1.5e+06}, min={intValue: 1203982336, floatValue: 100000},def={intValue: 1229148160, floatValue: 800000},step={intValue: 1169915904, floatValue: 6000}
[09/01 11:24:05.947308][debug][36008][PropertyAccessor.cpp:34] get property value range success! propertyId: 154, range: {max: {intValue: 1236736768, floatValue: 1.5e+06}, min: {intValue: 1203982336, floatValue: 100000}, step: {intValue: 1169915904, floatValue: 6000}, def: {intValue: 1229148160, floatValue: 800000}}
[09/01 11:24:05.947322][debug][36008][HostProtocol.cpp:425] Set property value, propertyId=154, value={intValue: 1234619168, floatValue: 1.2353e+06}
[09/01 11:24:05.951078][debug][36008][PropertyAccessor.cpp:17] set property value success! propertyId: 154, value: {intValue: 1234619168, floatValue: 1.2353e+06}
[09/01 11:24:05.969553][debug][36008][HostProtocol.cpp:461] get property value success! propertyId=155, cur={intValue: 1234091168, floatValue: 1.1693e+06}, max={intValue: 1236736768, floatValue: 1.5e+06}, min={intValue: 1203982336, floatValue: 100000},def={intValue: 1229148160, floatValue: 800000},step={intValue: 1169915904, floatValue: 6000}
[09/01 11:24:05.969612][debug][36008][PropertyAccessor.cpp:34] get property value range success! propertyId: 155, range: {max: {intValue: 1236736768, floatValue: 1.5e+06}, min: {intValue: 1203982336, floatValue: 100000}, step: {intValue: 1169915904, floatValue: 6000}, def: {intValue: 1229148160, floatValue: 800000}}
[09/01 11:24:05.969628][debug][36008][HostProtocol.cpp:425] Set property value, propertyId=155, value={intValue: 1234619168, floatValue: 1.2353e+06}
[09/01 11:24:05.972337][debug][36008][PropertyAccessor.cpp:17] set property value success! propertyId: 155, value: {intValue: 1234619168, floatValue: 1.2353e+06}
[09/01 11:24:05.972388][debug][36008][HostProtocol.cpp:425] Set property value, propertyId=161, value={intValue: 27, floatValue: 3.78351e-44}
[09/01 11:24:05.974006][debug][36008][PropertyAccessor.cpp:17] set property value success! propertyId: 161, value: {intValue: 27, floatValue: 3.78351e-44}
[09/01 11:24:06.173616][debug][35996][HostProtocol.cpp:425] Set property value, propertyId=183, value={intValue: 1, floatValue: 1.4013e-45}
[09/01 11:24:06.181672][debug][35996][PropertyAccessor.cpp:17] set property value success! propertyId: 183, value: {intValue: 1, floatValue: 1.4013e-45}
[09/01 11:24:06.203907][debug][35996][HostProtocol.cpp:425] Set property value, propertyId=183, value={intValue: 0, floatValue: 0}
[09/01 11:24:06.216760][debug][35996][PropertyAccessor.cpp:17] set property value success! propertyId: 183, value: {intValue: 0, floatValue: 0}
[09/01 11:24:06.275553][debug][35996][HostProtocol.cpp:425] Set property value, propertyId=164, value={intValue: 1, floatValue: 1.4013e-45}
[09/01 11:24:06.285330][debug][35996][PropertyAccessor.cpp:17] set property value success! propertyId: 164, value: {intValue: 1, floatValue: 1.4013e-45}
[09/01 11:24:06.362718][debug][20644][VendorCommand.cpp:186] DeviceStateUpdate, state code=0, dataSize=8, , msg=
[09/01 11:24:06.416284][info][40752][GVCPClient.cpp:457] 2,1, AE:CB:F6:B1:4D:FD,7, 5,3073, 192.168.193.1, 255.255.255.0, 192.168.193.254, Orbbec, Wifi Handle, V0.0.1, Orbbec, CR0625100XP,  [**12 logs in 24103ms, last: 11:24:04.567142**]
[09/01 11:24:06.416284][info][30292][GVCPClient.cpp:421] 0, 3, 248, 1 [**12 logs in 24103ms, last: 11:24:04.567137**]
[09/01 11:24:06.472359][debug][35996][HostProtocol.cpp:425] Set property value, propertyId=164, value={intValue: 2, floatValue: 2.8026e-45}
[09/01 11:24:06.477582][debug][35996][PropertyAccessor.cpp:17] set property value success! propertyId: 164, value: {intValue: 2, floatValue: 2.8026e-45}
[09/01 11:24:06.673820][debug][35996][HostProtocol.cpp:425] Set property value, propertyId=183, value={intValue: 1, floatValue: 1.4013e-45}
[09/01 11:24:06.677063][debug][35996][PropertyAccessor.cpp:17] set property value success! propertyId: 183, value: {intValue: 1, floatValue: 1.4013e-45}
[09/01 11:24:06.711948][debug][35996][HostProtocol.cpp:425] Set property value, propertyId=183, value={intValue: 0, floatValue: 0}
[09/01 11:24:06.715851][debug][35996][PropertyAccessor.cpp:17] set property value success! propertyId: 183, value: {intValue: 0, floatValue: 0}
[09/01 11:24:06.728761][debug][35996][HostProtocol.cpp:425] Set property value, propertyId=183, value={intValue: 1, floatValue: 1.4013e-45}
[09/01 11:24:06.733634][debug][35996][PropertyAccessor.cpp:17] set property value success! propertyId: 183, value: {intValue: 1, floatValue: 1.4013e-45}
[09/01 11:24:06.755664][debug][35996][HostProtocol.cpp:425] Set property value, propertyId=183, value={intValue: 0, floatValue: 0}
[09/01 11:24:06.758289][debug][35996][PropertyAccessor.cpp:17] set property value success! propertyId: 183, value: {intValue: 0, floatValue: 0}
[09/01 11:24:06.978415][debug][35996][HostProtocol.cpp:425] Set property value, propertyId=183, value={intValue: 1, floatValue: 1.4013e-45}
[09/01 11:24:06.993881][debug][35996][PropertyAccessor.cpp:17] set property value success! propertyId: 183, value: {intValue: 1, floatValue: 1.4013e-45}
[09/01 11:24:07.005852][debug][35996][HostProtocol.cpp:425] Set property value, propertyId=183, value={intValue: 0, floatValue: 0}
[09/01 11:24:07.024162][debug][35996][PropertyAccessor.cpp:17] set property value success! propertyId: 183, value: {intValue: 0, floatValue: 0}
[09/01 11:24:07.025650][debug][35996][HostProtocol.cpp:425] Set property value, propertyId=183, value={intValue: 1, floatValue: 1.4013e-45}
[09/01 11:24:07.031713][debug][35996][PropertyAccessor.cpp:17] set property value success! propertyId: 183, value: {intValue: 1, floatValue: 1.4013e-45}
[09/01 11:24:07.066842][debug][35996][HostProtocol.cpp:425] Set property value, propertyId=183, value={intValue: 0, floatValue: 0}
[09/01 11:24:07.068606][debug][35996][PropertyAccessor.cpp:17] set property value success! propertyId: 183, value: {intValue: 0, floatValue: 0}
[09/01 11:24:07.136532][debug][35996][HostProtocol.cpp:425] Set property value, propertyId=183, value={intValue: 1, floatValue: 1.4013e-45}
[09/01 11:24:07.141124][debug][35996][PropertyAccessor.cpp:17] set property value success! propertyId: 183, value: {intValue: 1, floatValue: 1.4013e-45}
[09/01 11:24:07.154120][debug][35996][HostProtocol.cpp:425] Set property value, propertyId=183, value={intValue: 0, floatValue: 0}
[09/01 11:24:07.157909][debug][35996][PropertyAccessor.cpp:17] set property value success! propertyId: 183, value: {intValue: 0, floatValue: 0}
[09/01 11:24:07.416418][info][35572][GVCPClient.cpp:102] 	- mac:AE:CB:F6:B1:4D:FD, ip:192.168.193.1, sn:CR0625100XP, pid:0x0c01 [**12 logs in 24104ms, last: 11:24:05.566892**]
[09/01 11:24:07.435312][debug][35996][HostProtocol.cpp:425] Set property value, propertyId=183, value={intValue: 1, floatValue: 1.4013e-45}
[09/01 11:24:07.442645][debug][35996][PropertyAccessor.cpp:17] set property value success! propertyId: 183, value: {intValue: 1, floatValue: 1.4013e-45}
[09/01 11:24:07.454882][debug][35996][HostProtocol.cpp:425] Set property value, propertyId=183, value={intValue: 0, floatValue: 0}
[09/01 11:24:07.476685][debug][35996][PropertyAccessor.cpp:17] set property value success! propertyId: 183, value: {intValue: 0, floatValue: 0}
[09/01 11:24:07.512838][debug][35996][HostProtocol.cpp:425] Set property value, propertyId=183, value={intValue: 1, floatValue: 1.4013e-45}
[09/01 11:24:07.522268][debug][35996][PropertyAccessor.cpp:17] set property value success! propertyId: 183, value: {intValue: 1, floatValue: 1.4013e-45}
[09/01 11:24:07.534441][debug][35996][HostProtocol.cpp:425] Set property value, propertyId=183, value={intValue: 0, floatValue: 0}
[09/01 11:24:07.539858][debug][35996][PropertyAccessor.cpp:17] set property value success! propertyId: 183, value: {intValue: 0, floatValue: 0}
[09/01 11:24:08.021519][debug][35996][HostProtocol.cpp:425] Set property value, propertyId=183, value={intValue: 1, floatValue: 1.4013e-45}
[09/01 11:24:08.024599][debug][35996][PropertyAccessor.cpp:17] set property value success! propertyId: 183, value: {intValue: 1, floatValue: 1.4013e-45}
[09/01 11:24:08.026533][debug][35996][HostProtocol.cpp:425] Set property value, propertyId=183, value={intValue: 0, floatValue: 0}
[09/01 11:24:08.034019][debug][35996][PropertyAccessor.cpp:17] set property value success! propertyId: 183, value: {intValue: 0, floatValue: 0}
[09/01 11:24:08.174589][debug][35996][HostProtocol.cpp:425] Set property value, propertyId=183, value={intValue: 1, floatValue: 1.4013e-45}
[09/01 11:24:08.190685][debug][35996][PropertyAccessor.cpp:17] set property value success! propertyId: 183, value: {intValue: 1, floatValue: 1.4013e-45}
[09/01 11:24:08.202644][debug][35996][HostProtocol.cpp:425] Set property value, propertyId=183, value={intValue: 0, floatValue: 0}
[09/01 11:24:08.205489][debug][35996][PropertyAccessor.cpp:17] set property value success! propertyId: 183, value: {intValue: 0, floatValue: 0}
[09/01 11:24:08.249444][debug][35996][HostProtocol.cpp:425] Set property value, propertyId=183, value={intValue: 1, floatValue: 1.4013e-45}
[09/01 11:24:08.258901][debug][35996][PropertyAccessor.cpp:17] set property value success! propertyId: 183, value: {intValue: 1, floatValue: 1.4013e-45}
[09/01 11:24:08.260720][debug][35996][HostProtocol.cpp:425] Set property value, propertyId=183, value={intValue: 0, floatValue: 0}
[09/01 11:24:08.265455][debug][35996][PropertyAccessor.cpp:17] set property value success! propertyId: 183, value: {intValue: 0, floatValue: 0}
[09/01 11:24:08.277810][debug][35996][HostProtocol.cpp:425] Set property value, propertyId=183, value={intValue: 1, floatValue: 1.4013e-45}
[09/01 11:24:08.282460][debug][35996][PropertyAccessor.cpp:17] set property value success! propertyId: 183, value: {intValue: 1, floatValue: 1.4013e-45}
[09/01 11:24:08.295237][debug][35996][HostProtocol.cpp:425] Set property value, propertyId=183, value={intValue: 0, floatValue: 0}
[09/01 11:24:08.297513][debug][35996][PropertyAccessor.cpp:17] set property value success! propertyId: 183, value: {intValue: 0, floatValue: 0}
[09/01 11:24:08.378131][debug][35996][HostProtocol.cpp:425] Set property value, propertyId=183, value={intValue: 1, floatValue: 1.4013e-45}
[09/01 11:24:08.382645][debug][35996][PropertyAccessor.cpp:17] set property value success! propertyId: 183, value: {intValue: 1, floatValue: 1.4013e-45}
[09/01 11:24:08.394588][debug][35996][HostProtocol.cpp:425] Set property value, propertyId=183, value={intValue: 0, floatValue: 0}
[09/01 11:24:08.410683][debug][35996][PropertyAccessor.cpp:17] set property value success! propertyId: 183, value: {intValue: 0, floatValue: 0}
[09/01 11:24:08.434157][debug][35996][HostProtocol.cpp:425] Set property value, propertyId=183, value={intValue: 1, floatValue: 1.4013e-45}
[09/01 11:24:08.443008][debug][35996][PropertyAccessor.cpp:17] set property value success! propertyId: 183, value: {intValue: 1, floatValue: 1.4013e-45}
[09/01 11:24:08.454960][debug][35996][HostProtocol.cpp:425] Set property value, propertyId=183, value={intValue: 0, floatValue: 0}
[09/01 11:24:08.465589][debug][35996][PropertyAccessor.cpp:17] set property value success! propertyId: 183, value: {intValue: 0, floatValue: 0}
[09/01 11:24:08.477687][debug][35996][HostProtocol.cpp:425] Set property value, propertyId=183, value={intValue: 1, floatValue: 1.4013e-45}
[09/01 11:24:08.493153][debug][35996][PropertyAccessor.cpp:17] set property value success! propertyId: 183, value: {intValue: 1, floatValue: 1.4013e-45}
[09/01 11:24:08.505496][debug][35996][HostProtocol.cpp:425] Set property value, propertyId=183, value={intValue: 0, floatValue: 0}
[09/01 11:24:08.511744][debug][35996][PropertyAccessor.cpp:17] set property value success! propertyId: 183, value: {intValue: 0, floatValue: 0}
[09/01 11:24:08.545906][debug][35996][HostProtocol.cpp:425] Set property value, propertyId=164, value={intValue: 1, floatValue: 1.4013e-45}
[09/01 11:24:08.548491][debug][35996][PropertyAccessor.cpp:17] set property value success! propertyId: 164, value: {intValue: 1, floatValue: 1.4013e-45}
[09/01 11:24:08.548577][debug][35996][HostProtocol.cpp:425] Set property value, propertyId=183, value={intValue: 1, floatValue: 1.4013e-45}
[09/01 11:24:08.553625][debug][35996][PropertyAccessor.cpp:17] set property value success! propertyId: 183, value: {intValue: 1, floatValue: 1.4013e-45}
[09/01 11:24:08.586252][debug][35996][HostProtocol.cpp:425] Set property value, propertyId=183, value={intValue: 0, floatValue: 0}
[09/01 11:24:08.590416][debug][35996][PropertyAccessor.cpp:17] set property value success! propertyId: 183, value: {intValue: 0, floatValue: 0}
[09/01 11:24:08.602716][debug][35996][HostProtocol.cpp:425] Set property value, propertyId=183, value={intValue: 1, floatValue: 1.4013e-45}
[09/01 11:24:08.615116][debug][35996][PropertyAccessor.cpp:17] set property value success! propertyId: 183, value: {intValue: 1, floatValue: 1.4013e-45}
[09/01 11:24:08.627760][debug][35996][HostProtocol.cpp:425] Set property value, propertyId=183, value={intValue: 0, floatValue: 0}
[09/01 11:24:08.636319][debug][35996][PropertyAccessor.cpp:17] set property value success! propertyId: 183, value: {intValue: 0, floatValue: 0}
[09/01 11:24:08.671207][debug][35996][HostProtocol.cpp:425] Set property value, propertyId=183, value={intValue: 1, floatValue: 1.4013e-45}
[09/01 11:24:08.673569][debug][35996][PropertyAccessor.cpp:17] set property value success! propertyId: 183, value: {intValue: 1, floatValue: 1.4013e-45}
[09/01 11:24:08.706952][debug][35996][HostProtocol.cpp:425] Set property value, propertyId=183, value={intValue: 0, floatValue: 0}
[09/01 11:24:08.715445][debug][35996][PropertyAccessor.cpp:17] set property value success! propertyId: 183, value: {intValue: 0, floatValue: 0}
[09/01 11:24:08.751600][debug][35996][HostProtocol.cpp:425] Set property value, propertyId=183, value={intValue: 1, floatValue: 1.4013e-45}
[09/01 11:24:08.760715][debug][35996][PropertyAccessor.cpp:17] set property value success! propertyId: 183, value: {intValue: 1, floatValue: 1.4013e-45}
[09/01 11:24:08.772704][debug][35996][HostProtocol.cpp:425] Set property value, propertyId=183, value={intValue: 0, floatValue: 0}
[09/01 11:24:08.774152][debug][35996][PropertyAccessor.cpp:17] set property value success! propertyId: 183, value: {intValue: 0, floatValue: 0}
[09/01 11:24:08.796987][debug][35996][HostProtocol.cpp:425] Set property value, propertyId=164, value={intValue: 2, floatValue: 2.8026e-45}
[09/01 11:24:08.798462][debug][35996][PropertyAccessor.cpp:17] set property value success! propertyId: 164, value: {intValue: 2, floatValue: 2.8026e-45}
[09/01 11:24:08.821797][debug][35996][HostProtocol.cpp:425] Set property value, propertyId=183, value={intValue: 1, floatValue: 1.4013e-45}
[09/01 11:24:08.823726][debug][35996][PropertyAccessor.cpp:17] set property value success! propertyId: 183, value: {intValue: 1, floatValue: 1.4013e-45}
[09/01 11:24:08.855804][debug][35996][HostProtocol.cpp:425] Set property value, propertyId=183, value={intValue: 0, floatValue: 0}
[09/01 11:24:08.860455][debug][35996][PropertyAccessor.cpp:17] set property value success! propertyId: 183, value: {intValue: 0, floatValue: 0}
[09/01 11:24:08.977381][debug][35996][HostProtocol.cpp:425] Set property value, propertyId=183, value={intValue: 1, floatValue: 1.4013e-45}
[09/01 11:24:08.984005][debug][35996][PropertyAccessor.cpp:17] set property value success! propertyId: 183, value: {intValue: 1, floatValue: 1.4013e-45}
[09/01 11:24:08.996657][debug][35996][HostProtocol.cpp:425] Set property value, propertyId=183, value={intValue: 0, floatValue: 0}
[09/01 11:24:09.009330][debug][35996][PropertyAccessor.cpp:17] set property value success! propertyId: 183, value: {intValue: 0, floatValue: 0}
[09/01 11:24:09.097115][debug][9448][PropertyAccessor.cpp:71] get cmd version success! propertyId: 1056, version: 0
[09/01 11:24:09.098717][debug][9448][PropertyAccessor.cpp:79] get struct data success! propertyId: 1056
[09/01 11:24:09.120782][debug][36008][HostProtocol.cpp:425] Set property value, propertyId=2027, value={intValue: 2100, floatValue: 2.94273e-42}
[09/01 11:24:09.133528][debug][36008][PropertyAccessor.cpp:17] set property value success! propertyId: 2027, value: {intValue: 2100, floatValue: 2.94273e-42}
[09/01 11:24:09.147049][debug][35996][HostProtocol.cpp:425] Set property value, propertyId=183, value={intValue: 1, floatValue: 1.4013e-45}
[09/01 11:24:09.148569][debug][35996][PropertyAccessor.cpp:17] set property value success! propertyId: 183, value: {intValue: 1, floatValue: 1.4013e-45}
[09/01 11:24:09.204521][debug][35996][HostProtocol.cpp:425] Set property value, propertyId=183, value={intValue: 0, floatValue: 0}
[09/01 11:24:09.215232][debug][35996][PropertyAccessor.cpp:17] set property value success! propertyId: 183, value: {intValue: 0, floatValue: 0}
[09/01 11:24:09.227631][debug][35996][HostProtocol.cpp:425] Set property value, propertyId=183, value={intValue: 1, floatValue: 1.4013e-45}
[09/01 11:24:09.241843][debug][35996][PropertyAccessor.cpp:17] set property value success! propertyId: 183, value: {intValue: 1, floatValue: 1.4013e-45}
[09/01 11:24:09.243303][debug][35996][HostProtocol.cpp:425] Set property value, propertyId=183, value={intValue: 0, floatValue: 0}
[09/01 11:24:09.249381][debug][35996][PropertyAccessor.cpp:17] set property value success! propertyId: 183, value: {intValue: 0, floatValue: 0}
[09/01 11:24:09.294549][debug][35996][HostProtocol.cpp:425] Set property value, propertyId=183, value={intValue: 1, floatValue: 1.4013e-45}
[09/01 11:24:09.296308][debug][35996][PropertyAccessor.cpp:17] set property value success! propertyId: 183, value: {intValue: 1, floatValue: 1.4013e-45}
[09/01 11:24:09.365683][debug][36008][HostProtocol.cpp:461] get property value success! propertyId=154, cur={intValue: 1234619168, floatValue: 1.2353e+06}, max={intValue: 1236736768, floatValue: 1.5e+06}, min={intValue: 1203982336, floatValue: 100000},def={intValue: 1229148160, floatValue: 800000},step={intValue: 1169915904, floatValue: 6000}
[09/01 11:24:09.365715][debug][36008][PropertyAccessor.cpp:34] get property value range success! propertyId: 154, range: {max: {intValue: 1236736768, floatValue: 1.5e+06}, min: {intValue: 1203982336, floatValue: 100000}, step: {intValue: 1169915904, floatValue: 6000}, def: {intValue: 1229148160, floatValue: 800000}}
[09/01 11:24:09.367005][debug][20644][VendorCommand.cpp:186] DeviceStateUpdate, state code=0, dataSize=8, , msg=
[09/01 11:24:09.367017][debug][36008][HostProtocol.cpp:425] Set property value, propertyId=154, value={intValue: 1235147168, floatValue: 1.3013e+06}
[09/01 11:24:09.369508][debug][36008][PropertyAccessor.cpp:17] set property value success! propertyId: 154, value: {intValue: 1235147168, floatValue: 1.3013e+06}
[09/01 11:24:09.369549][debug][35996][HostProtocol.cpp:425] Set property value, propertyId=183, value={intValue: 0, floatValue: 0}
[09/01 11:24:09.370985][debug][35996][PropertyAccessor.cpp:17] set property value success! propertyId: 183, value: {intValue: 0, floatValue: 0}
[09/01 11:24:09.372375][debug][36008][HostProtocol.cpp:461] get property value success! propertyId=155, cur={intValue: 1234619168, floatValue: 1.2353e+06}, max={intValue: 1236736768, floatValue: 1.5e+06}, min={intValue: 1203982336, floatValue: 100000},def={intValue: 1229148160, floatValue: 800000},step={intValue: 1169915904, floatValue: 6000}
[09/01 11:24:09.372425][debug][36008][PropertyAccessor.cpp:34] get property value range success! propertyId: 155, range: {max: {intValue: 1236736768, floatValue: 1.5e+06}, min: {intValue: 1203982336, floatValue: 100000}, step: {intValue: 1169915904, floatValue: 6000}, def: {intValue: 1229148160, floatValue: 800000}}
[09/01 11:24:09.372451][debug][36008][HostProtocol.cpp:425] Set property value, propertyId=155, value={intValue: 1235147168, floatValue: 1.3013e+06}
[09/01 11:24:09.375110][debug][36008][PropertyAccessor.cpp:17] set property value success! propertyId: 155, value: {intValue: 1235147168, floatValue: 1.3013e+06}
[09/01 11:24:09.375130][debug][36008][HostProtocol.cpp:425] Set property value, propertyId=161, value={intValue: 25, floatValue: 3.50325e-44}
[09/01 11:24:09.381412][debug][36008][PropertyAccessor.cpp:17] set property value success! propertyId: 161, value: {intValue: 25, floatValue: 3.50325e-44}
[09/01 11:24:09.440201][debug][35996][HostProtocol.cpp:425] Set property value, propertyId=183, value={intValue: 1, floatValue: 1.4013e-45}
[09/01 11:24:09.446230][debug][35996][PropertyAccessor.cpp:17] set property value success! propertyId: 183, value: {intValue: 1, floatValue: 1.4013e-45}
[09/01 11:24:09.458794][debug][35996][HostProtocol.cpp:425] Set property value, propertyId=183, value={intValue: 0, floatValue: 0}
[09/01 11:24:09.466845][debug][35996][PropertyAccessor.cpp:17] set property value success! propertyId: 183, value: {intValue: 0, floatValue: 0}
[09/01 11:24:09.548155][debug][35996][HostProtocol.cpp:425] Set property value, propertyId=183, value={intValue: 1, floatValue: 1.4013e-45}
[09/01 11:24:09.559880][debug][35996][PropertyAccessor.cpp:17] set property value success! propertyId: 183, value: {intValue: 1, floatValue: 1.4013e-45}
[09/01 11:24:09.575742][debug][36008][HostProtocol.cpp:425] Set property value, propertyId=2027, value={intValue: 2200, floatValue: 3.08286e-42}
[09/01 11:24:09.591417][debug][36008][PropertyAccessor.cpp:17] set property value success! propertyId: 2027, value: {intValue: 2200, floatValue: 3.08286e-42}
[09/01 11:24:09.595202][debug][35996][HostProtocol.cpp:425] Set property value, propertyId=183, value={intValue: 0, floatValue: 0}
[09/01 11:24:09.596735][debug][35996][PropertyAccessor.cpp:17] set property value success! propertyId: 183, value: {intValue: 0, floatValue: 0}
[09/01 11:24:09.629980][debug][35996][HostProtocol.cpp:425] Set property value, propertyId=183, value={intValue: 1, floatValue: 1.4013e-45}
[09/01 11:24:09.633503][debug][35996][PropertyAccessor.cpp:17] set property value success! propertyId: 183, value: {intValue: 1, floatValue: 1.4013e-45}
[09/01 11:24:09.666190][debug][35996][HostProtocol.cpp:425] Set property value, propertyId=183, value={intValue: 0, floatValue: 0}
[09/01 11:24:09.667914][debug][35996][PropertyAccessor.cpp:17] set property value success! propertyId: 183, value: {intValue: 0, floatValue: 0}
[09/01 11:24:09.737058][debug][35996][HostProtocol.cpp:425] Set property value, propertyId=164, value={intValue: 1, floatValue: 1.4013e-45}
[09/01 11:24:09.743274][debug][35996][PropertyAccessor.cpp:17] set property value success! propertyId: 164, value: {intValue: 1, floatValue: 1.4013e-45}
[09/01 11:24:09.789161][debug][35996][HostProtocol.cpp:425] Set property value, propertyId=183, value={intValue: 1, floatValue: 1.4013e-45}
[09/01 11:24:09.794454][debug][35996][PropertyAccessor.cpp:17] set property value success! propertyId: 183, value: {intValue: 1, floatValue: 1.4013e-45}
[09/01 11:24:09.806461][debug][35996][HostProtocol.cpp:425] Set property value, propertyId=183, value={intValue: 0, floatValue: 0}
[09/01 11:24:09.818256][debug][35996][PropertyAccessor.cpp:17] set property value success! propertyId: 183, value: {intValue: 0, floatValue: 0}
[09/01 11:24:09.830497][debug][35996][HostProtocol.cpp:425] Set property value, propertyId=183, value={intValue: 1, floatValue: 1.4013e-45}
[09/01 11:24:09.845622][debug][35996][PropertyAccessor.cpp:17] set property value success! propertyId: 183, value: {intValue: 1, floatValue: 1.4013e-45}
[09/01 11:24:09.847505][debug][35996][HostProtocol.cpp:425] Set property value, propertyId=183, value={intValue: 0, floatValue: 0}
[09/01 11:24:09.873921][debug][35996][PropertyAccessor.cpp:17] set property value success! propertyId: 183, value: {intValue: 0, floatValue: 0}
[09/01 11:24:09.976441][debug][35996][HostProtocol.cpp:425] Set property value, propertyId=164, value={intValue: 2, floatValue: 2.8026e-45}
[09/01 11:24:09.988568][debug][35996][PropertyAccessor.cpp:17] set property value success! propertyId: 164, value: {intValue: 2, floatValue: 2.8026e-45}
[09/01 11:24:10.024978][debug][35996][HostProtocol.cpp:425] Set property value, propertyId=183, value={intValue: 1, floatValue: 1.4013e-45}
[09/01 11:24:10.047120][debug][35996][PropertyAccessor.cpp:17] set property value success! propertyId: 183, value: {intValue: 1, floatValue: 1.4013e-45}
[09/01 11:24:10.071530][debug][35996][HostProtocol.cpp:425] Set property value, propertyId=183, value={intValue: 0, floatValue: 0}
[09/01 11:24:10.074516][debug][35996][PropertyAccessor.cpp:17] set property value success! propertyId: 183, value: {intValue: 0, floatValue: 0}
[09/01 11:24:10.183110][debug][19016][VideoSensor.cpp:414] OB_SENSOR_IR_LEFT Streaming... frameRate=39.912193fps,bitRate=75.374908Mbps
[09/01 11:24:10.225640][debug][35996][HostProtocol.cpp:425] Set property value, propertyId=183, value={intValue: 1, floatValue: 1.4013e-45}
[09/01 11:24:10.231542][debug][35996][PropertyAccessor.cpp:17] set property value success! propertyId: 183, value: {intValue: 1, floatValue: 1.4013e-45}
[09/01 11:24:10.244036][debug][35996][HostProtocol.cpp:425] Set property value, propertyId=183, value={intValue: 0, floatValue: 0}
[09/01 11:24:10.248085][debug][35996][PropertyAccessor.cpp:17] set property value success! propertyId: 183, value: {intValue: 0, floatValue: 0}
[09/01 11:24:10.327215][debug][35996][HostProtocol.cpp:425] Set property value, propertyId=183, value={intValue: 1, floatValue: 1.4013e-45}
[09/01 11:24:10.331992][debug][35996][PropertyAccessor.cpp:17] set property value success! propertyId: 183, value: {intValue: 1, floatValue: 1.4013e-45}
[09/01 11:24:10.344271][debug][35996][HostProtocol.cpp:425] Set property value, propertyId=183, value={intValue: 0, floatValue: 0}
[09/01 11:24:10.354877][debug][35996][PropertyAccessor.cpp:17] set property value success! propertyId: 183, value: {intValue: 0, floatValue: 0}
[09/01 11:24:10.364464][debug][38268][VideoSensor.cpp:414] OB_SENSOR_IR_RIGHT Streaming... frameRate=39.729839fps,bitRate=72.693985Mbps
[09/01 11:24:10.366179][debug][18436][Pipeline.cpp:271] Pipeline streaming... frameset output rate=39.776134fps
[09/01 11:24:10.464099][debug][35828][AccelSensor.cpp:213] Accel Sensor Streaming... frameRate=188.333679fps
[09/01 11:24:10.516743][debug][35996][HostProtocol.cpp:425] Set property value, propertyId=183, value={intValue: 1, floatValue: 1.4013e-45}
[09/01 11:24:10.520603][debug][35996][PropertyAccessor.cpp:17] set property value success! propertyId: 183, value: {intValue: 1, floatValue: 1.4013e-45}
[09/01 11:24:10.544809][debug][35996][HostProtocol.cpp:425] Set property value, propertyId=183, value={intValue: 0, floatValue: 0}
[09/01 11:24:10.546689][debug][35996][PropertyAccessor.cpp:17] set property value success! propertyId: 183, value: {intValue: 0, floatValue: 0}
[09/01 11:24:10.580223][debug][35996][HostProtocol.cpp:425] Set property value, propertyId=183, value={intValue: 1, floatValue: 1.4013e-45}
[09/01 11:24:10.583660][debug][35996][PropertyAccessor.cpp:17] set property value success! propertyId: 183, value: {intValue: 1, floatValue: 1.4013e-45}
[09/01 11:24:10.595726][debug][35996][HostProtocol.cpp:425] Set property value, propertyId=183, value={intValue: 0, floatValue: 0}
[09/01 11:24:10.597760][debug][35996][PropertyAccessor.cpp:17] set property value success! propertyId: 183, value: {intValue: 0, floatValue: 0}
[09/01 11:24:10.724870][debug][35996][HostProtocol.cpp:425] Set property value, propertyId=183, value={intValue: 1, floatValue: 1.4013e-45}
[09/01 11:24:10.726599][debug][35996][PropertyAccessor.cpp:17] set property value success! propertyId: 183, value: {intValue: 1, floatValue: 1.4013e-45}
[09/01 11:24:10.749829][debug][35996][HostProtocol.cpp:425] Set property value, propertyId=183, value={intValue: 0, floatValue: 0}
[09/01 11:24:10.755604][debug][35996][PropertyAccessor.cpp:17] set property value success! propertyId: 183, value: {intValue: 0, floatValue: 0}
[09/01 11:24:10.918319][debug][35996][HostProtocol.cpp:425] Set property value, propertyId=183, value={intValue: 1, floatValue: 1.4013e-45}
[09/01 11:24:10.920529][debug][35996][PropertyAccessor.cpp:17] set property value success! propertyId: 183, value: {intValue: 1, floatValue: 1.4013e-45}
[09/01 11:24:10.987658][debug][35996][HostProtocol.cpp:425] Set property value, propertyId=183, value={intValue: 0, floatValue: 0}
[09/01 11:24:10.992652][debug][35996][PropertyAccessor.cpp:17] set property value success! propertyId: 183, value: {intValue: 0, floatValue: 0}
[09/01 11:24:11.129921][debug][35996][HostProtocol.cpp:425] Set property value, propertyId=183, value={intValue: 1, floatValue: 1.4013e-45}
[09/01 11:24:11.145571][debug][35996][PropertyAccessor.cpp:17] set property value success! propertyId: 183, value: {intValue: 1, floatValue: 1.4013e-45}
[09/01 11:24:11.168717][debug][35996][HostProtocol.cpp:425] Set property value, propertyId=183, value={intValue: 0, floatValue: 0}
[09/01 11:24:11.200279][debug][35996][PropertyAccessor.cpp:17] set property value success! propertyId: 183, value: {intValue: 0, floatValue: 0}
[09/01 11:24:11.260393][debug][35996][HostProtocol.cpp:425] Set property value, propertyId=164, value={intValue: 1, floatValue: 1.4013e-45}
[09/01 11:24:11.269180][debug][35996][PropertyAccessor.cpp:17] set property value success! propertyId: 164, value: {intValue: 1, floatValue: 1.4013e-45}
[09/01 11:24:11.359386][debug][35996][HostProtocol.cpp:425] Set property value, propertyId=183, value={intValue: 1, floatValue: 1.4013e-45}
[09/01 11:24:11.395465][debug][35996][PropertyAccessor.cpp:17] set property value success! propertyId: 183, value: {intValue: 1, floatValue: 1.4013e-45}
[09/01 11:24:11.438716][debug][35996][HostProtocol.cpp:425] Set property value, propertyId=183, value={intValue: 0, floatValue: 0}
[09/01 11:24:11.453856][debug][35996][PropertyAccessor.cpp:17] set property value success! propertyId: 183, value: {intValue: 0, floatValue: 0}
[09/01 11:24:11.455767][debug][35996][HostProtocol.cpp:425] Set property value, propertyId=183, value={intValue: 1, floatValue: 1.4013e-45}
[09/01 11:24:11.480052][debug][35996][PropertyAccessor.cpp:17] set property value success! propertyId: 183, value: {intValue: 1, floatValue: 1.4013e-45}
[09/01 11:24:11.514817][debug][35996][HostProtocol.cpp:425] Set property value, propertyId=183, value={intValue: 0, floatValue: 0}
[09/01 11:24:11.518516][debug][35996][PropertyAccessor.cpp:17] set property value success! propertyId: 183, value: {intValue: 0, floatValue: 0}
[09/01 11:24:11.552878][debug][35996][HostProtocol.cpp:425] Set property value, propertyId=164, value={intValue: 2, floatValue: 2.8026e-45}
[09/01 11:24:11.555047][debug][35996][PropertyAccessor.cpp:17] set property value success! propertyId: 164, value: {intValue: 2, floatValue: 2.8026e-45}
[09/01 11:24:11.555271][debug][35996][HostProtocol.cpp:425] Set property value, propertyId=183, value={intValue: 1, floatValue: 1.4013e-45}
[09/01 11:24:11.560700][debug][35996][PropertyAccessor.cpp:17] set property value success! propertyId: 183, value: {intValue: 1, floatValue: 1.4013e-45}
[09/01 11:24:11.594480][debug][35996][HostProtocol.cpp:425] Set property value, propertyId=183, value={intValue: 0, floatValue: 0}
[09/01 11:24:11.600364][debug][35996][PropertyAccessor.cpp:17] set property value success! propertyId: 183, value: {intValue: 0, floatValue: 0}
[09/01 11:24:11.785382][debug][35996][HostProtocol.cpp:425] Set property value, propertyId=183, value={intValue: 1, floatValue: 1.4013e-45}
[09/01 11:24:11.796301][debug][35996][PropertyAccessor.cpp:17] set property value success! propertyId: 183, value: {intValue: 1, floatValue: 1.4013e-45}
[09/01 11:24:11.818366][debug][35996][HostProtocol.cpp:425] Set property value, propertyId=183, value={intValue: 0, floatValue: 0}
[09/01 11:24:11.824012][debug][35996][PropertyAccessor.cpp:17] set property value success! propertyId: 183, value: {intValue: 0, floatValue: 0}
[09/01 11:24:11.913648][debug][35996][HostProtocol.cpp:425] Set property value, propertyId=183, value={intValue: 1, floatValue: 1.4013e-45}
[09/01 11:24:11.922520][debug][35996][PropertyAccessor.cpp:17] set property value success! propertyId: 183, value: {intValue: 1, floatValue: 1.4013e-45}
[09/01 11:24:11.934705][debug][35996][HostProtocol.cpp:425] Set property value, propertyId=183, value={intValue: 0, floatValue: 0}
[09/01 11:24:11.946716][debug][35996][PropertyAccessor.cpp:17] set property value success! propertyId: 183, value: {intValue: 0, floatValue: 0}
[09/01 11:24:11.948426][debug][35996][HostProtocol.cpp:425] Set property value, propertyId=183, value={intValue: 1, floatValue: 1.4013e-45}
[09/01 11:24:11.951197][debug][35996][PropertyAccessor.cpp:17] set property value success! propertyId: 183, value: {intValue: 1, floatValue: 1.4013e-45}
[09/01 11:24:11.963759][debug][35996][HostProtocol.cpp:425] Set property value, propertyId=183, value={intValue: 0, floatValue: 0}
[09/01 11:24:11.969343][debug][35996][PropertyAccessor.cpp:17] set property value success! propertyId: 183, value: {intValue: 0, floatValue: 0}
[09/01 11:24:11.981202][debug][35996][HostProtocol.cpp:425] Set property value, propertyId=183, value={intValue: 1, floatValue: 1.4013e-45}
[09/01 11:24:11.994966][debug][35996][PropertyAccessor.cpp:17] set property value success! propertyId: 183, value: {intValue: 1, floatValue: 1.4013e-45}
[09/01 11:24:12.006896][debug][35996][HostProtocol.cpp:425] Set property value, propertyId=183, value={intValue: 0, floatValue: 0}
[09/01 11:24:12.016204][debug][35996][PropertyAccessor.cpp:17] set property value success! propertyId: 183, value: {intValue: 0, floatValue: 0}
[09/01 11:24:12.027928][debug][35996][HostProtocol.cpp:425] Set property value, propertyId=183, value={intValue: 1, floatValue: 1.4013e-45}
[09/01 11:24:12.046133][debug][35996][PropertyAccessor.cpp:17] set property value success! propertyId: 183, value: {intValue: 1, floatValue: 1.4013e-45}
[09/01 11:24:12.059333][debug][35996][HostProtocol.cpp:425] Set property value, propertyId=183, value={intValue: 0, floatValue: 0}
[09/01 11:24:12.068041][debug][35996][PropertyAccessor.cpp:17] set property value success! propertyId: 183, value: {intValue: 0, floatValue: 0}
[09/01 11:24:12.080018][debug][35996][HostProtocol.cpp:425] Set property value, propertyId=183, value={intValue: 1, floatValue: 1.4013e-45}
[09/01 11:24:12.091855][debug][35996][PropertyAccessor.cpp:17] set property value success! propertyId: 183, value: {intValue: 1, floatValue: 1.4013e-45}
[09/01 11:24:12.103473][debug][35996][HostProtocol.cpp:425] Set property value, propertyId=183, value={intValue: 0, floatValue: 0}
[09/01 11:24:12.107893][debug][35996][PropertyAccessor.cpp:17] set property value success! propertyId: 183, value: {intValue: 0, floatValue: 0}
[09/01 11:24:12.153764][debug][35996][HostProtocol.cpp:425] Set property value, propertyId=164, value={intValue: 1, floatValue: 1.4013e-45}
[09/01 11:24:12.166714][debug][35996][PropertyAccessor.cpp:17] set property value success! propertyId: 164, value: {intValue: 1, floatValue: 1.4013e-45}
[09/01 11:24:12.328150][debug][35996][HostProtocol.cpp:425] Set property value, propertyId=164, value={intValue: 2, floatValue: 2.8026e-45}
[09/01 11:24:12.334445][debug][35996][PropertyAccessor.cpp:17] set property value success! propertyId: 164, value: {intValue: 2, floatValue: 2.8026e-45}
[09/01 11:24:12.366119][debug][20644][VendorCommand.cpp:186] DeviceStateUpdate, state code=0, dataSize=8, , msg=
[09/01 11:24:12.381226][debug][35996][HostProtocol.cpp:425] Set property value, propertyId=183, value={intValue: 1, floatValue: 1.4013e-45}
[09/01 11:24:12.386330][debug][35996][PropertyAccessor.cpp:17] set property value success! propertyId: 183, value: {intValue: 1, floatValue: 1.4013e-45}
[09/01 11:24:12.409365][debug][35996][HostProtocol.cpp:425] Set property value, propertyId=183, value={intValue: 0, floatValue: 0}
[09/01 11:24:12.423772][debug][35996][PropertyAccessor.cpp:17] set property value success! propertyId: 183, value: {intValue: 0, floatValue: 0}
[09/01 11:24:12.435843][debug][35996][HostProtocol.cpp:425] Set property value, propertyId=183, value={intValue: 1, floatValue: 1.4013e-45}
[09/01 11:24:12.446349][debug][35996][PropertyAccessor.cpp:17] set property value success! propertyId: 183, value: {intValue: 1, floatValue: 1.4013e-45}
[09/01 11:24:12.448005][debug][35996][HostProtocol.cpp:425] Set property value, propertyId=183, value={intValue: 0, floatValue: 0}
[09/01 11:24:12.450686][debug][35996][PropertyAccessor.cpp:17] set property value success! propertyId: 183, value: {intValue: 0, floatValue: 0}
[09/01 11:24:12.600026][debug][35996][HostProtocol.cpp:425] Set property value, propertyId=183, value={intValue: 1, floatValue: 1.4013e-45}
[09/01 11:24:12.643377][debug][35996][PropertyAccessor.cpp:17] set property value success! propertyId: 183, value: {intValue: 1, floatValue: 1.4013e-45}
[09/01 11:24:12.655928][debug][35996][HostProtocol.cpp:425] Set property value, propertyId=183, value={intValue: 0, floatValue: 0}
[09/01 11:24:12.663864][debug][35996][PropertyAccessor.cpp:17] set property value success! propertyId: 183, value: {intValue: 0, floatValue: 0}
[09/01 11:24:13.025394][debug][35996][HostProtocol.cpp:425] Set property value, propertyId=183, value={intValue: 1, floatValue: 1.4013e-45}
[09/01 11:24:13.041545][debug][35996][PropertyAccessor.cpp:17] set property value success! propertyId: 183, value: {intValue: 1, floatValue: 1.4013e-45}
[09/01 11:24:13.064506][debug][35996][HostProtocol.cpp:425] Set property value, propertyId=183, value={intValue: 0, floatValue: 0}
[09/01 11:24:13.067333][debug][35996][PropertyAccessor.cpp:17] set property value success! propertyId: 183, value: {intValue: 0, floatValue: 0}
[09/01 11:24:13.207567][debug][35996][HostProtocol.cpp:425] Set property value, propertyId=183, value={intValue: 1, floatValue: 1.4013e-45}
[09/01 11:24:13.224389][debug][35996][PropertyAccessor.cpp:17] set property value success! propertyId: 183, value: {intValue: 1, floatValue: 1.4013e-45}
[09/01 11:24:13.236417][debug][35996][HostProtocol.cpp:425] Set property value, propertyId=183, value={intValue: 0, floatValue: 0}
[09/01 11:24:13.241674][debug][35996][PropertyAccessor.cpp:17] set property value success! propertyId: 183, value: {intValue: 0, floatValue: 0}
[09/01 11:24:13.532567][debug][35996][HostProtocol.cpp:425] Set property value, propertyId=183, value={intValue: 1, floatValue: 1.4013e-45}
[09/01 11:24:13.549564][debug][35996][PropertyAccessor.cpp:17] set property value success! propertyId: 183, value: {intValue: 1, floatValue: 1.4013e-45}
[09/01 11:24:13.561954][debug][35996][HostProtocol.cpp:425] Set property value, propertyId=183, value={intValue: 0, floatValue: 0}
[09/01 11:24:13.600416][debug][35996][PropertyAccessor.cpp:17] set property value success! propertyId: 183, value: {intValue: 0, floatValue: 0}
[09/01 11:24:13.626255][debug][35996][HostProtocol.cpp:425] Set property value, propertyId=183, value={intValue: 1, floatValue: 1.4013e-45}
[09/01 11:24:13.633824][debug][35996][PropertyAccessor.cpp:17] set property value success! propertyId: 183, value: {intValue: 1, floatValue: 1.4013e-45}
[09/01 11:24:13.635372][debug][35996][HostProtocol.cpp:425] Set property value, propertyId=183, value={intValue: 0, floatValue: 0}
[09/01 11:24:13.645835][debug][35996][PropertyAccessor.cpp:17] set property value success! propertyId: 183, value: {intValue: 0, floatValue: 0}
[09/01 11:24:14.049676][debug][35996][HostProtocol.cpp:425] Set property value, propertyId=183, value={intValue: 1, floatValue: 1.4013e-45}
[09/01 11:24:14.075681][debug][35996][PropertyAccessor.cpp:17] set property value success! propertyId: 183, value: {intValue: 1, floatValue: 1.4013e-45}
[09/01 11:24:14.077421][debug][35996][HostProtocol.cpp:425] Set property value, propertyId=183, value={intValue: 0, floatValue: 0}
[09/01 11:24:14.086843][debug][35996][PropertyAccessor.cpp:17] set property value success! propertyId: 183, value: {intValue: 0, floatValue: 0}
[09/01 11:24:14.088843][debug][35996][HostProtocol.cpp:425] Set property value, propertyId=183, value={intValue: 1, floatValue: 1.4013e-45}
[09/01 11:24:14.099054][debug][35996][PropertyAccessor.cpp:17] set property value success! propertyId: 183, value: {intValue: 1, floatValue: 1.4013e-45}
[09/01 11:24:14.123723][debug][35996][HostProtocol.cpp:425] Set property value, propertyId=183, value={intValue: 0, floatValue: 0}
[09/01 11:24:14.134916][debug][35996][PropertyAccessor.cpp:17] set property value success! propertyId: 183, value: {intValue: 0, floatValue: 0}
[09/01 11:24:14.250932][debug][35996][HostProtocol.cpp:425] Set property value, propertyId=183, value={intValue: 1, floatValue: 1.4013e-45}
[09/01 11:24:14.256037][debug][35996][PropertyAccessor.cpp:17] set property value success! propertyId: 183, value: {intValue: 1, floatValue: 1.4013e-45}
[09/01 11:24:14.289512][debug][35996][HostProtocol.cpp:425] Set property value, propertyId=183, value={intValue: 0, floatValue: 0}
[09/01 11:24:14.291182][debug][35996][PropertyAccessor.cpp:17] set property value success! propertyId: 183, value: {intValue: 0, floatValue: 0}
[09/01 11:24:14.352900][debug][35996][HostProtocol.cpp:425] Set property value, propertyId=183, value={intValue: 1, floatValue: 1.4013e-45}
[09/01 11:24:14.357445][debug][35996][PropertyAccessor.cpp:17] set property value success! propertyId: 183, value: {intValue: 1, floatValue: 1.4013e-45}
[09/01 11:24:14.379872][debug][35996][HostProtocol.cpp:425] Set property value, propertyId=183, value={intValue: 0, floatValue: 0}
[09/01 11:24:14.386141][debug][35996][PropertyAccessor.cpp:17] set property value success! propertyId: 183, value: {intValue: 0, floatValue: 0}
[09/01 11:24:14.398179][debug][35996][HostProtocol.cpp:425] Set property value, propertyId=183, value={intValue: 1, floatValue: 1.4013e-45}
[09/01 11:24:14.403908][debug][35996][PropertyAccessor.cpp:17] set property value success! propertyId: 183, value: {intValue: 1, floatValue: 1.4013e-45}
[09/01 11:24:14.426835][debug][35996][HostProtocol.cpp:425] Set property value, propertyId=183, value={intValue: 0, floatValue: 0}
[09/01 11:24:14.444773][debug][35996][PropertyAccessor.cpp:17] set property value success! propertyId: 183, value: {intValue: 0, floatValue: 0}
[09/01 11:24:14.479535][debug][35996][HostProtocol.cpp:425] Set property value, propertyId=183, value={intValue: 1, floatValue: 1.4013e-45}
[09/01 11:24:14.484831][debug][35996][PropertyAccessor.cpp:17] set property value success! propertyId: 183, value: {intValue: 1, floatValue: 1.4013e-45}
[09/01 11:24:14.497140][debug][35996][HostProtocol.cpp:425] Set property value, propertyId=183, value={intValue: 0, floatValue: 0}
[09/01 11:24:14.498992][debug][35996][PropertyAccessor.cpp:17] set property value success! propertyId: 183, value: {intValue: 0, floatValue: 0}
[09/01 11:24:14.521094][debug][35996][HostProtocol.cpp:425] Set property value, propertyId=164, value={intValue: 1, floatValue: 1.4013e-45}
[09/01 11:24:14.523482][debug][35996][PropertyAccessor.cpp:17] set property value success! propertyId: 164, value: {intValue: 1, floatValue: 1.4013e-45}
[09/01 11:24:14.523571][debug][35996][HostProtocol.cpp:425] Set property value, propertyId=183, value={intValue: 1, floatValue: 1.4013e-45}
[09/01 11:24:14.524794][debug][35996][PropertyAccessor.cpp:17] set property value success! propertyId: 183, value: {intValue: 1, floatValue: 1.4013e-45}
[09/01 11:24:14.557490][debug][35996][HostProtocol.cpp:425] Set property value, propertyId=183, value={intValue: 0, floatValue: 0}
[09/01 11:24:14.573558][debug][35996][PropertyAccessor.cpp:17] set property value success! propertyId: 183, value: {intValue: 0, floatValue: 0}
[09/01 11:24:14.575198][debug][35996][HostProtocol.cpp:425] Set property value, propertyId=183, value={intValue: 1, floatValue: 1.4013e-45}
[09/01 11:24:14.664679][warning][40292][Pipeline.cpp:310] Wait for frame timeout, you can try to increase the wait time! current timeout=100
[09/01 11:24:14.843965][debug][35996][PropertyAccessor.cpp:17] set property value success! propertyId: 183, value: {intValue: 1, floatValue: 1.4013e-45}
[09/01 11:24:14.877215][debug][35996][HostProtocol.cpp:425] Set property value, propertyId=183, value={intValue: 0, floatValue: 0}
[09/01 11:24:14.884924][debug][35996][PropertyAccessor.cpp:17] set property value success! propertyId: 183, value: {intValue: 0, floatValue: 0}
[09/01 11:24:14.977940][debug][35996][HostProtocol.cpp:425] Set property value, propertyId=164, value={intValue: 2, floatValue: 2.8026e-45}
[09/01 11:24:15.002593][debug][35996][PropertyAccessor.cpp:17] set property value success! propertyId: 164, value: {intValue: 2, floatValue: 2.8026e-45}
[09/01 11:24:15.015301][debug][35996][HostProtocol.cpp:425] Set property value, propertyId=183, value={intValue: 1, floatValue: 1.4013e-45}
[09/01 11:24:15.039786][debug][35996][PropertyAccessor.cpp:17] set property value success! propertyId: 183, value: {intValue: 1, floatValue: 1.4013e-45}
[09/01 11:24:15.111154][debug][35996][HostProtocol.cpp:425] Set property value, propertyId=183, value={intValue: 0, floatValue: 0}
[09/01 11:24:15.123818][debug][35996][PropertyAccessor.cpp:17] set property value success! propertyId: 183, value: {intValue: 0, floatValue: 0}
[09/01 11:24:15.233948][debug][19016][VideoSensor.cpp:414] OB_SENSOR_IR_LEFT Streaming... frameRate=38.019802fps,bitRate=75.074265Mbps
[09/01 11:24:15.244201][debug][35996][HostProtocol.cpp:425] Set property value, propertyId=183, value={intValue: 1, floatValue: 1.4013e-45}
[09/01 11:24:15.248127][debug][35996][PropertyAccessor.cpp:17] set property value success! propertyId: 183, value: {intValue: 1, floatValue: 1.4013e-45}
[09/01 11:24:15.273527][debug][35996][HostProtocol.cpp:425] Set property value, propertyId=183, value={intValue: 0, floatValue: 0}
[09/01 11:24:15.280848][debug][35996][PropertyAccessor.cpp:17] set property value success! propertyId: 183, value: {intValue: 0, floatValue: 0}
[09/01 11:24:15.347804][debug][35996][HostProtocol.cpp:425] Set property value, propertyId=183, value={intValue: 1, floatValue: 1.4013e-45}
[09/01 11:24:15.395355][debug][35996][PropertyAccessor.cpp:17] set property value success! propertyId: 183, value: {intValue: 1, floatValue: 1.4013e-45}
[09/01 11:24:15.399188][debug][38268][VideoSensor.cpp:414] OB_SENSOR_IR_RIGHT Streaming... frameRate=39.523338fps,bitRate=76.076294Mbps
[09/01 11:24:15.399775][debug][26348][Pipeline.cpp:271] Pipeline streaming... frameset output rate=38.942978fps
[09/01 11:24:15.441679][debug][20644][VendorCommand.cpp:186] DeviceStateUpdate, state code=0, dataSize=8, , msg=
[09/01 11:24:15.441699][debug][35996][HostProtocol.cpp:425] Set property value, propertyId=183, value={intValue: 0, floatValue: 0}
[09/01 11:24:15.449738][debug][35996][PropertyAccessor.cpp:17] set property value success! propertyId: 183, value: {intValue: 0, floatValue: 0}
[09/01 11:24:15.451588][debug][35996][HostProtocol.cpp:425] Set property value, propertyId=183, value={intValue: 1, floatValue: 1.4013e-45}
[09/01 11:24:15.468403][debug][35996][PropertyAccessor.cpp:17] set property value success! propertyId: 183, value: {intValue: 1, floatValue: 1.4013e-45}
[09/01 11:24:15.471997][debug][35996][HostProtocol.cpp:425] Set property value, propertyId=183, value={intValue: 0, floatValue: 0}
[09/01 11:24:15.484423][debug][35996][PropertyAccessor.cpp:17] set property value success! propertyId: 183, value: {intValue: 0, floatValue: 0}
[09/01 11:24:15.486141][debug][35996][HostProtocol.cpp:425] Set property value, propertyId=183, value={intValue: 1, floatValue: 1.4013e-45}
[09/01 11:24:15.499715][debug][35828][AccelSensor.cpp:213] Accel Sensor Streaming... frameRate=186.693161fps
[09/01 11:24:15.499940][debug][35996][PropertyAccessor.cpp:17] set property value success! propertyId: 183, value: {intValue: 1, floatValue: 1.4013e-45}
[09/01 11:24:15.501957][debug][35996][HostProtocol.cpp:425] Set property value, propertyId=183, value={intValue: 0, floatValue: 0}
[09/01 11:24:15.515734][debug][35996][PropertyAccessor.cpp:17] set property value success! propertyId: 183, value: {intValue: 0, floatValue: 0}
[09/01 11:24:15.559227][debug][35996][HostProtocol.cpp:425] Set property value, propertyId=183, value={intValue: 1, floatValue: 1.4013e-45}
[09/01 11:24:15.577767][debug][35996][PropertyAccessor.cpp:17] set property value success! propertyId: 183, value: {intValue: 1, floatValue: 1.4013e-45}
[09/01 11:24:15.579780][debug][35996][HostProtocol.cpp:425] Set property value, propertyId=183, value={intValue: 0, floatValue: 0}
[09/01 11:24:15.583992][debug][35996][PropertyAccessor.cpp:17] set property value success! propertyId: 183, value: {intValue: 0, floatValue: 0}
[09/01 11:24:15.839916][debug][36008][HostProtocol.cpp:425] Set property value, propertyId=2027, value={intValue: 2100, floatValue: 2.94273e-42}
[09/01 11:24:15.851659][debug][36008][PropertyAccessor.cpp:17] set property value success! propertyId: 2027, value: {intValue: 2100, floatValue: 2.94273e-42}
[09/01 11:24:15.851724][debug][35996][HostProtocol.cpp:425] Set property value, propertyId=183, value={intValue: 1, floatValue: 1.4013e-45}
[09/01 11:24:15.853624][debug][35996][PropertyAccessor.cpp:17] set property value success! propertyId: 183, value: {intValue: 1, floatValue: 1.4013e-45}
[09/01 11:24:16.070068][debug][36008][HostProtocol.cpp:461] get property value success! propertyId=154, cur={intValue: 1235147168, floatValue: 1.3013e+06}, max={intValue: 1236736768, floatValue: 1.5e+06}, min={intValue: 1203982336, floatValue: 100000},def={intValue: 1229148160, floatValue: 800000},step={intValue: 1169915904, floatValue: 6000}
[09/01 11:24:16.070115][debug][36008][PropertyAccessor.cpp:34] get property value range success! propertyId: 154, range: {max: {intValue: 1236736768, floatValue: 1.5e+06}, min: {intValue: 1203982336, floatValue: 100000}, step: {intValue: 1169915904, floatValue: 6000}, def: {intValue: 1229148160, floatValue: 800000}}
[09/01 11:24:16.070136][debug][36008][HostProtocol.cpp:425] Set property value, propertyId=154, value={intValue: 1233707168, floatValue: 1.1213e+06}
[09/01 11:24:16.081453][debug][36008][PropertyAccessor.cpp:17] set property value success! propertyId: 154, value: {intValue: 1233707168, floatValue: 1.1213e+06}
[09/01 11:24:16.091174][debug][36008][HostProtocol.cpp:461] get property value success! propertyId=155, cur={intValue: 1235147168, floatValue: 1.3013e+06}, max={intValue: 1236736768, floatValue: 1.5e+06}, min={intValue: 1203982336, floatValue: 100000},def={intValue: 1229148160, floatValue: 800000},step={intValue: 1169915904, floatValue: 6000}
[09/01 11:24:16.091211][debug][36008][PropertyAccessor.cpp:34] get property value range success! propertyId: 155, range: {max: {intValue: 1236736768, floatValue: 1.5e+06}, min: {intValue: 1203982336, floatValue: 100000}, step: {intValue: 1169915904, floatValue: 6000}, def: {intValue: 1229148160, floatValue: 800000}}
[09/01 11:24:16.091229][debug][36008][HostProtocol.cpp:425] Set property value, propertyId=155, value={intValue: 1233707168, floatValue: 1.1213e+06}
[09/01 11:24:16.095545][debug][36008][PropertyAccessor.cpp:17] set property value success! propertyId: 155, value: {intValue: 1233707168, floatValue: 1.1213e+06}
[09/01 11:24:16.131914][debug][35996][HostProtocol.cpp:425] Set property value, propertyId=183, value={intValue: 0, floatValue: 0}
[09/01 11:24:16.134078][debug][35996][PropertyAccessor.cpp:17] set property value success! propertyId: 183, value: {intValue: 0, floatValue: 0}
[09/01 11:24:16.294431][debug][36008][HostProtocol.cpp:425] Set property value, propertyId=2027, value={intValue: 2000, floatValue: 2.8026e-42}
[09/01 11:24:16.308674][debug][36008][PropertyAccessor.cpp:17] set property value success! propertyId: 2027, value: {intValue: 2000, floatValue: 2.8026e-42}
[09/01 11:24:16.522578][debug][36008][HostProtocol.cpp:461] get property value success! propertyId=154, cur={intValue: 1233707168, floatValue: 1.1213e+06}, max={intValue: 1236736768, floatValue: 1.5e+06}, min={intValue: 1203982336, floatValue: 100000},def={intValue: 1229148160, floatValue: 800000},step={intValue: 1169915904, floatValue: 6000}
[09/01 11:24:16.522619][debug][36008][PropertyAccessor.cpp:34] get property value range success! propertyId: 154, range: {max: {intValue: 1236736768, floatValue: 1.5e+06}, min: {intValue: 1203982336, floatValue: 100000}, step: {intValue: 1169915904, floatValue: 6000}, def: {intValue: 1229148160, floatValue: 800000}}
[09/01 11:24:16.522635][debug][36008][HostProtocol.cpp:425] Set property value, propertyId=154, value={intValue: 1231408960, floatValue: 941300}
[09/01 11:24:16.525547][debug][36008][PropertyAccessor.cpp:17] set property value success! propertyId: 154, value: {intValue: 1231408960, floatValue: 941300}
[09/01 11:24:16.548418][debug][36008][HostProtocol.cpp:461] get property value success! propertyId=155, cur={intValue: 1233707168, floatValue: 1.1213e+06}, max={intValue: 1236736768, floatValue: 1.5e+06}, min={intValue: 1203982336, floatValue: 100000},def={intValue: 1229148160, floatValue: 800000},step={intValue: 1169915904, floatValue: 6000}
[09/01 11:24:16.548455][debug][36008][PropertyAccessor.cpp:34] get property value range success! propertyId: 155, range: {max: {intValue: 1236736768, floatValue: 1.5e+06}, min: {intValue: 1203982336, floatValue: 100000}, step: {intValue: 1169915904, floatValue: 6000}, def: {intValue: 1229148160, floatValue: 800000}}
[09/01 11:24:16.548471][debug][36008][HostProtocol.cpp:425] Set property value, propertyId=155, value={intValue: 1231408960, floatValue: 941300}
[09/01 11:24:16.551118][debug][36008][PropertyAccessor.cpp:17] set property value success! propertyId: 155, value: {intValue: 1231408960, floatValue: 941300}
[09/01 11:24:16.660072][debug][35996][HostProtocol.cpp:425] Set property value, propertyId=183, value={intValue: 1, floatValue: 1.4013e-45}
[09/01 11:24:16.664833][debug][35996][PropertyAccessor.cpp:17] set property value success! propertyId: 183, value: {intValue: 1, floatValue: 1.4013e-45}
[09/01 11:24:16.686994][debug][35996][HostProtocol.cpp:425] Set property value, propertyId=183, value={intValue: 0, floatValue: 0}
[09/01 11:24:16.690574][debug][35996][PropertyAccessor.cpp:17] set property value success! propertyId: 183, value: {intValue: 0, floatValue: 0}
[09/01 11:24:16.713304][debug][35996][HostProtocol.cpp:425] Set property value, propertyId=183, value={intValue: 1, floatValue: 1.4013e-45}
[09/01 11:24:16.725144][debug][35996][PropertyAccessor.cpp:17] set property value success! propertyId: 183, value: {intValue: 1, floatValue: 1.4013e-45}
[09/01 11:24:16.749785][debug][35996][HostProtocol.cpp:425] Set property value, propertyId=183, value={intValue: 0, floatValue: 0}
[09/01 11:24:16.758187][debug][35996][PropertyAccessor.cpp:17] set property value success! propertyId: 183, value: {intValue: 0, floatValue: 0}
[09/01 11:24:16.771087][debug][35996][HostProtocol.cpp:425] Set property value, propertyId=183, value={intValue: 1, floatValue: 1.4013e-45}
[09/01 11:24:16.772562][debug][35996][PropertyAccessor.cpp:17] set property value success! propertyId: 183, value: {intValue: 1, floatValue: 1.4013e-45}
[09/01 11:24:16.808254][debug][35996][HostProtocol.cpp:425] Set property value, propertyId=183, value={intValue: 0, floatValue: 0}
[09/01 11:24:16.824084][debug][35996][PropertyAccessor.cpp:17] set property value success! propertyId: 183, value: {intValue: 0, floatValue: 0}
[09/01 11:24:16.825457][debug][35996][HostProtocol.cpp:425] Set property value, propertyId=183, value={intValue: 1, floatValue: 1.4013e-45}
[09/01 11:24:16.834190][debug][35996][PropertyAccessor.cpp:17] set property value success! propertyId: 183, value: {intValue: 1, floatValue: 1.4013e-45}
[09/01 11:24:16.856958][debug][35996][HostProtocol.cpp:425] Set property value, propertyId=183, value={intValue: 0, floatValue: 0}
[09/01 11:24:16.868467][debug][35996][PropertyAccessor.cpp:17] set property value success! propertyId: 183, value: {intValue: 0, floatValue: 0}
[09/01 11:24:16.926754][debug][35996][HostProtocol.cpp:425] Set property value, propertyId=164, value={intValue: 1, floatValue: 1.4013e-45}
[09/01 11:24:16.938664][debug][35996][PropertyAccessor.cpp:17] set property value success! propertyId: 164, value: {intValue: 1, floatValue: 1.4013e-45}
[09/01 11:24:16.946959][debug][36008][HostProtocol.cpp:461] get property value success! propertyId=154, cur={intValue: 1231408960, floatValue: 941300}, max={intValue: 1236736768, floatValue: 1.5e+06}, min={intValue: 1203982336, floatValue: 100000},def={intValue: 1229148160, floatValue: 800000},step={intValue: 1169915904, floatValue: 6000}
[09/01 11:24:16.947018][debug][36008][PropertyAccessor.cpp:34] get property value range success! propertyId: 154, range: {max: {intValue: 1236736768, floatValue: 1.5e+06}, min: {intValue: 1203982336, floatValue: 100000}, step: {intValue: 1169915904, floatValue: 6000}, def: {intValue: 1229148160, floatValue: 800000}}
[09/01 11:24:16.947051][debug][36008][HostProtocol.cpp:425] Set property value, propertyId=154, value={intValue: 1232848960, floatValue: 1.0313e+06}
[09/01 11:24:16.949685][debug][36008][PropertyAccessor.cpp:17] set property value success! propertyId: 154, value: {intValue: 1232848960, floatValue: 1.0313e+06}
[09/01 11:24:16.967858][debug][36008][HostProtocol.cpp:461] get property value success! propertyId=155, cur={intValue: 1231408960, floatValue: 941300}, max={intValue: 1236736768, floatValue: 1.5e+06}, min={intValue: 1203982336, floatValue: 100000},def={intValue: 1229148160, floatValue: 800000},step={intValue: 1169915904, floatValue: 6000}
[09/01 11:24:16.967886][debug][36008][PropertyAccessor.cpp:34] get property value range success! propertyId: 155, range: {max: {intValue: 1236736768, floatValue: 1.5e+06}, min: {intValue: 1203982336, floatValue: 100000}, step: {intValue: 1169915904, floatValue: 6000}, def: {intValue: 1229148160, floatValue: 800000}}
[09/01 11:24:16.967914][debug][36008][HostProtocol.cpp:425] Set property value, propertyId=155, value={intValue: 1232848960, floatValue: 1.0313e+06}
[09/01 11:24:16.970998][debug][36008][PropertyAccessor.cpp:17] set property value success! propertyId: 155, value: {intValue: 1232848960, floatValue: 1.0313e+06}
[09/01 11:24:17.124320][debug][35996][HostProtocol.cpp:425] Set property value, propertyId=164, value={intValue: 2, floatValue: 2.8026e-45}
[09/01 11:24:17.143825][debug][35996][PropertyAccessor.cpp:17] set property value success! propertyId: 164, value: {intValue: 2, floatValue: 2.8026e-45}
[09/01 11:24:17.557600][debug][36008][HostProtocol.cpp:425] Set property value, propertyId=2027, value={intValue: 2100, floatValue: 2.94273e-42}
[09/01 11:24:17.568526][debug][36008][PropertyAccessor.cpp:17] set property value success! propertyId: 2027, value: {intValue: 2100, floatValue: 2.94273e-42}
[09/01 11:24:17.765523][warning][41280][Pipeline.cpp:310] Wait for frame timeout, you can try to increase the wait time! current timeout=100 [**2 logs in 3100ms, last: 11:24:14.866546**]
[09/01 11:24:17.773080][debug][36008][HostProtocol.cpp:461] get property value success! propertyId=154, cur={intValue: 1232848960, floatValue: 1.0313e+06}, max={intValue: 1236736768, floatValue: 1.5e+06}, min={intValue: 1203982336, floatValue: 100000},def={intValue: 1229148160, floatValue: 800000},step={intValue: 1169915904, floatValue: 6000}
[09/01 11:24:17.773108][debug][36008][PropertyAccessor.cpp:34] get property value range success! propertyId: 154, range: {max: {intValue: 1236736768, floatValue: 1.5e+06}, min: {intValue: 1203982336, floatValue: 100000}, step: {intValue: 1169915904, floatValue: 6000}, def: {intValue: 1229148160, floatValue: 800000}}
[09/01 11:24:17.773122][debug][36008][HostProtocol.cpp:425] Set property value, propertyId=154, value={intValue: 1231792960, floatValue: 965300}
[09/01 11:24:17.782324][debug][36008][PropertyAccessor.cpp:17] set property value success! propertyId: 154, value: {intValue: 1231792960, floatValue: 965300}
[09/01 11:24:17.797474][debug][36008][HostProtocol.cpp:461] get property value success! propertyId=155, cur={intValue: 1232848960, floatValue: 1.0313e+06}, max={intValue: 1236736768, floatValue: 1.5e+06}, min={intValue: 1203982336, floatValue: 100000},def={intValue: 1229148160, floatValue: 800000},step={intValue: 1169915904, floatValue: 6000}
[09/01 11:24:17.797509][debug][36008][PropertyAccessor.cpp:34] get property value range success! propertyId: 155, range: {max: {intValue: 1236736768, floatValue: 1.5e+06}, min: {intValue: 1203982336, floatValue: 100000}, step: {intValue: 1169915904, floatValue: 6000}, def: {intValue: 1229148160, floatValue: 800000}}
[09/01 11:24:17.797523][debug][36008][HostProtocol.cpp:425] Set property value, propertyId=155, value={intValue: 1231792960, floatValue: 965300}
[09/01 11:24:17.800252][debug][36008][PropertyAccessor.cpp:17] set property value success! propertyId: 155, value: {intValue: 1231792960, floatValue: 965300}
[09/01 11:24:17.974899][debug][35996][HostProtocol.cpp:425] Set property value, propertyId=183, value={intValue: 1, floatValue: 1.4013e-45}
[09/01 11:24:17.979325][debug][35996][PropertyAccessor.cpp:17] set property value success! propertyId: 183, value: {intValue: 1, floatValue: 1.4013e-45}
[09/01 11:24:17.992040][debug][36008][HostProtocol.cpp:425] Set property value, propertyId=2027, value={intValue: 2200, floatValue: 3.08286e-42}
[09/01 11:24:18.016107][debug][36008][PropertyAccessor.cpp:17] set property value success! propertyId: 2027, value: {intValue: 2200, floatValue: 3.08286e-42}
[09/01 11:24:18.016209][debug][35996][HostProtocol.cpp:425] Set property value, propertyId=183, value={intValue: 0, floatValue: 0}
[09/01 11:24:18.020322][debug][35996][PropertyAccessor.cpp:17] set property value success! propertyId: 183, value: {intValue: 0, floatValue: 0}
[09/01 11:24:18.033299][debug][35996][HostProtocol.cpp:425] Set property value, propertyId=183, value={intValue: 1, floatValue: 1.4013e-45}
[09/01 11:24:18.041753][debug][35996][PropertyAccessor.cpp:17] set property value success! propertyId: 183, value: {intValue: 1, floatValue: 1.4013e-45}
[09/01 11:24:18.054104][debug][35996][HostProtocol.cpp:425] Set property value, propertyId=183, value={intValue: 0, floatValue: 0}
[09/01 11:24:18.065730][debug][35996][PropertyAccessor.cpp:17] set property value success! propertyId: 183, value: {intValue: 0, floatValue: 0}
[09/01 11:24:18.303291][debug][35996][HostProtocol.cpp:425] Set property value, propertyId=183, value={intValue: 1, floatValue: 1.4013e-45}
[09/01 11:24:18.309362][debug][35996][PropertyAccessor.cpp:17] set property value success! propertyId: 183, value: {intValue: 1, floatValue: 1.4013e-45}
[09/01 11:24:18.321031][debug][35996][HostProtocol.cpp:425] Set property value, propertyId=183, value={intValue: 0, floatValue: 0}
[09/01 11:24:18.342751][debug][35996][PropertyAccessor.cpp:17] set property value success! propertyId: 183, value: {intValue: 0, floatValue: 0}
[09/01 11:24:18.355111][debug][35996][HostProtocol.cpp:425] Set property value, propertyId=183, value={intValue: 1, floatValue: 1.4013e-45}
[09/01 11:24:18.364190][debug][35996][PropertyAccessor.cpp:17] set property value success! propertyId: 183, value: {intValue: 1, floatValue: 1.4013e-45}
[09/01 11:24:18.372525][debug][20644][VendorCommand.cpp:186] DeviceStateUpdate, state code=0, dataSize=8, , msg=
[09/01 11:24:18.376397][debug][35996][HostProtocol.cpp:425] Set property value, propertyId=183, value={intValue: 0, floatValue: 0}
[09/01 11:24:18.379435][debug][35996][PropertyAccessor.cpp:17] set property value success! propertyId: 183, value: {intValue: 0, floatValue: 0}
[09/01 11:24:18.401493][debug][35996][HostProtocol.cpp:425] Set property value, propertyId=183, value={intValue: 1, floatValue: 1.4013e-45}
[09/01 11:24:18.407387][debug][35996][PropertyAccessor.cpp:17] set property value success! propertyId: 183, value: {intValue: 1, floatValue: 1.4013e-45}
[09/01 11:24:18.430982][debug][36008][HostProtocol.cpp:425] Set property value, propertyId=2027, value={intValue: 2300, floatValue: 3.22299e-42}
[09/01 11:24:18.445891][debug][36008][PropertyAccessor.cpp:17] set property value success! propertyId: 2027, value: {intValue: 2300, floatValue: 3.22299e-42}
[09/01 11:24:18.445980][debug][35996][HostProtocol.cpp:425] Set property value, propertyId=183, value={intValue: 0, floatValue: 0}
[09/01 11:24:18.450983][debug][35996][PropertyAccessor.cpp:17] set property value success! propertyId: 183, value: {intValue: 0, floatValue: 0}
[09/01 11:24:18.486912][debug][35996][HostProtocol.cpp:425] Set property value, propertyId=183, value={intValue: 1, floatValue: 1.4013e-45}
[09/01 11:24:18.500681][debug][35996][PropertyAccessor.cpp:17] set property value success! propertyId: 183, value: {intValue: 1, floatValue: 1.4013e-45}
[09/01 11:24:18.558537][debug][35996][HostProtocol.cpp:425] Set property value, propertyId=183, value={intValue: 0, floatValue: 0}
[09/01 11:24:18.572391][debug][35996][PropertyAccessor.cpp:17] set property value success! propertyId: 183, value: {intValue: 0, floatValue: 0}
[09/01 11:24:18.595536][debug][35996][HostProtocol.cpp:425] Set property value, propertyId=183, value={intValue: 1, floatValue: 1.4013e-45}
[09/01 11:24:18.602820][debug][35996][PropertyAccessor.cpp:17] set property value success! propertyId: 183, value: {intValue: 1, floatValue: 1.4013e-45}
[09/01 11:24:18.718773][debug][36008][HostProtocol.cpp:461] get property value success! propertyId=154, cur={intValue: 1231792960, floatValue: 965300}, max={intValue: 1236736768, floatValue: 1.5e+06}, min={intValue: 1203982336, floatValue: 100000},def={intValue: 1229148160, floatValue: 800000},step={intValue: 1169915904, floatValue: 6000}
[09/01 11:24:18.718835][debug][36008][PropertyAccessor.cpp:34] get property value range success! propertyId: 154, range: {max: {intValue: 1236736768, floatValue: 1.5e+06}, min: {intValue: 1203982336, floatValue: 100000}, step: {intValue: 1169915904, floatValue: 6000}, def: {intValue: 1229148160, floatValue: 800000}}
[09/01 11:24:18.718868][debug][36008][HostProtocol.cpp:425] Set property value, propertyId=154, value={intValue: 1232848960, floatValue: 1.0313e+06}
[09/01 11:24:18.723671][debug][36008][PropertyAccessor.cpp:17] set property value success! propertyId: 154, value: {intValue: 1232848960, floatValue: 1.0313e+06}
[09/01 11:24:18.734063][debug][36008][HostProtocol.cpp:461] get property value success! propertyId=155, cur={intValue: 1231792960, floatValue: 965300}, max={intValue: 1236736768, floatValue: 1.5e+06}, min={intValue: 1203982336, floatValue: 100000},def={intValue: 1229148160, floatValue: 800000},step={intValue: 1169915904, floatValue: 6000}
[09/01 11:24:18.734106][debug][36008][PropertyAccessor.cpp:34] get property value range success! propertyId: 155, range: {max: {intValue: 1236736768, floatValue: 1.5e+06}, min: {intValue: 1203982336, floatValue: 100000}, step: {intValue: 1169915904, floatValue: 6000}, def: {intValue: 1229148160, floatValue: 800000}}
[09/01 11:24:18.734130][debug][36008][HostProtocol.cpp:425] Set property value, propertyId=155, value={intValue: 1232848960, floatValue: 1.0313e+06}
[09/01 11:24:18.740354][debug][36008][PropertyAccessor.cpp:17] set property value success! propertyId: 155, value: {intValue: 1232848960, floatValue: 1.0313e+06}
[09/01 11:24:18.740422][debug][35996][HostProtocol.cpp:425] Set property value, propertyId=183, value={intValue: 0, floatValue: 0}
[09/01 11:24:18.750908][debug][35996][PropertyAccessor.cpp:17] set property value success! propertyId: 183, value: {intValue: 0, floatValue: 0}
[09/01 11:24:18.950766][debug][35996][HostProtocol.cpp:425] Set property value, propertyId=183, value={intValue: 1, floatValue: 1.4013e-45}
[09/01 11:24:18.957188][debug][35996][PropertyAccessor.cpp:17] set property value success! propertyId: 183, value: {intValue: 1, floatValue: 1.4013e-45}
[09/01 11:24:18.980956][debug][35996][HostProtocol.cpp:425] Set property value, propertyId=183, value={intValue: 0, floatValue: 0}
[09/01 11:24:18.993468][debug][35996][PropertyAccessor.cpp:17] set property value success! propertyId: 183, value: {intValue: 0, floatValue: 0}
[09/01 11:24:19.005464][debug][35996][HostProtocol.cpp:425] Set property value, propertyId=183, value={intValue: 1, floatValue: 1.4013e-45}
[09/01 11:24:19.010477][debug][35996][PropertyAccessor.cpp:17] set property value success! propertyId: 183, value: {intValue: 1, floatValue: 1.4013e-45}
[09/01 11:24:19.023379][debug][35996][HostProtocol.cpp:425] Set property value, propertyId=183, value={intValue: 0, floatValue: 0}
[09/01 11:24:19.026705][debug][35996][PropertyAccessor.cpp:17] set property value success! propertyId: 183, value: {intValue: 0, floatValue: 0}
[09/01 11:24:19.060364][debug][35996][HostProtocol.cpp:425] Set property value, propertyId=164, value={intValue: 1, floatValue: 1.4013e-45}
[09/01 11:24:19.068478][debug][35996][PropertyAccessor.cpp:17] set property value success! propertyId: 164, value: {intValue: 1, floatValue: 1.4013e-45}
[09/01 11:24:19.220471][debug][35996][HostProtocol.cpp:425] Set property value, propertyId=164, value={intValue: 2, floatValue: 2.8026e-45}
[09/01 11:24:19.224708][debug][35996][PropertyAccessor.cpp:17] set property value success! propertyId: 164, value: {intValue: 2, floatValue: 2.8026e-45}
[09/01 11:24:19.242412][debug][9448][PropertyAccessor.cpp:71] get cmd version success! propertyId: 1056, version: 0
[09/01 11:24:19.245159][debug][9448][PropertyAccessor.cpp:79] get struct data success! propertyId: 1056
[09/01 11:24:19.958284][debug][35996][HostProtocol.cpp:425] Set property value, propertyId=183, value={intValue: 1, floatValue: 1.4013e-45}
[09/01 11:24:19.967985][debug][35996][PropertyAccessor.cpp:17] set property value success! propertyId: 183, value: {intValue: 1, floatValue: 1.4013e-45}
[09/01 11:24:20.012248][debug][35996][HostProtocol.cpp:425] Set property value, propertyId=183, value={intValue: 0, floatValue: 0}
[09/01 11:24:20.019656][debug][35996][PropertyAccessor.cpp:17] set property value success! propertyId: 183, value: {intValue: 0, floatValue: 0}
[09/01 11:24:20.227287][debug][35996][HostProtocol.cpp:425] Set property value, propertyId=183, value={intValue: 1, floatValue: 1.4013e-45}
[09/01 11:24:20.232553][debug][35996][PropertyAccessor.cpp:17] set property value success! propertyId: 183, value: {intValue: 1, floatValue: 1.4013e-45}
[09/01 11:24:20.255998][debug][35996][HostProtocol.cpp:425] Set property value, propertyId=183, value={intValue: 0, floatValue: 0}
[09/01 11:24:20.260304][debug][35996][PropertyAccessor.cpp:17] set property value success! propertyId: 183, value: {intValue: 0, floatValue: 0}
[09/01 11:24:20.260778][debug][19016][VideoSensor.cpp:414] OB_SENSOR_IR_LEFT Streaming... frameRate=41.774418fps,bitRate=79.664749Mbps
[09/01 11:24:20.403814][debug][38268][VideoSensor.cpp:414] OB_SENSOR_IR_RIGHT Streaming... frameRate=40.167866fps,bitRate=74.508904Mbps
[09/01 11:24:20.405809][debug][18436][Pipeline.cpp:271] Pipeline streaming... frameset output rate=40.751099fps
[09/01 11:24:20.480967][debug][35996][HostProtocol.cpp:425] Set property value, propertyId=183, value={intValue: 1, floatValue: 1.4013e-45}
[09/01 11:24:20.483918][debug][35996][PropertyAccessor.cpp:17] set property value success! propertyId: 183, value: {intValue: 1, floatValue: 1.4013e-45}
[09/01 11:24:20.496044][debug][35996][HostProtocol.cpp:425] Set property value, propertyId=183, value={intValue: 0, floatValue: 0}
[09/01 11:24:20.498869][debug][35996][PropertyAccessor.cpp:17] set property value success! propertyId: 183, value: {intValue: 0, floatValue: 0}
[09/01 11:24:20.535332][debug][35828][AccelSensor.cpp:213] Accel Sensor Streaming... frameRate=192.216049fps
[09/01 11:24:21.371149][debug][20644][VendorCommand.cpp:186] DeviceStateUpdate, state code=0, dataSize=8, , msg=
[09/01 11:24:21.391502][debug][35996][HostProtocol.cpp:425] Set property value, propertyId=183, value={intValue: 1, floatValue: 1.4013e-45}
[09/01 11:24:21.395943][debug][35996][PropertyAccessor.cpp:17] set property value success! propertyId: 183, value: {intValue: 1, floatValue: 1.4013e-45}
[09/01 11:24:21.408552][debug][35996][HostProtocol.cpp:425] Set property value, propertyId=183, value={intValue: 0, floatValue: 0}
[09/01 11:24:21.431873][debug][35996][PropertyAccessor.cpp:17] set property value success! propertyId: 183, value: {intValue: 0, floatValue: 0}
[09/01 11:24:21.598044][debug][35996][HostProtocol.cpp:425] Set property value, propertyId=183, value={intValue: 1, floatValue: 1.4013e-45}
[09/01 11:24:21.602682][debug][35996][PropertyAccessor.cpp:17] set property value success! propertyId: 183, value: {intValue: 1, floatValue: 1.4013e-45}
[09/01 11:24:21.703425][debug][35996][HostProtocol.cpp:425] Set property value, propertyId=183, value={intValue: 0, floatValue: 0}
[09/01 11:24:21.709834][debug][35996][PropertyAccessor.cpp:17] set property value success! propertyId: 183, value: {intValue: 0, floatValue: 0}
[09/01 11:24:22.051057][debug][35996][HostProtocol.cpp:425] Set property value, propertyId=183, value={intValue: 1, floatValue: 1.4013e-45}
[09/01 11:24:22.052508][debug][35996][PropertyAccessor.cpp:17] set property value success! propertyId: 183, value: {intValue: 1, floatValue: 1.4013e-45}
[09/01 11:24:22.065128][debug][35996][HostProtocol.cpp:425] Set property value, propertyId=183, value={intValue: 0, floatValue: 0}
[09/01 11:24:22.068969][debug][35996][PropertyAccessor.cpp:17] set property value success! propertyId: 183, value: {intValue: 0, floatValue: 0}
[09/01 11:24:22.137342][debug][35996][HostProtocol.cpp:425] Set property value, propertyId=183, value={intValue: 1, floatValue: 1.4013e-45}
[09/01 11:24:22.146274][debug][35996][PropertyAccessor.cpp:17] set property value success! propertyId: 183, value: {intValue: 1, floatValue: 1.4013e-45}
[09/01 11:24:22.227294][debug][35996][HostProtocol.cpp:425] Set property value, propertyId=183, value={intValue: 0, floatValue: 0}
[09/01 11:24:22.233769][debug][35996][PropertyAccessor.cpp:17] set property value success! propertyId: 183, value: {intValue: 0, floatValue: 0}
[09/01 11:24:22.427909][debug][26972][HostProtocol.cpp:425] Set property value, propertyId=2020, value={intValue: 0, floatValue: 0}
[09/01 11:24:22.441585][debug][26972][FrameProcessingBlock.cpp:74] Process thread stoped! class libobsensor::IMUFrameTransformer@0x2112182d540 
[09/01 11:24:22.441627][debug][26972][FrameProcessor.cpp:153] FrameProcessor stoped!
[09/01 11:24:22.441635][debug][26972][NetDataStreamPort.cpp:22] NetDataStreamPort::removeWatcher start
[09/01 11:24:22.441642][debug][26972][NetDataStreamPort.cpp:48] NetDataStreamPort::removeWatcher done
[09/01 11:24:22.441652][info][26972][Pipeline.cpp:344] Try to stop pipeline!
[09/01 11:24:22.441666][info][26972][Pipeline.cpp:316] Try to stop streams!
[09/01 11:24:22.441682][debug][26972][VideoSensor.cpp:678] VideoSensor::stop, @OB_SENSOR_IR_RIGHT
[09/01 11:24:22.441692][debug][26972][VendorCommand.cpp:468] pauseHeartBeat, current pause count: 0
[09/01 11:24:22.441717][debug][26972][HostProtocol.cpp:425] Set property value, propertyId=89, value={intValue: 0, floatValue: 0}
[09/01 11:24:22.448626][debug][26972][VendorCommand.cpp:468] pauseHeartBeat, current pause count: 1
[09/01 11:24:22.448658][debug][26972][VideoSensor.cpp:697] Stream state changed to STREAM_STATE_STOPPING. @OB_SENSOR_IR_RIGHT
[09/01 11:24:22.449775][debug][26968][ObUsageEnvironment.cpp:32] rtsp://192.168.193.1:8557/ir_r/1920_1200_40_rle/: Send TEARDOWN command to stop stream
Sending request: TEARDOWN rtsp://192.168.193.1:8557/ir_r/1920_1200_40_rle/ RTSP/1.0
CSeq: 5
User-Agent: OrbbecSDK (LIVE555 Streaming Media v2022.04.26)
Session: AAC6E248



[09/01 11:24:22.462983][debug][26968][ObUsageEnvironment.cpp:32] Received a complete TEARDOWN response:
RTSP/1.0 200 OK
CSeq: 5
Date: Fri, Dec 26 2025 03:57:00 GMT


ObRTSPClient: stream stoped! rtspURL = rtsp://192.168.193.1:8557/ir_r/1920_1200_40_rle/

[09/01 11:24:22.463466][debug][26972][RTSPStreamPort.cpp:339] ObRTSPClient close!  url=rtsp://192.168.193.1:8557/ir_r/1920_1200_40_rle/
[09/01 11:24:22.463475][debug][26968][ObUsageEnvironment.cpp:32] ObRTPSinkClient destructor! streamId = rtsp://192.168.193.1:8557/ir_r/1920_1200_40_rle/
ObRTSPClient destructor! rtspURL = rtsp://192.168.193.1:8557/ir_r/1920_1200_40_rle/
[09/01 11:24:22.463514][debug][26972][RTSPStreamPort.cpp:288] Stream stoped!
[09/01 11:24:22.463540][debug][26972][VideoSensor.cpp:724] stream stoped! @OB_SENSOR_IR_RIGHT
[09/01 11:24:22.465533][debug][26972][FrameProcessingBlock.cpp:74] Process thread stoped! class libobsensor::TurbojpegPrivateDecompressor@0x20ef2e1b820 
[09/01 11:24:22.466321][debug][26972][FrameProcessingBlock.cpp:74] Process thread stoped! class libobsensor::BlockStdDevDecompressor@0x20ef2c97430 
[09/01 11:24:22.467647][debug][26972][FrameProcessingBlock.cpp:74] Process thread stoped! class libobsensor::FrameMirror@0x20ef2c98230 
[09/01 11:24:22.467668][debug][26972][FrameProcessor.cpp:153] FrameProcessor stoped!
[09/01 11:24:22.468324][debug][26972][HostProtocol.cpp:425] Set property value, propertyId=38, value={intValue: 1, floatValue: 1.4013e-45}
[09/01 11:24:22.611566][debug][26972][VendorCommand.cpp:481] resumeHeartBeat current pause count:1
[09/01 11:24:22.611616][debug][26972][VendorCommand.cpp:481] resumeHeartBeat current pause count:0
[09/01 11:24:22.611640][debug][26972][HostProtocol.cpp:425] Set property value, propertyId=89, value={intValue: 1, floatValue: 1.4013e-45}
[09/01 11:24:22.612732][debug][26972][VideoSensor.cpp:732] Stream state changed to STREAM_STATE_STOPED. @OB_SENSOR_IR_RIGHT
[09/01 11:24:22.612741][info][26972][VideoSensor.cpp:734] Video sensor stopped, @OB_SENSOR_IR_RIGHT
[09/01 11:24:22.612747][info][26972][Pipeline.cpp:329] Sensor stream stopped, sensorType=OB_SENSOR_IR_RIGHT
[09/01 11:24:22.612755][debug][26972][VideoSensor.cpp:678] VideoSensor::stop, @OB_SENSOR_IR_LEFT
[09/01 11:24:22.612761][debug][26972][VendorCommand.cpp:468] pauseHeartBeat, current pause count: 0
[09/01 11:24:22.612772][debug][26972][HostProtocol.cpp:425] Set property value, propertyId=89, value={intValue: 0, floatValue: 0}
[09/01 11:24:22.613909][debug][26972][VendorCommand.cpp:468] pauseHeartBeat, current pause count: 1
[09/01 11:24:22.613973][debug][26972][VideoSensor.cpp:697] Stream state changed to STREAM_STATE_STOPPING. @OB_SENSOR_IR_LEFT
[09/01 11:24:22.615429][debug][42524][ObUsageEnvironment.cpp:32] rtsp://192.168.193.1:8556/ir_l/1920_1200_40_rle/: Send TEARDOWN command to stop stream
Sending request: TEARDOWN rtsp://192.168.193.1:8556/ir_l/1920_1200_40_rle/ RTSP/1.0
CSeq: 5
User-Agent: OrbbecSDK (LIVE555 Streaming Media v2022.04.26)
Session: F4FA098E



[09/01 11:24:22.629912][debug][42524][ObUsageEnvironment.cpp:32] TEARDOWN response with: RTSP response was truncated. Increase "RTSPClient::responseBufferSize"
ObRTSPClient: stream stoped! rtspURL = rtsp://192.168.193.1:8556/ir_l/1920_1200_40_rle/

[09/01 11:24:22.632917][debug][26972][RTSPStreamPort.cpp:339] ObRTSPClient close!  url=rtsp://192.168.193.1:8556/ir_l/1920_1200_40_rle/
[09/01 11:24:22.632953][debug][26972][RTSPStreamPort.cpp:288] Stream stoped!
[09/01 11:24:22.632972][debug][26972][VideoSensor.cpp:724] stream stoped! @OB_SENSOR_IR_LEFT
[09/01 11:24:22.632918][debug][42524][ObUsageEnvironment.cpp:32] ObRTPSinkClient destructor! streamId = rtsp://192.168.193.1:8556/ir_l/1920_1200_40_rle/
ObRTSPClient destructor! rtspURL = rtsp://192.168.193.1:8556/ir_l/1920_1200_40_rle/
[09/01 11:24:22.634141][debug][26972][FrameProcessingBlock.cpp:74] Process thread stoped! class libobsensor::TurbojpegPrivateDecompressor@0x20ef2e1bbe0 
[09/01 11:24:22.636123][debug][26972][FrameProcessingBlock.cpp:74] Process thread stoped! class libobsensor::BlockStdDevDecompressor@0x20ef2c97d30 
[09/01 11:24:22.638093][debug][26972][FrameProcessingBlock.cpp:74] Process thread stoped! class libobsensor::FrameMirror@0x20ef2c97c30 
[09/01 11:24:22.638115][debug][26972][FrameProcessor.cpp:153] FrameProcessor stoped!
[09/01 11:24:22.638157][debug][26972][HostProtocol.cpp:425] Set property value, propertyId=39, value={intValue: 1, floatValue: 1.4013e-45}
[09/01 11:24:22.644629][debug][26972][VendorCommand.cpp:481] resumeHeartBeat current pause count:1
[09/01 11:24:22.644652][debug][26972][VendorCommand.cpp:481] resumeHeartBeat current pause count:0
[09/01 11:24:22.644673][debug][26972][HostProtocol.cpp:425] Set property value, propertyId=89, value={intValue: 1, floatValue: 1.4013e-45}
[09/01 11:24:22.645639][debug][26972][VideoSensor.cpp:732] Stream state changed to STREAM_STATE_STOPED. @OB_SENSOR_IR_LEFT
[09/01 11:24:22.645647][info][26972][VideoSensor.cpp:734] Video sensor stopped, @OB_SENSOR_IR_LEFT
[09/01 11:24:22.645653][info][26972][Pipeline.cpp:329] Sensor stream stopped, sensorType=OB_SENSOR_IR_LEFT
[09/01 11:24:22.645658][info][26972][Pipeline.cpp:335] Stop streams done!
[09/01 11:24:22.645667][debug][26972][FrameProcessingBlockManager.cpp:84] FrameProcessingBlockManager stoped!
[09/01 11:24:22.645672][debug][26972][FrameProcessingBlockManager.cpp:20] Processing block list cleared!
[09/01 11:24:22.645676][info][26972][Pipeline.cpp:373] Stop pipeline done!
[09/01 11:24:22.645689][debug][26972][Pipeline.cpp:62] Pipeline deInit start!
[09/01 11:24:22.645694][info][26972][Pipeline.cpp:69] Pipeline destroyed! @0x20EBEE28DA0
[09/01 11:24:22.645729][debug][26972][HostProtocol.cpp:425] Set property value, propertyId=164, value={intValue: 0, floatValue: 0}
[09/01 11:24:22.648771][debug][26972][PropertyAccessor.cpp:17] set property value success! propertyId: 164, value: {intValue: 0, floatValue: 0}
[09/01 11:24:22.648785][debug][26972][HostProtocol.cpp:425] Set property value, propertyId=183, value={intValue: 0, floatValue: 0}
[09/01 11:24:22.654127][debug][26972][PropertyAccessor.cpp:17] set property value success! propertyId: 183, value: {intValue: 0, floatValue: 0}
[09/01 11:24:22.654189][debug][26972][HostProtocol.cpp:425] Set property value, propertyId=158, value={intValue: 0, floatValue: 0}
[09/01 11:24:22.666146][debug][26972][PropertyAccessor.cpp:17] set property value success! propertyId: 158, value: {intValue: 0, floatValue: 0}
[09/01 11:24:22.666183][debug][26972][HostProtocol.cpp:425] Set property value, propertyId=157, value={intValue: 0, floatValue: 0}
[09/01 11:24:22.667427][debug][26972][PropertyAccessor.cpp:17] set property value success! propertyId: 157, value: {intValue: 0, floatValue: 0}
[09/01 11:24:22.667477][debug][26972][HostProtocol.cpp:425] Set property value, propertyId=157, value={intValue: 0, floatValue: 0}
[09/01 11:24:22.670989][debug][26972][PropertyAccessor.cpp:17] set property value success! propertyId: 157, value: {intValue: 0, floatValue: 0}
[09/01 11:24:22.671012][debug][26972][HostProtocol.cpp:425] Set property value, propertyId=3, value={intValue: 0, floatValue: 0}
[09/01 11:24:22.683941][debug][26972][PropertyAccessor.cpp:17] set property value success! propertyId: 3, value: {intValue: 0, floatValue: 0}
[09/01 11:24:22.683995][debug][26972][HostProtocol.cpp:425] Set property value, propertyId=152, value={intValue: 0, floatValue: 0}
[09/01 11:24:22.687060][debug][26972][PropertyAccessor.cpp:17] set property value success! propertyId: 152, value: {intValue: 0, floatValue: 0}
[09/01 11:24:22.687098][debug][26972][HostProtocol.cpp:425] Set property value, propertyId=153, value={intValue: 0, floatValue: 0}
[09/01 11:24:22.689472][debug][26972][PropertyAccessor.cpp:17] set property value success! propertyId: 153, value: {intValue: 0, floatValue: 0}
[09/01 11:24:24.366521][debug][20644][VendorCommand.cpp:186] DeviceStateUpdate, state code=0, dataSize=8, , msg=
[09/01 11:24:25.162778][debug][22276][Pipeline.cpp:267] Frame received on pipeline! type=OB_FRAME_IR_LEFT [**856 logs in 24026ms, last: 11:24:22.612722**]
[09/01 11:24:25.307077][debug][33420][Pipeline.cpp:267] Frame received on pipeline! type=OB_FRAME_IR_RIGHT [**842 logs in 24021ms, last: 11:24:22.426827**]
[09/01 11:24:27.367938][debug][20644][VendorCommand.cpp:186] DeviceStateUpdate, state code=0, dataSize=8, , msg=
[09/01 11:24:29.353555][debug][9448][PropertyAccessor.cpp:71] get cmd version success! propertyId: 1056, version: 0
[09/01 11:24:29.355338][debug][9448][PropertyAccessor.cpp:79] get struct data success! propertyId: 1056
[09/01 11:24:30.372396][debug][20644][VendorCommand.cpp:186] DeviceStateUpdate, state code=0, dataSize=8, , msg=
[09/01 11:24:33.367860][debug][20644][VendorCommand.cpp:186] DeviceStateUpdate, state code=0, dataSize=8, , msg=
