[05/19 14:32:06.597807][info][32288][GVCPClient.cpp:325] bind 10.11.41.12:0
[05/19 14:32:06.598031][info][32288][GVCPClient.cpp:325] bind 192.168.63.225:0
[05/19 14:32:06.598086][info][32288][GVCPClient.cpp:325] bind 127.0.0.1:0
[05/19 14:32:06.601891][info][32288][GVCPClient.cpp:325] bind 10.11.41.12:0
[05/19 14:32:06.601990][info][32288][GVCPClient.cpp:668] New ip segment found,new ip addr:10.11.41.12, mac:4c:cf:7c:dc:60:c7
[05/19 14:32:06.602027][info][32288][GVCPClient.cpp:325] bind 192.168.63.225:0
[05/19 14:32:06.602058][info][32288][GVCPClient.cpp:668] New ip segment found,new ip addr:192.168.63.225, mac:9c:65:eb:0a:ba:31
[05/19 14:32:06.602923][error][25788][GVCPClient.cpp:355] sendto failed with error:10038
[05/19 14:32:06.613195][info][20384][GVCPClient.cpp:421] 0, 3, 248, 1
[05/19 14:32:06.613229][info][20384][GVCPClient.cpp:457] 2,1, F6:F6:FB:25:5A:BA,7, 5,3080, 192.168.63.143, 0.0.0.0, 0.0.0.0, Orbbec, Creality Sermoon P1, , Orbbec, CR563LA000A, 
[05/19 14:32:07.613147][info][32288][GVCPClient.cpp:102] 	- mac:F6:F6:FB:25:5A:BA, ip:192.168.63.143, sn:CR563LA000A, pid:0x0c08
[05/19 14:32:07.613204][info][32288][Ethernet.cpp:69] NetDeviceWatcher detected new device, uid:F6:F6:FB:25:5A:BA
[05/19 14:32:08.624498][debug][32288][NetDeviceEnumerator.cpp:64] Current net source port list:
[05/19 14:32:08.624551][debug][32288][NetDeviceEnumerator.cpp:67]  - mac:F6:F6:FB:25:5A:BA, ip:192.168.63.143, port:8090
[05/19 14:32:08.624570][debug][32288][NetDeviceEnumerator.cpp:295] Net device list changed!
[05/19 14:32:08.624575][debug][32288][NetDeviceEnumerator.cpp:297] 1 net device(s) found:
[05/19 14:32:08.624583][debug][32288][NetDeviceEnumerator.cpp:300]   - Name: Sermoon P1, PID: 0x0C08, SN/ID: CR563LA000A, MAC:F6:F6:FB:25:5A:BA, IP:192.168.63.143
[05/19 14:32:08.624587][debug][32288][NetDeviceEnumerator.cpp:312] Current net device list: (1)
[05/19 14:32:08.624592][debug][32288][NetDeviceEnumerator.cpp:315]   - Name: Sermoon P1, PID: 0x0C08, SN/ID: CR563LA000A, MAC:F6:F6:FB:25:5A:BA, IP:192.168.63.143
[05/19 14:32:08.624597][info][32288][DeviceManager.cpp:188] Device changed! removed: 0, added: 1
[05/19 14:32:08.624604][info][32288][DeviceManager.cpp:15] Current device(s) list: (1)
[05/19 14:32:08.624609][info][32288][DeviceManager.cpp:20] 	- Name: Sermoon P1, PID: 0x0c08, SN/ID: CR563LA000A, Connection: Ethernet, MAC:F6:F6:FB:25:5A:BA, ip:192.168.63.143
[05/19 14:32:08.624626][debug][32288][DeviceManager.cpp:115] DeviceManager  createDevice...
[05/19 14:32:08.624631][debug][32288][UsbDeviceEnumerator.cpp:324] UsbDeviceEnumerator createDevice...
[05/19 14:32:08.624636][debug][32288][NetDeviceEnumerator.cpp:324] NetDeviceEnumerator createDevice...
[05/19 14:32:09.604007][error][29444][GVCPClient.cpp:355] sendto failed with error:10038 [**5 logs in 3001ms, last: 14:32:07.618775**]
[05/19 14:32:10.623652][info][34384][GVCPClient.cpp:421] 0, 3, 248, 1 [**1 logs in 4010ms, last: 14:32:07.623732**]
[05/19 14:32:10.623655][info][29968][GVCPClient.cpp:457] 2,1, F6:F6:FB:25:5A:BA,7, 5,3080, 192.168.63.143, 0.0.0.0, 0.0.0.0, Orbbec, Creality Sermoon P1, , Orbbec, CR563LA000A,  [**1 logs in 4010ms, last: 14:32:07.623909**]
[05/19 14:32:10.624647][warning][32288][ObException.cpp:5] VendorTCPClient: Connect to server failed! addr=192.168.63.143, port=8090, err=socket is not ready & timeout
[05/19 14:32:10.625314][warning][32288][Ethernet.cpp:265] Execute failure! A libobsensor_exception has occurred!
	 - where:265#libobsensor::pal::Ethernet::queryAssociatedNetSourcePort
	 - msg:VendorTCPClient: Connect to server failed! addr=192.168.63.143, port=8090, err=socket is not ready & timeout
	 - type:class libobsensor::invalid_value_exception
[05/19 14:32:10.625351][info][32288][AbstractDevice.cpp:87] SDK Version - Commit: 72a55e01f, Built at: 2026-04-30 15:48:47
[05/19 14:32:10.625357][info][32288][ScannerAbstractDevice.cpp:34] ScannerAbstractDevice default constructor ...
[05/19 14:32:10.625363][info][32288][SermoonP1Device.cpp:35] SermoonP1Device default constructor ...
[05/19 14:32:10.625443][debug][32288][LicenseManager.cpp:244] load license file success!
[05/19 14:32:10.625520][debug][32288][ScannerAbstractDevice.cpp:95] Create command start!
[05/19 14:32:11.624821][info][24860][GVCPClient.cpp:102] 	- mac:F6:F6:FB:25:5A:BA, ip:192.168.63.143, sn:CR563LA000A, pid:0x0c08 [**1 logs in 4011ms, last: 14:32:08.624297**]
[05/19 14:32:12.626033][warning][32288][ObException.cpp:5] VendorTCPClient: Connect to server failed! addr=192.168.63.143, port=8090, err=socket is not ready & timeout
[05/19 14:32:12.626883][info][32288][AbstractDevice.cpp:110] Abstract device destroyed!
[05/19 14:32:12.828414][debug][32288][DeviceManager.cpp:115] DeviceManager  createDevice...
[05/19 14:32:12.828466][debug][32288][UsbDeviceEnumerator.cpp:324] UsbDeviceEnumerator createDevice...
[05/19 14:32:12.828473][debug][32288][NetDeviceEnumerator.cpp:324] NetDeviceEnumerator createDevice...
[05/19 14:32:14.828763][warning][32288][ObException.cpp:5] VendorTCPClient: Connect to server failed! addr=192.168.63.143, port=8090, err=socket is not ready & timeout
[05/19 14:32:14.828842][warning][32288][Ethernet.cpp:265] Execute failure! A libobsensor_exception has occurred!
	 - where:265#libobsensor::pal::Ethernet::queryAssociatedNetSourcePort
	 - msg:VendorTCPClient: Connect to server failed! addr=192.168.63.143, port=8090, err=socket is not ready & timeout
	 - type:class libobsensor::invalid_value_exception
[05/19 14:32:14.828860][info][32288][AbstractDevice.cpp:87] SDK Version - Commit: 72a55e01f, Built at: 2026-04-30 15:48:47
[05/19 14:32:14.828866][info][32288][ScannerAbstractDevice.cpp:34] ScannerAbstractDevice default constructor ...
[05/19 14:32:14.828871][info][32288][SermoonP1Device.cpp:35] SermoonP1Device default constructor ...
[05/19 14:32:14.828922][debug][32288][ScannerAbstractDevice.cpp:95] Create command start!
[05/19 14:32:16.829900][warning][32288][ObException.cpp:5] VendorTCPClient: Connect to server failed! addr=192.168.63.143, port=8090, err=socket is not ready & timeout
[05/19 14:32:16.830105][info][32288][AbstractDevice.cpp:110] Abstract device destroyed!
[05/19 14:32:16.830166][debug][32288][DeviceManager.cpp:115] DeviceManager  createDevice...
[05/19 14:32:16.830173][debug][32288][UsbDeviceEnumerator.cpp:324] UsbDeviceEnumerator createDevice...
[05/19 14:32:16.830178][debug][32288][NetDeviceEnumerator.cpp:324] NetDeviceEnumerator createDevice...
[05/19 14:32:18.106051][warning][32288][ObException.cpp:5] VendorTCPClient: Connect to server failed! addr=192.168.63.143, port=8090, err=socket is not ready & timeout
[05/19 14:32:18.106125][warning][32288][Ethernet.cpp:265] Execute failure! A libobsensor_exception has occurred!
	 - where:265#libobsensor::pal::Ethernet::queryAssociatedNetSourcePort
	 - msg:VendorTCPClient: Connect to server failed! addr=192.168.63.143, port=8090, err=socket is not ready & timeout
	 - type:class libobsensor::invalid_value_exception
[05/19 14:32:18.106148][info][32288][AbstractDevice.cpp:87] SDK Version - Commit: 72a55e01f, Built at: 2026-04-30 15:48:47
[05/19 14:32:18.106155][info][32288][ScannerAbstractDevice.cpp:34] ScannerAbstractDevice default constructor ...
[05/19 14:32:18.106161][info][32288][SermoonP1Device.cpp:35] SermoonP1Device default constructor ...
[05/19 14:32:18.106216][debug][32288][ScannerAbstractDevice.cpp:95] Create command start!
[05/19 14:32:20.106711][warning][32288][ObException.cpp:5] VendorTCPClient: Connect to server failed! addr=192.168.63.143, port=8090, err=socket is not ready & timeout
[05/19 14:32:20.106814][info][32288][AbstractDevice.cpp:110] Abstract device destroyed!
[05/19 14:32:20.307035][debug][32288][DeviceManager.cpp:115] DeviceManager  createDevice...
[05/19 14:32:20.307086][debug][32288][UsbDeviceEnumerator.cpp:324] UsbDeviceEnumerator createDevice...
[05/19 14:32:20.307093][debug][32288][NetDeviceEnumerator.cpp:324] NetDeviceEnumerator createDevice...
[05/19 14:32:22.308287][warning][32288][ObException.cpp:5] VendorTCPClient: Connect to server failed! addr=192.168.63.143, port=8090, err=socket is not ready & timeout
[05/19 14:32:22.308422][warning][32288][Ethernet.cpp:265] Execute failure! A libobsensor_exception has occurred!
	 - where:265#libobsensor::pal::Ethernet::queryAssociatedNetSourcePort
	 - msg:VendorTCPClient: Connect to server failed! addr=192.168.63.143, port=8090, err=socket is not ready & timeout
	 - type:class libobsensor::invalid_value_exception
[05/19 14:32:22.308515][info][32288][AbstractDevice.cpp:87] SDK Version - Commit: 72a55e01f, Built at: 2026-04-30 15:48:47
[05/19 14:32:22.308523][info][32288][ScannerAbstractDevice.cpp:34] ScannerAbstractDevice default constructor ...
[05/19 14:32:22.308528][info][32288][SermoonP1Device.cpp:35] SermoonP1Device default constructor ...
[05/19 14:32:22.308581][debug][32288][ScannerAbstractDevice.cpp:95] Create command start!
[05/19 14:32:24.308287][warning][32288][ObException.cpp:5] VendorTCPClient: Connect to server failed! addr=192.168.63.143, port=8090, err=socket is not ready & timeout
[05/19 14:32:24.308381][info][32288][AbstractDevice.cpp:110] Abstract device destroyed!
[05/19 14:32:25.312620][error][33476][GVCPClient.cpp:355] sendto failed with error:10038
[05/19 14:32:26.314687][info][32288][Ethernet.cpp:60] NetDeviceWatcher detected device may be removed, uid:F6:F6:FB:25:5A:BA
[05/19 14:32:26.314763][info][32288][NetDeviceEnumerator.cpp:232] Verifying device removal for UID: F6:F6:FB:25:5A:BA
[05/19 14:32:26.314770][debug][32288][NetDeviceEnumerator.cpp:219] Device F6:F6:FB:25:5A:BA not found in created devices list, will verify via query
[05/19 14:32:26.314787][info][32288][NetDeviceEnumerator.cpp:270] Device F6:F6:FB:25:5A:BA confirmed disconnected and removed from list
[05/19 14:32:26.314792][debug][32288][NetDeviceEnumerator.cpp:295] Net device list changed!
[05/19 14:32:26.314798][debug][32288][NetDeviceEnumerator.cpp:305] 1 net device(s) removed:
[05/19 14:32:26.314806][debug][32288][NetDeviceEnumerator.cpp:308]   - Name: Sermoon P1, PID: 0x0C08, SN/ID: CR563LA000A, MAC:F6:F6:FB:25:5A:BA, IP:192.168.63.143
[05/19 14:32:26.314811][debug][32288][NetDeviceEnumerator.cpp:312] Current net device list: (0)
[05/19 14:32:26.314818][info][32288][DeviceManager.cpp:188] Device changed! removed: 1, added: 0
[05/19 14:32:26.314824][info][32288][DeviceManager.cpp:15] Removed device(s) list: (1)
[05/19 14:32:26.314830][info][32288][DeviceManager.cpp:20] 	- Name: Sermoon P1, PID: 0x0c08, SN/ID: CR563LA000A, Connection: Ethernet, MAC:F6:F6:FB:25:5A:BA, ip:192.168.63.143
[05/19 14:32:26.314837][info][32288][DeviceManager.cpp:15] Current device(s) list: (0)
[05/19 14:32:28.313404][error][24176][GVCPClient.cpp:355] sendto failed with error:10038 [**5 logs in 3000ms, last: 14:32:27.321581**]
[05/19 14:32:32.903409][debug][30544][MfPal.cpp:473] Device arrival event occurred! symbolicLink=\\?\USB#VID_2BC5&PID_0C03#CR0915D002Y#{A5DCBF10-6530-11D2-901F-00C04FB951ED}
[05/19 14:32:32.954456][debug][30544][MfPal.cpp:473] Device arrival event occurred! symbolicLink=\\?\USB#VID_2BC5&PID_0C03&MI_00#7&11C66492&0&0000#{65E8773D-8F56-11D0-A3B9-00A0C9223196}\GLOBAL
[05/19 14:32:32.969908][debug][30544][MfPal.cpp:473] Device arrival event occurred! symbolicLink=\\?\USB#VID_2BC5&PID_0C03&MI_02#7&11C66492&0&0002#{65E8773D-8F56-11D0-A3B9-00A0C9223196}\GLOBAL
[05/19 14:32:32.984181][debug][30544][MfPal.cpp:473] Device arrival event occurred! symbolicLink=\\?\USB#VID_2BC5&PID_0C03&MI_04#7&11C66492&0&0004#{65E8773D-8F56-11D0-A3B9-00A0C9223196}\GLOBAL
[05/19 14:32:32.991573][debug][30544][MfPal.cpp:473] Device arrival event occurred! symbolicLink=\\?\HID#VID_2BC5&PID_0C03&MI_06#8&B50E050&0&0000#{4D1E55B2-F16F-11CF-88CB-001111000030}
[05/19 14:32:33.975042][debug][33828][EnumeratorLibusb.cpp:330] queryDevicesInfo done!
[05/19 14:32:33.975090][debug][33828][UsbDeviceEnumerator.cpp:163] Current usb device port list:
[05/19 14:32:33.975097][debug][33828][UsbDeviceEnumerator.cpp:166]  - \\?\USB#VID_2BC5&PID_0C03&MI_00#7&11C66492&0&0000#{E5323777-F976-4F5B-9B55-B94699C46E44}\GLOBAL | Creality Raptor Pro Depth Camera
[05/19 14:32:33.975102][debug][33828][UsbDeviceEnumerator.cpp:166]  - \\?\USB#VID_2BC5&PID_0C03&MI_02#7&11C66492&0&0002#{E5323777-F976-4F5B-9B55-B94699C46E44}\GLOBAL | Creality Raptor Pro IR Camera
[05/19 14:32:33.975109][debug][33828][UsbDeviceEnumerator.cpp:166]  - \\?\USB#VID_2BC5&PID_0C03&MI_04#7&11C66492&0&0004#{E5323777-F976-4F5B-9B55-B94699C46E44}\GLOBAL | Creality Raptor Pro RGB Camera
[05/19 14:32:33.975114][debug][33828][UsbDeviceEnumerator.cpp:166]  - \\?\HID#VID_2BC5&PID_0C03&MI_06#8&B50E050&0&0000#{4D1E55B2-F16F-11CF-88CB-001111000030} | Creality Raptor Pro IMU
[05/19 14:32:33.975160][debug][33828][UsbDeviceEnumerator.cpp:275] device list changed: added=1, current=1
[05/19 14:32:33.975165][debug][33828][UsbDeviceEnumerator.cpp:277] Current device list: 
[05/19 14:32:33.975171][debug][33828][UsbDeviceEnumerator.cpp:279]   - Name: Raptor Pro, PID: 0x0C03, SN/ID: CR0915D002Y
[05/19 14:32:33.975503][info][6852][DeviceManager.cpp:188] Device changed! removed: 0, added: 1
[05/19 14:32:33.975530][info][6852][DeviceManager.cpp:15] Current device(s) list: (1)
[05/19 14:32:33.975537][info][6852][DeviceManager.cpp:24] 	- Name: Raptor Pro, PID: 0x0c03, SN/ID: CR0915D002Y, Connection: USB3.0
[05/19 14:32:33.975550][debug][6852][DeviceManager.cpp:115] DeviceManager  createDevice...
[05/19 14:32:33.975558][debug][6852][UsbDeviceEnumerator.cpp:324] UsbDeviceEnumerator createDevice...
[05/19 14:32:33.975570][info][6852][AbstractDevice.cpp:87] SDK Version - Commit: 72a55e01f, Built at: 2026-04-30 15:48:47
[05/19 14:32:33.975577][info][6852][ScannerAbstractDevice.cpp:34] ScannerAbstractDevice default constructor ...
[05/19 14:32:33.975582][info][6852][PioneerDevice.cpp:36] PioneerDevice default constructor ...
[05/19 14:32:33.975641][debug][6852][ScannerAbstractDevice.cpp:95] Create command start!
[05/19 14:32:33.978116][debug][6852][VendorCommand.cpp:198] VendorCommand constructor 23b9cf873a0
[05/19 14:32:33.995670][debug][6852][PropertyAccessor.cpp:50] get firmware data success! propertyId: 1000, dataLen: 164
[05/19 14:32:33.996134][debug][6852][HidDevicePort.cpp:13] obHid Device open info_.infIndex=6
[05/19 14:32:33.996169][debug][6852][ScannerAbstractDevice.cpp:225] Create command done!
[05/19 14:32:33.996623][debug][6852][PropertyAccessor.cpp:79] get struct data success! propertyId: 1043
[05/19 14:32:33.996638][debug][6852][ScannerAbstractDevice.cpp:396] init sensor map start!
[05/19 14:32:33.996648][debug][6852][ScannerAbstractDevice.cpp:447] init sensor map done!
[05/19 14:32:33.996654][debug][6852][PioneerDevice.cpp:582] Init depth process param start!
[05/19 14:32:33.998043][debug][6852][PropertyAccessor.cpp:93] get struct data list success! propertyId: 4027, async: false
[05/19 14:32:33.999709][debug][6852][PropertyAccessor.cpp:93] get struct data list success! propertyId: 4026, async: false
[05/19 14:32:33.999727][debug][6852][PioneerDevice.cpp:662] Get depth calibration params success! num=1
[05/19 14:32:33.999747][debug][6852][PioneerDevice.cpp:662]  - {baseline: 131.505, depthMode: 1, focalPix: 1679.49, unit: 1, z0: 0, dispOffset: 658, invalidDisp: 0}
[05/19 14:32:34.001012][debug][6852][PropertyAccessor.cpp:93] get struct data list success! propertyId: 4024, async: false
[05/19 14:32:34.001024][debug][6852][PioneerDevice.cpp:709] d2cProfileList_(cmd:OB_RAW_DATA_D2C_ALIGN_SUPPORT_PROFILE_LIST:4024) size: 4
[05/19 14:32:34.001449][debug][6852][PropertyAccessor.cpp:79] get struct data success! propertyId: 4037
[05/19 14:32:34.001923][debug][6852][HostProtocol.cpp:461] get property value success! propertyId=85, cur={intValue: 0, floatValue: 0}, max={intValue: 0, floatValue: 0}, min={intValue: 0, floatValue: 0},def={intValue: 0, floatValue: 0},step={intValue: 0, floatValue: 0}
[05/19 14:32:34.001937][debug][6852][PropertyAccessor.cpp:28] get property value success! propertyId: 85, value: {intValue: 0, floatValue: 0}
[05/19 14:32:34.003622][debug][6852][PropertyAccessor.cpp:64] get raw data! propertyId: 4036, async: false
[05/19 14:32:34.003637][debug][6852][PioneerDevice.cpp:800] hwD2DEnable_: false, depthValueScale_: 0.2
[05/19 14:32:34.003642][debug][6852][PioneerDevice.cpp:801] Init depth process param done!
[05/19 14:32:34.004101][debug][6852][PropertyAccessor.cpp:50] get firmware data success! propertyId: 1000, dataLen: 164
[05/19 14:32:34.004185][debug][6852][ScannerAbstractDevice.cpp:282] Create command done!
[05/19 14:32:34.004812][debug][6852][HostProtocol.cpp:461] get property value success! propertyId=89, cur={intValue: 0, floatValue: 0}, max={intValue: 0, floatValue: 0}, min={intValue: 0, floatValue: 0},def={intValue: 0, floatValue: 0},step={intValue: 0, floatValue: 0}
[05/19 14:32:34.004825][debug][6852][VendorCommand.cpp:457] disableHeartBeat heartBeatHelper_: 0000000000000000
[05/19 14:32:34.004832][debug][6852][PropertyAccessor.cpp:28] get property value success! propertyId: 89, value: {intValue: 0, floatValue: 0}
[05/19 14:32:34.004837][debug][6852][ScannerAbstractDevice.cpp:292] heartbeat: 0
[05/19 14:32:34.004846][debug][6852][HostProtocol.cpp:425] Set property value, propertyId=89, value={intValue: 0, floatValue: 0}
[05/19 14:32:34.005340][debug][6852][VendorCommand.cpp:457] disableHeartBeat heartBeatHelper_: 0000000000000000
[05/19 14:32:34.005363][debug][6852][PropertyAccessor.cpp:17] set property value success! propertyId: 89, value: {intValue: 0, floatValue: 0}
[05/19 14:32:34.005374][info][6852][PioneerDevice.cpp:54] Pioneer device created! PID:3075, SN:CR0915D002Y, depthMode: {name: Laser Lines Scan, checksum(hex): 551cc6b785df988e243c449d3d38086c, optionCode: 46(0x2e000000)}
[05/19 14:32:34.005381][debug][6852][UsbDeviceEnumerator.cpp:390] Device created successfully! Name: Raptor Pro, PID: 0x0c03, SN/ID: CR0915D002Y
[05/19 14:32:34.005387][info][6852][DeviceManager.cpp:157] Device created successfully! Name: Raptor Pro, PID: 0x0c03, SN/ID: CR0915D002Y
[05/19 14:32:34.206352][debug][6852][HostProtocol.cpp:461] get property value success! propertyId=181, cur={intValue: 1778552076, floatValue: 3.94566e+25}, max={intValue: -1, floatValue: -nan}, min={intValue: 0, floatValue: 0},def={intValue: 0, floatValue: 0},step={intValue: 1, floatValue: 1.4013e-45}
[05/19 14:32:34.206405][debug][6852][PropertyAccessor.cpp:28] get property value success! propertyId: 181, value: {intValue: 1778552076, floatValue: 3.94566e+25}
[05/19 14:32:34.206429][info][6852][PioneerDevice.cpp:59] Pioneer device destroyed! PID:3075, SN:CR0915D002Y, depthMode: {name: Laser Lines Scan, checksum(hex): 551cc6b785df988e243c449d3d38086c, optionCode: 46(0x2e000000)}
[05/19 14:32:34.206441][info][6852][AbstractDevice.cpp:110] Abstract device destroyed!
[05/19 14:32:34.206447][debug][6852][HidDevicePort.cpp:71] HidDevicePort::~HidDevicePort()
[05/19 14:32:34.206459][debug][6852][HidDevicePort.cpp:88] obHidDevice destroy
[05/19 14:32:34.206535][debug][6852][VendorCommand.cpp:206] destructor 23b9cf873a0
[05/19 14:32:34.206543][debug][6852][VendorCommand.cpp:457] disableHeartBeat heartBeatHelper_: 0000000000000000
[05/19 14:32:34.206550][debug][6852][HostProtocol.cpp:140] ~HostProtocol()
[05/19 14:32:34.206561][debug][32328][HostProtocol.cpp:168] emitTranDataFutureSignalThread_ finish
[05/19 14:32:34.207942][debug][6852][DeviceManager.cpp:115] DeviceManager  createDevice...
[05/19 14:32:34.207960][debug][6852][UsbDeviceEnumerator.cpp:324] UsbDeviceEnumerator createDevice...
[05/19 14:32:34.207972][info][6852][AbstractDevice.cpp:87] SDK Version - Commit: 72a55e01f, Built at: 2026-04-30 15:48:47
[05/19 14:32:34.207977][info][6852][ScannerAbstractDevice.cpp:34] ScannerAbstractDevice default constructor ...
[05/19 14:32:34.207982][info][6852][PioneerDevice.cpp:36] PioneerDevice default constructor ...
[05/19 14:32:34.208027][debug][6852][ScannerAbstractDevice.cpp:95] Create command start!
[05/19 14:32:34.211185][debug][6852][VendorCommand.cpp:198] VendorCommand constructor 23dfe7a0840
[05/19 14:32:34.224326][debug][6852][PropertyAccessor.cpp:50] get firmware data success! propertyId: 1000, dataLen: 164
[05/19 14:32:34.224706][debug][6852][HidDevicePort.cpp:13] obHid Device open info_.infIndex=6
[05/19 14:32:34.224736][debug][6852][ScannerAbstractDevice.cpp:225] Create command done!
[05/19 14:32:34.225175][debug][6852][PropertyAccessor.cpp:79] get struct data success! propertyId: 1043
[05/19 14:32:34.225191][debug][6852][ScannerAbstractDevice.cpp:396] init sensor map start!
[05/19 14:32:34.225200][debug][6852][ScannerAbstractDevice.cpp:447] init sensor map done!
[05/19 14:32:34.225205][debug][6852][PioneerDevice.cpp:582] Init depth process param start!
[05/19 14:32:34.226609][debug][6852][PropertyAccessor.cpp:93] get struct data list success! propertyId: 4027, async: false
[05/19 14:32:34.227731][debug][6852][PropertyAccessor.cpp:93] get struct data list success! propertyId: 4026, async: false
[05/19 14:32:34.227741][debug][6852][PioneerDevice.cpp:662] Get depth calibration params success! num=1
[05/19 14:32:34.227757][debug][6852][PioneerDevice.cpp:662]  - {baseline: 131.505, depthMode: 1, focalPix: 1679.49, unit: 1, z0: 0, dispOffset: 658, invalidDisp: 0}
[05/19 14:32:34.228960][debug][6852][PropertyAccessor.cpp:93] get struct data list success! propertyId: 4024, async: false
[05/19 14:32:34.228970][debug][6852][PioneerDevice.cpp:709] d2cProfileList_(cmd:OB_RAW_DATA_D2C_ALIGN_SUPPORT_PROFILE_LIST:4024) size: 4
[05/19 14:32:34.229365][debug][6852][PropertyAccessor.cpp:79] get struct data success! propertyId: 4037
[05/19 14:32:34.229782][debug][6852][HostProtocol.cpp:461] get property value success! propertyId=85, cur={intValue: 0, floatValue: 0}, max={intValue: 0, floatValue: 0}, min={intValue: 0, floatValue: 0},def={intValue: 0, floatValue: 0},step={intValue: 0, floatValue: 0}
[05/19 14:32:34.229797][debug][6852][PropertyAccessor.cpp:28] get property value success! propertyId: 85, value: {intValue: 0, floatValue: 0}
[05/19 14:32:34.231748][debug][6852][PropertyAccessor.cpp:64] get raw data! propertyId: 4036, async: false
[05/19 14:32:34.231786][debug][6852][PioneerDevice.cpp:800] hwD2DEnable_: false, depthValueScale_: 0.2
[05/19 14:32:34.231791][debug][6852][PioneerDevice.cpp:801] Init depth process param done!
[05/19 14:32:34.232276][debug][6852][PropertyAccessor.cpp:50] get firmware data success! propertyId: 1000, dataLen: 164
[05/19 14:32:34.232371][debug][6852][ScannerAbstractDevice.cpp:282] Create command done!
[05/19 14:32:34.232802][debug][6852][HostProtocol.cpp:461] get property value success! propertyId=89, cur={intValue: 0, floatValue: 0}, max={intValue: 0, floatValue: 0}, min={intValue: 0, floatValue: 0},def={intValue: 0, floatValue: 0},step={intValue: 0, floatValue: 0}
[05/19 14:32:34.232814][debug][6852][VendorCommand.cpp:457] disableHeartBeat heartBeatHelper_: 0000000000000000
[05/19 14:32:34.232820][debug][6852][PropertyAccessor.cpp:28] get property value success! propertyId: 89, value: {intValue: 0, floatValue: 0}
[05/19 14:32:34.232825][debug][6852][ScannerAbstractDevice.cpp:292] heartbeat: 0
[05/19 14:32:34.232832][debug][6852][HostProtocol.cpp:425] Set property value, propertyId=89, value={intValue: 0, floatValue: 0}
[05/19 14:32:34.233179][debug][6852][VendorCommand.cpp:457] disableHeartBeat heartBeatHelper_: 0000000000000000
[05/19 14:32:34.233191][debug][6852][PropertyAccessor.cpp:17] set property value success! propertyId: 89, value: {intValue: 0, floatValue: 0}
[05/19 14:32:34.233200][info][6852][PioneerDevice.cpp:54] Pioneer device created! PID:3075, SN:CR0915D002Y, depthMode: {name: Laser Lines Scan, checksum(hex): 551cc6b785df988e243c449d3d38086c, optionCode: 46(0x2e000000)}
[05/19 14:32:34.233207][debug][6852][UsbDeviceEnumerator.cpp:390] Device created successfully! Name: Raptor Pro, PID: 0x0c03, SN/ID: CR0915D002Y
[05/19 14:32:34.233213][info][6852][DeviceManager.cpp:157] Device created successfully! Name: Raptor Pro, PID: 0x0c03, SN/ID: CR0915D002Y
[05/19 14:32:34.233244][debug][6852][HidDevicePort.cpp:116] HidDevicePort::startCapture start
[05/19 14:32:34.233250][debug][6852][HidDevicePort.cpp:124] HidDevicePort::submit Request start
[05/19 14:32:34.233268][debug][6852][HidDevicePort.cpp:132] HidDevicePort::startCapture done
[05/19 14:32:34.233697][debug][6852][HostProtocol.cpp:461] get property value success! propertyId=181, cur={intValue: 1778552076, floatValue: 3.94566e+25}, max={intValue: -1, floatValue: -nan}, min={intValue: 0, floatValue: 0},def={intValue: 0, floatValue: 0},step={intValue: 1, floatValue: 1.4013e-45}
[05/19 14:32:34.233710][debug][6852][PropertyAccessor.cpp:28] get property value success! propertyId: 181, value: {intValue: 1778552076, floatValue: 3.94566e+25}
[05/19 14:32:34.235922][debug][6852][HostProtocol.cpp:461] get property value success! propertyId=186, cur={intValue: 1, floatValue: 1.4013e-45}, max={intValue: 1, floatValue: 1.4013e-45}, min={intValue: 0, floatValue: 0},def={intValue: 0, floatValue: 0},step={intValue: 1, floatValue: 1.4013e-45}
[05/19 14:32:34.235936][debug][6852][PropertyAccessor.cpp:28] get property value success! propertyId: 186, value: {intValue: 1, floatValue: 1.4013e-45}
[05/19 14:32:34.235969][debug][6852][HostProtocol.cpp:29] onStart readFlash
[05/19 14:32:34.242411][debug][6852][HostProtocol.cpp:53] onFinish readFlash
[05/19 14:32:34.242432][debug][6852][PropertyAccessor.cpp:123] readFlash success! propertyId: 4057, offset: 8192, dataLen: 8192, async: false
[05/19 14:32:34.242472][debug][6852][HostProtocol.cpp:29] onStart readFlash
[05/19 14:32:34.255985][debug][6852][HostProtocol.cpp:53] onFinish readFlash
[05/19 14:32:34.256071][debug][6852][HostProtocol.cpp:29] onStart readFlash
[05/19 14:32:34.262483][debug][6852][HostProtocol.cpp:53] onFinish readFlash
[05/19 14:32:34.262517][debug][6852][HostProtocol.cpp:29] onStart readFlash
[05/19 14:32:34.272258][debug][6852][HostProtocol.cpp:53] onFinish readFlash
[05/19 14:32:34.272283][debug][6852][HostProtocol.cpp:29] onStart readFlash
[05/19 14:32:34.281619][debug][6852][HostProtocol.cpp:53] onFinish readFlash
[05/19 14:32:34.281686][debug][6852][HostProtocol.cpp:29] onStart readFlash
[05/19 14:32:34.288218][debug][6852][HostProtocol.cpp:53] onFinish readFlash
[05/19 14:32:34.288243][debug][6852][PropertyAccessor.cpp:123] readFlash success! propertyId: 4058, offset: 8192, dataLen: 8192, async: false
[05/19 14:32:34.288272][debug][6852][HostProtocol.cpp:29] onStart readFlash
[05/19 14:32:34.295058][debug][6852][HostProtocol.cpp:53] onFinish readFlash
[05/19 14:32:34.295557][debug][31280][PropertyAccessor.cpp:71] get cmd version success! propertyId: 1056, version: 0
[05/19 14:32:34.296017][debug][31280][PropertyAccessor.cpp:79] get struct data success! propertyId: 1056
[05/19 14:32:35.326706][error][24700][GVCPClient.cpp:355] sendto failed with error:10038 [**9 logs in 7013ms, last: 14:32:33.341488**]
[05/19 14:32:37.902745][debug][31372][FrameProcessor.cpp:76] FrameProcessor init with 1 blocks! @2455069688848
[05/19 14:32:37.902782][debug][31372][FrameProcessingBlock.cpp:26] Block created with frame queue size: 10
[05/19 14:32:37.902792][debug][31372][FrameProcessor.cpp:84]  - block: IMUFrameTransformer, status: enable
[05/19 14:32:37.902805][debug][31372][AccelSensor.cpp:10] AccelSensor initting!
[05/19 14:32:37.902809][info][31372][AccelSensor.cpp:22] AccelSensor created
[05/19 14:32:37.902814][info][31372][ScannerAbstractDevice.cpp:481] Accel sensor has been created!
[05/19 14:32:37.902831][debug][31372][HostProtocol.cpp:425] Set property value, propertyId=2020, value={intValue: 0, floatValue: 0}
[05/19 14:32:37.904571][debug][31372][HidDevicePort.cpp:93] HidDevicePort::removeWatcher
[05/19 14:32:37.904598][debug][31372][HidDevicePort.cpp:111] HidDevicePort::stopCapture done
[05/19 14:32:37.904610][debug][31372][FrameProcessor.cpp:76] FrameProcessor init with 1 blocks! @2455069687408
[05/19 14:32:37.904623][debug][31372][FrameProcessingBlock.cpp:26] Block created with frame queue size: 10
[05/19 14:32:37.904630][debug][31372][FrameProcessor.cpp:84]  - block: IMUFrameTransformer, status: enable
[05/19 14:32:37.904637][debug][31372][GyroSensor.cpp:11] GyroSensor init ...
[05/19 14:32:37.904642][info][31372][GyroSensor.cpp:23] GyroSensor created!
[05/19 14:32:37.904647][info][31372][ScannerAbstractDevice.cpp:517] Gyro sensor has been created!
[05/19 14:32:37.904664][debug][31372][HostProtocol.cpp:425] Set property value, propertyId=2019, value={intValue: 0, floatValue: 0}
[05/19 14:32:37.907814][debug][31372][HidDevicePort.cpp:93] HidDevicePort::removeWatcher
[05/19 14:32:37.907846][debug][31372][HidDevicePort.cpp:111] HidDevicePort::stopCapture done
[05/19 14:32:37.909625][debug][31372][ScannerAbstractDevice.cpp:1006] getDepthAlgModeChecksumList fixedPropertyId: 4034
[05/19 14:32:37.910886][debug][31372][PropertyAccessor.cpp:93] get struct data list success! propertyId: 4034, async: false
[05/19 14:32:37.911280][debug][31280][PropertyAccessor.cpp:71] get cmd version success! propertyId: 1056, version: 0
[05/19 14:32:37.911698][debug][31280][PropertyAccessor.cpp:79] get struct data success! propertyId: 1056
[05/19 14:32:37.914464][debug][31372][FrameProcessor.cpp:76] FrameProcessor init with 4 blocks! @2455069689136
[05/19 14:32:37.914491][debug][31372][FrameProcessingBlock.cpp:26] Block created with frame queue size: 10
[05/19 14:32:37.914497][debug][31372][FrameProcessor.cpp:84]  - block: PixelValueOffset, status: disable
[05/19 14:32:37.914504][debug][31372][FrameProcessingBlock.cpp:26] Block created with frame queue size: 10
[05/19 14:32:37.914509][debug][31372][FrameProcessor.cpp:84]  - block: FrameMirror, status: enable
[05/19 14:32:37.914515][debug][31372][FrameProcessingBlock.cpp:26] Block created with frame queue size: 10
[05/19 14:32:37.914519][debug][31372][FrameProcessor.cpp:84]  - block: FrameFlip, status: disable
[05/19 14:32:37.914525][debug][31372][FrameProcessingBlock.cpp:26] Block created with frame queue size: 10
[05/19 14:32:37.914529][debug][31372][FrameProcessor.cpp:84]  - block: FrameRotate, status: disable
[05/19 14:32:37.914538][debug][31372][VideoSensor.cpp:224] VideoSensor construct!
[05/19 14:32:37.914549][debug][31372][VideoSensor.cpp:249] sensorType:OB_SENSOR_IR,startStreamFailedRetry:0,maxStartStreamDelayMs:5000,streamInterruptedRestart:0,maxFrameIntervalMs:2000
[05/19 14:32:37.914554][debug][31372][VideoSensor.cpp:259] VideoSensor created, @OB_SENSOR_IR
[05/19 14:32:37.914563][info][31372][PioneerDevice.cpp:576] OB_SENSOR_IR sensor has been created!
[05/19 14:32:37.914572][debug][31372][FrameProcessor.cpp:76] FrameProcessor init with 4 blocks! @2455069686256
[05/19 14:32:37.914578][debug][31372][FrameProcessingBlock.cpp:26] Block created with frame queue size: 10
[05/19 14:32:37.914582][debug][31372][FrameProcessor.cpp:84]  - block: PixelValueOffset, status: disable
[05/19 14:32:37.914589][debug][31372][FrameProcessingBlock.cpp:26] Block created with frame queue size: 10
[05/19 14:32:37.914593][debug][31372][FrameProcessor.cpp:84]  - block: FrameMirror, status: enable
[05/19 14:32:37.914598][debug][31372][FrameProcessingBlock.cpp:26] Block created with frame queue size: 10
[05/19 14:32:37.914602][debug][31372][FrameProcessor.cpp:84]  - block: FrameFlip, status: disable
[05/19 14:32:37.914607][debug][31372][FrameProcessingBlock.cpp:26] Block created with frame queue size: 10
[05/19 14:32:37.914612][debug][31372][FrameProcessor.cpp:84]  - block: FrameRotate, status: disable
[05/19 14:32:37.914616][debug][31372][VideoSensor.cpp:224] VideoSensor construct!
[05/19 14:32:37.914621][debug][31372][VideoSensor.cpp:249] sensorType:OB_SENSOR_IR_LEFT,startStreamFailedRetry:0,maxStartStreamDelayMs:5000,streamInterruptedRestart:0,maxFrameIntervalMs:2000
[05/19 14:32:37.914625][debug][31372][VideoSensor.cpp:259] VideoSensor created, @OB_SENSOR_IR_LEFT
[05/19 14:32:37.914630][info][31372][PioneerDevice.cpp:576] OB_SENSOR_IR_LEFT sensor has been created!
[05/19 14:32:37.914636][debug][31372][FrameProcessor.cpp:76] FrameProcessor init with 4 blocks! @2465149789776
[05/19 14:32:37.914641][debug][31372][FrameProcessingBlock.cpp:26] Block created with frame queue size: 10
[05/19 14:32:37.914645][debug][31372][FrameProcessor.cpp:84]  - block: PixelValueOffset, status: disable
[05/19 14:32:37.914651][debug][31372][FrameProcessingBlock.cpp:26] Block created with frame queue size: 10
[05/19 14:32:37.914655][debug][31372][FrameProcessor.cpp:84]  - block: FrameMirror, status: enable
[05/19 14:32:37.914700][debug][31372][FrameProcessingBlock.cpp:26] Block created with frame queue size: 10
[05/19 14:32:37.914706][debug][31372][FrameProcessor.cpp:84]  - block: FrameFlip, status: disable
[05/19 14:32:37.914711][debug][31372][FrameProcessingBlock.cpp:26] Block created with frame queue size: 10
[05/19 14:32:37.914715][debug][31372][FrameProcessor.cpp:84]  - block: FrameRotate, status: disable
[05/19 14:32:37.914723][debug][31372][VideoSensor.cpp:224] VideoSensor construct!
[05/19 14:32:37.914728][debug][31372][VideoSensor.cpp:249] sensorType:OB_SENSOR_IR_RIGHT,startStreamFailedRetry:0,maxStartStreamDelayMs:5000,streamInterruptedRestart:0,maxFrameIntervalMs:2000
[05/19 14:32:37.914732][debug][31372][VideoSensor.cpp:259] VideoSensor created, @OB_SENSOR_IR_RIGHT
[05/19 14:32:37.914737][info][31372][PioneerDevice.cpp:576] OB_SENSOR_IR_RIGHT sensor has been created!
[05/19 14:32:37.914750][info][31372][ScannerAbstractDevice.cpp:806] switchDepthWorkMode done! same mode. currentDepthMode: {name: Laser Lines Scan, checksum(hex): 551cc6b785df988e243c449d3d38086c, optionCode: 46(0x2e000000)}, targetDepthMode:{name: Laser Lines Scan, checksum(hex): 551cc6b785df988e243c449d3d38086c, optionCode: 46(0x2e000000)}
[05/19 14:32:37.916995][debug][31280][FrameProcessor.cpp:76] FrameProcessor init with 3 blocks! @2455662729536
[05/19 14:32:37.917043][debug][31280][FrameProcessingBlock.cpp:26] Block created with frame queue size: 10
[05/19 14:32:37.917063][debug][31280][FrameProcessor.cpp:84]  - block: FormatConverter, status: disable
[05/19 14:32:37.917080][debug][31280][FrameProcessingBlock.cpp:26] Block created with frame queue size: 10
[05/19 14:32:37.917085][debug][31280][FrameProcessor.cpp:84]  - block: FrameFlip, status: disable
[05/19 14:32:37.917092][debug][31280][FrameProcessingBlock.cpp:26] Block created with frame queue size: 10
[05/19 14:32:37.917096][debug][31280][FrameProcessor.cpp:84]  - block: FrameRotate, status: disable
[05/19 14:32:37.917107][debug][31280][VideoSensor.cpp:224] VideoSensor construct!
[05/19 14:32:37.917116][debug][31280][VideoSensor.cpp:249] sensorType:OB_SENSOR_COLOR,startStreamFailedRetry:0,maxStartStreamDelayMs:5000,streamInterruptedRestart:0,maxFrameIntervalMs:2000
[05/19 14:32:37.917121][debug][31280][VideoSensor.cpp:259] VideoSensor created, @OB_SENSOR_COLOR
[05/19 14:32:37.917126][info][31280][PioneerDevice.cpp:423] Color sensor has been created!
[05/19 14:32:37.917957][debug][31372][PropertyAccessor.cpp:86] set struct data success! propertyId: 1043
[05/19 14:32:37.917986][debug][31372][HostProtocol.cpp:425] Set property value, propertyId=85, value={intValue: 0, floatValue: 0}
[05/19 14:32:37.918336][debug][31372][PropertyAccessor.cpp:17] set property value success! propertyId: 85, value: {intValue: 0, floatValue: 0}
[05/19 14:32:37.918349][debug][31372][FrameProcessor.cpp:76] FrameProcessor init with 10 blocks! @2456465984448
[05/19 14:32:37.918362][debug][31372][FrameProcessingBlock.cpp:26] Block created with frame queue size: 10
[05/19 14:32:37.918367][debug][31372][FrameProcessor.cpp:84]  - block: FrameUnpacker, status: enable
[05/19 14:32:37.918375][debug][31372][FrameProcessingBlock.cpp:26] Block created with frame queue size: 10
[05/19 14:32:37.918380][debug][31372][FrameProcessor.cpp:84]  - block: DepthMaskRectifyFilter, status: disable
[05/19 14:32:37.918386][debug][31372][FrameProcessingBlock.cpp:26] Block created with frame queue size: 10
[05/19 14:32:37.918391][debug][31372][FrameProcessor.cpp:84]  - block: PixelValueOffset, status: disable
[05/19 14:32:37.918397][debug][31372][FrameProcessingBlock.cpp:26] Block created with frame queue size: 10
[05/19 14:32:37.918402][debug][31372][FrameProcessor.cpp:84]  - block: Disparity2DepthConverter, status: enable
[05/19 14:32:37.918409][debug][31372][FrameProcessingBlock.cpp:26] Block created with frame queue size: 10
[05/19 14:32:37.918414][debug][31372][FrameProcessor.cpp:84]  - block: PixelValueCutOff, status: disable
[05/19 14:32:37.918420][debug][31372][FrameProcessingBlock.cpp:26] Block created with frame queue size: 10
[05/19 14:32:37.918436][debug][31372][FrameProcessor.cpp:84]  - block: FrameSoftFilter, status: disable
[05/19 14:32:37.918443][debug][31372][FrameProcessingBlock.cpp:26] Block created with frame queue size: 10
[05/19 14:32:37.918448][debug][31372][FrameProcessor.cpp:84]  - block: FrameFlip, status: disable
[05/19 14:32:37.918453][debug][31372][FrameProcessingBlock.cpp:26] Block created with frame queue size: 10
[05/19 14:32:37.918458][debug][31372][FrameProcessor.cpp:84]  - block: FrameRotate, status: disable
[05/19 14:32:37.918466][debug][31372][FrameProcessingBlock.cpp:26] Block created with frame queue size: 10
[05/19 14:32:37.918471][debug][31372][FrameProcessor.cpp:84]  - block: D2CFilter, status: disable
[05/19 14:32:37.918478][debug][31372][FrameProcessingBlock.cpp:26] Block created with frame queue size: 10
[05/19 14:32:37.918484][debug][31372][FrameProcessor.cpp:84]  - block: PostProcessFilter, status: disable
[05/19 14:32:37.918782][debug][31372][VideoSensor.cpp:224] VideoSensor construct!
[05/19 14:32:37.918790][debug][31372][VideoSensor.cpp:249] sensorType:OB_SENSOR_DEPTH,startStreamFailedRetry:0,maxStartStreamDelayMs:5000,streamInterruptedRestart:0,maxFrameIntervalMs:2000
[05/19 14:32:37.918795][debug][31372][VideoSensor.cpp:259] VideoSensor created, @OB_SENSOR_DEPTH
[05/19 14:32:37.919214][debug][31372][HostProtocol.cpp:461] get property value success! propertyId=14, cur={intValue: 0, floatValue: 0}, max={intValue: 0, floatValue: 0}, min={intValue: 0, floatValue: 0},def={intValue: 0, floatValue: 0},step={intValue: 0, floatValue: 0}
[05/19 14:32:37.919230][debug][31372][PropertyAccessor.cpp:28] get property value success! propertyId: 14, value: {intValue: 0, floatValue: 0}
[05/19 14:32:37.919734][debug][31372][PropertyAccessor.cpp:79] get struct data success! propertyId: 1045
[05/19 14:32:37.919743][info][31372][PioneerDevice.cpp:381] Depth sensor has been created!
[05/19 14:32:37.919755][debug][31372][FrameProcessor.cpp:198] setPropertyValue id=3004, value={intValue: 0, floatValue: 0}
[05/19 14:32:37.919762][debug][31372][PropertyAccessor.cpp:17] set property value success! propertyId: 3004, value: {intValue: 0, floatValue: 0}
[05/19 14:32:37.919783][info][31372][PioneerDevice.cpp:1246] switchDepthWorkMode done! oldDepthMode: {name: , checksum(hex): 000000040000000000000060bcb4fe3d, optionCode: MX6600_CALIBRATION_WORK_MODE}, newDepthMode: {name: Laser Lines Scan, checksum(hex): 551cc6b785df988e243c449d3d38086c, optionCode: 46(0x2e000000)}
[05/19 14:32:37.919801][debug][31372][Pipeline.cpp:27] Pipeline init ...
[05/19 14:32:37.919811][debug][31372][Pipeline.cpp:162] loadFrameQueueSizeConfig() config queue size: 10
[05/19 14:32:37.919826][info][31372][Pipeline.cpp:42] Pipeline created with device: {name: Creality Raptor Pro, sn: CR0915D002Y}, @0x23DF6725CA0
[05/19 14:32:37.934031][debug][31372][PropertyAccessor.cpp:93] get struct data list success! propertyId: 4035, async: false
[05/19 14:32:37.934071][info][31372][ScannerAbstractDevice.cpp:718] effective profile type:OB_SENSOR_IR_RIGHT,width:1920,height:1200,format:OB_FORMAT_Y8,fps:50
[05/19 14:32:37.934078][info][31372][ScannerAbstractDevice.cpp:718] effective profile type:OB_SENSOR_IR_RIGHT,width:1520,height:1200,format:OB_FORMAT_Y8,fps:60
[05/19 14:32:37.934083][info][31372][ScannerAbstractDevice.cpp:718] effective profile type:OB_SENSOR_IR_RIGHT,width:1320,height:1040,format:OB_FORMAT_Y8,fps:60
[05/19 14:32:37.934088][info][31372][ScannerAbstractDevice.cpp:718] effective profile type:OB_SENSOR_IR_LEFT,width:1920,height:1200,format:OB_FORMAT_Y8,fps:50
[05/19 14:32:37.934093][info][31372][ScannerAbstractDevice.cpp:718] effective profile type:OB_SENSOR_IR_LEFT,width:1920,height:1200,format:OB_FORMAT_MJPG,fps:50
[05/19 14:32:37.934098][info][31372][ScannerAbstractDevice.cpp:718] effective profile type:OB_SENSOR_IR_LEFT,width:1520,height:1200,format:OB_FORMAT_Y8,fps:60
[05/19 14:32:37.934102][info][31372][ScannerAbstractDevice.cpp:718] effective profile type:OB_SENSOR_IR_LEFT,width:1520,height:1200,format:OB_FORMAT_MJPG,fps:60
[05/19 14:32:37.934109][info][31372][ScannerAbstractDevice.cpp:718] effective profile type:OB_SENSOR_IR_LEFT,width:1320,height:1040,format:OB_FORMAT_Y8,fps:60
[05/19 14:32:37.934115][info][31372][ScannerAbstractDevice.cpp:718] effective profile type:OB_SENSOR_IR_LEFT,width:1320,height:1040,format:OB_FORMAT_MJPG,fps:60
[05/19 14:32:37.934120][info][31372][ScannerAbstractDevice.cpp:718] effective profile type:OB_SENSOR_COLOR,width:1280,height:800,format:OB_FORMAT_MJPG,fps:30
[05/19 14:32:37.934144][debug][31372][Gemini2ProfileRestrictor.cpp:71] uvcProfileList size: 36, output profile size: 5
[05/19 14:32:37.934153][debug][31372][VideoSensor.cpp:364] Query stream profile! restrict profile list success. size = 36, valid size = 10
[05/19 14:32:37.934164][debug][31372][VideoSensor.cpp:381] Query stream profile! size= 20, SensorType=OB_SENSOR_COLOR
[05/19 14:32:37.934173][debug][31372][VideoSensor.cpp:383]  - {type: OB_STREAM_COLOR, format: OB_FORMAT_RGB888, width: 1280, height: 800, fps: 10}
[05/19 14:32:37.934179][debug][31372][VideoSensor.cpp:383]  - {type: OB_STREAM_COLOR, format: OB_FORMAT_MJPG, width: 1280, height: 800, fps: 30}
[05/19 14:32:37.934184][debug][31372][VideoSensor.cpp:383]  - {type: OB_STREAM_COLOR, format: OB_FORMAT_MJPG, width: 1280, height: 800, fps: 20}
[05/19 14:32:37.934189][debug][31372][VideoSensor.cpp:383]  - {type: OB_STREAM_COLOR, format: OB_FORMAT_MJPG, width: 1280, height: 800, fps: 15}
[05/19 14:32:37.934194][debug][31372][VideoSensor.cpp:383]  - {type: OB_STREAM_COLOR, format: OB_FORMAT_MJPG, width: 1280, height: 800, fps: 10}
[05/19 14:32:37.934200][debug][31372][VideoSensor.cpp:383]  - {type: OB_STREAM_COLOR, format: OB_FORMAT_MJPG, width: 1280, height: 800, fps: 5}
[05/19 14:32:37.934205][debug][31372][VideoSensor.cpp:383]  - {type: OB_STREAM_COLOR, format: OB_FORMAT_RGB888, width: 1280, height: 800, fps: 30}
[05/19 14:32:37.934211][debug][31372][VideoSensor.cpp:383]  - {type: OB_STREAM_COLOR, format: OB_FORMAT_RGB888, width: 1280, height: 800, fps: 20}
[05/19 14:32:37.934216][debug][31372][VideoSensor.cpp:383]  - {type: OB_STREAM_COLOR, format: OB_FORMAT_RGB888, width: 1280, height: 800, fps: 15}
[05/19 14:32:37.934220][debug][31372][VideoSensor.cpp:383]  - {type: OB_STREAM_COLOR, format: OB_FORMAT_RGB888, width: 1280, height: 800, fps: 5}
[05/19 14:32:37.934225][debug][31372][VideoSensor.cpp:383]  - {type: OB_STREAM_COLOR, format: OB_FORMAT_RGB888, width: 1280, height: 800, fps: 30}
[05/19 14:32:37.934230][debug][31372][VideoSensor.cpp:383]  - {type: OB_STREAM_COLOR, format: OB_FORMAT_RGB888, width: 1280, height: 800, fps: 20}
[05/19 14:32:37.934235][debug][31372][VideoSensor.cpp:383]  - {type: OB_STREAM_COLOR, format: OB_FORMAT_RGB888, width: 1280, height: 800, fps: 15}
[05/19 14:32:37.934240][debug][31372][VideoSensor.cpp:383]  - {type: OB_STREAM_COLOR, format: OB_FORMAT_RGB888, width: 1280, height: 800, fps: 10}
[05/19 14:32:37.934245][debug][31372][VideoSensor.cpp:383]  - {type: OB_STREAM_COLOR, format: OB_FORMAT_RGB888, width: 1280, height: 800, fps: 5}
[05/19 14:32:37.934250][debug][31372][VideoSensor.cpp:383]  - {type: OB_STREAM_COLOR, format: OB_FORMAT_BGRA, width: 1280, height: 800, fps: 30}
[05/19 14:32:37.934254][debug][31372][VideoSensor.cpp:383]  - {type: OB_STREAM_COLOR, format: OB_FORMAT_BGRA, width: 1280, height: 800, fps: 20}
[05/19 14:32:37.934259][debug][31372][VideoSensor.cpp:383]  - {type: OB_STREAM_COLOR, format: OB_FORMAT_BGRA, width: 1280, height: 800, fps: 15}
[05/19 14:32:37.934264][debug][31372][VideoSensor.cpp:383]  - {type: OB_STREAM_COLOR, format: OB_FORMAT_BGRA, width: 1280, height: 800, fps: 10}
[05/19 14:32:37.934269][debug][31372][VideoSensor.cpp:383]  - {type: OB_STREAM_COLOR, format: OB_FORMAT_BGRA, width: 1280, height: 800, fps: 5}
[05/19 14:32:37.934281][warning][31372][ObException.cpp:5] No required type sensor found! Calibrate depth work mode, sensorType: OB_SENSOR_DEPTH
[05/19 14:32:37.934339][warning][31372][ObException.cpp:5] No required type sensor found! Calibrate depth work mode, sensorType: OB_SENSOR_IR
[05/19 14:32:37.946929][debug][31372][Gemini2ProfileRestrictor.cpp:71] uvcProfileList size: 74, output profile size: 23
[05/19 14:32:37.946964][debug][31372][VideoSensor.cpp:364] Query stream profile! restrict profile list success. size = 74, valid size = 23
[05/19 14:32:37.946974][debug][31372][VideoSensor.cpp:381] Query stream profile! size= 23, SensorType=OB_SENSOR_IR_LEFT
[05/19 14:32:37.946984][debug][31372][VideoSensor.cpp:383]  - {type: OB_STREAM_IR_LEFT, format: OB_FORMAT_Y8, width: 1920, height: 1200, fps: 50}
[05/19 14:32:37.947016][debug][31372][VideoSensor.cpp:383]  - {type: OB_STREAM_IR_LEFT, format: OB_FORMAT_Y8, width: 1520, height: 1200, fps: 30}
[05/19 14:32:37.947021][debug][31372][VideoSensor.cpp:383]  - {type: OB_STREAM_IR_LEFT, format: OB_FORMAT_Y8, width: 1520, height: 1200, fps: 60}
[05/19 14:32:37.947027][debug][31372][VideoSensor.cpp:383]  - {type: OB_STREAM_IR_LEFT, format: OB_FORMAT_Y8, width: 1520, height: 1200, fps: 50}
[05/19 14:32:37.947032][debug][31372][VideoSensor.cpp:383]  - {type: OB_STREAM_IR_LEFT, format: OB_FORMAT_Y8, width: 1520, height: 1200, fps: 40}
[05/19 14:32:37.947038][debug][31372][VideoSensor.cpp:383]  - {type: OB_STREAM_IR_LEFT, format: OB_FORMAT_Y8, width: 1520, height: 1200, fps: 20}
[05/19 14:32:37.947043][debug][31372][VideoSensor.cpp:383]  - {type: OB_STREAM_IR_LEFT, format: OB_FORMAT_Y8, width: 1920, height: 1200, fps: 30}
[05/19 14:32:37.947049][debug][31372][VideoSensor.cpp:383]  - {type: OB_STREAM_IR_LEFT, format: OB_FORMAT_Y8, width: 1920, height: 1200, fps: 40}
[05/19 14:32:37.947054][debug][31372][VideoSensor.cpp:383]  - {type: OB_STREAM_IR_LEFT, format: OB_FORMAT_Y8, width: 1920, height: 1200, fps: 25}
[05/19 14:32:37.947059][debug][31372][VideoSensor.cpp:383]  - {type: OB_STREAM_IR_LEFT, format: OB_FORMAT_Y8, width: 1920, height: 1200, fps: 20}
[05/19 14:32:37.947065][debug][31372][VideoSensor.cpp:383]  - {type: OB_STREAM_IR_LEFT, format: OB_FORMAT_Y8, width: 1920, height: 1200, fps: 15}
[05/19 14:32:37.947070][debug][31372][VideoSensor.cpp:383]  - {type: OB_STREAM_IR_LEFT, format: OB_FORMAT_Y8, width: 1920, height: 1200, fps: 10}
[05/19 14:32:37.947076][debug][31372][VideoSensor.cpp:383]  - {type: OB_STREAM_IR_LEFT, format: OB_FORMAT_Y8, width: 1920, height: 1200, fps: 5}
[05/19 14:32:37.947081][debug][31372][VideoSensor.cpp:383]  - {type: OB_STREAM_IR_LEFT, format: OB_FORMAT_MJPG, width: 1520, height: 1200, fps: 30}
[05/19 14:32:37.947087][debug][31372][VideoSensor.cpp:383]  - {type: OB_STREAM_IR_LEFT, format: OB_FORMAT_MJPG, width: 1520, height: 1200, fps: 60}
[05/19 14:32:37.947092][debug][31372][VideoSensor.cpp:383]  - {type: OB_STREAM_IR_LEFT, format: OB_FORMAT_MJPG, width: 1520, height: 1200, fps: 50}
[05/19 14:32:37.947097][debug][31372][VideoSensor.cpp:383]  - {type: OB_STREAM_IR_LEFT, format: OB_FORMAT_MJPG, width: 1520, height: 1200, fps: 40}
[05/19 14:32:37.947102][debug][31372][VideoSensor.cpp:383]  - {type: OB_STREAM_IR_LEFT, format: OB_FORMAT_MJPG, width: 1520, height: 1200, fps: 20}
[05/19 14:32:37.947108][debug][31372][VideoSensor.cpp:383]  - {type: OB_STREAM_IR_LEFT, format: OB_FORMAT_MJPG, width: 1920, height: 1200, fps: 30}
[05/19 14:32:37.947113][debug][31372][VideoSensor.cpp:383]  - {type: OB_STREAM_IR_LEFT, format: OB_FORMAT_MJPG, width: 1920, height: 1200, fps: 50}
[05/19 14:32:37.947118][debug][31372][VideoSensor.cpp:383]  - {type: OB_STREAM_IR_LEFT, format: OB_FORMAT_MJPG, width: 1920, height: 1200, fps: 40}
[05/19 14:32:37.947123][debug][31372][VideoSensor.cpp:383]  - {type: OB_STREAM_IR_LEFT, format: OB_FORMAT_MJPG, width: 1920, height: 1200, fps: 20}
[05/19 14:32:37.947129][debug][31372][VideoSensor.cpp:383]  - {type: OB_STREAM_IR_LEFT, format: OB_FORMAT_MJPG, width: 1920, height: 1200, fps: 15}
[05/19 14:32:37.947505][debug][31372][Gemini2ProfileRestrictor.cpp:71] uvcProfileList size: 119, output profile size: 13
[05/19 14:32:37.947514][debug][31372][VideoSensor.cpp:364] Query stream profile! restrict profile list success. size = 119, valid size = 13
[05/19 14:32:37.947520][debug][31372][VideoSensor.cpp:381] Query stream profile! size= 13, SensorType=OB_SENSOR_IR_RIGHT
[05/19 14:32:37.947528][debug][31372][VideoSensor.cpp:383]  - {type: OB_STREAM_IR_RIGHT, format: OB_FORMAT_Y8, width: 1920, height: 1200, fps: 50}
[05/19 14:32:37.947533][debug][31372][VideoSensor.cpp:383]  - {type: OB_STREAM_IR_RIGHT, format: OB_FORMAT_Y8, width: 1520, height: 1200, fps: 30}
[05/19 14:32:37.947538][debug][31372][VideoSensor.cpp:383]  - {type: OB_STREAM_IR_RIGHT, format: OB_FORMAT_Y8, width: 1520, height: 1200, fps: 60}
[05/19 14:32:37.947543][debug][31372][VideoSensor.cpp:383]  - {type: OB_STREAM_IR_RIGHT, format: OB_FORMAT_Y8, width: 1520, height: 1200, fps: 50}
[05/19 14:32:37.947548][debug][31372][VideoSensor.cpp:383]  - {type: OB_STREAM_IR_RIGHT, format: OB_FORMAT_Y8, width: 1520, height: 1200, fps: 40}
[05/19 14:32:37.947553][debug][31372][VideoSensor.cpp:383]  - {type: OB_STREAM_IR_RIGHT, format: OB_FORMAT_Y8, width: 1520, height: 1200, fps: 20}
[05/19 14:32:37.947558][debug][31372][VideoSensor.cpp:383]  - {type: OB_STREAM_IR_RIGHT, format: OB_FORMAT_Y8, width: 1920, height: 1200, fps: 30}
[05/19 14:32:37.947563][debug][31372][VideoSensor.cpp:383]  - {type: OB_STREAM_IR_RIGHT, format: OB_FORMAT_Y8, width: 1920, height: 1200, fps: 40}
[05/19 14:32:37.947568][debug][31372][VideoSensor.cpp:383]  - {type: OB_STREAM_IR_RIGHT, format: OB_FORMAT_Y8, width: 1920, height: 1200, fps: 25}
[05/19 14:32:37.947573][debug][31372][VideoSensor.cpp:383]  - {type: OB_STREAM_IR_RIGHT, format: OB_FORMAT_Y8, width: 1920, height: 1200, fps: 20}
[05/19 14:32:37.947578][debug][31372][VideoSensor.cpp:383]  - {type: OB_STREAM_IR_RIGHT, format: OB_FORMAT_Y8, width: 1920, height: 1200, fps: 15}
[05/19 14:32:37.947583][debug][31372][VideoSensor.cpp:383]  - {type: OB_STREAM_IR_RIGHT, format: OB_FORMAT_Y8, width: 1920, height: 1200, fps: 10}
[05/19 14:32:37.947588][debug][31372][VideoSensor.cpp:383]  - {type: OB_STREAM_IR_RIGHT, format: OB_FORMAT_Y8, width: 1920, height: 1200, fps: 5}
[05/19 14:32:37.948953][debug][31372][HostProtocol.cpp:461] get property value success! propertyId=2024, cur={intValue: 2, floatValue: 2.8026e-45}, max={intValue: 4, floatValue: 5.60519e-45}, min={intValue: 1, floatValue: 1.4013e-45},def={intValue: 1, floatValue: 1.4013e-45},step={intValue: 1, floatValue: 1.4013e-45}
[05/19 14:32:37.949479][debug][31372][HostProtocol.cpp:461] get property value success! propertyId=2022, cur={intValue: 8, floatValue: 1.12104e-44}, max={intValue: 15, floatValue: 2.10195e-44}, min={intValue: 1, floatValue: 1.4013e-45},def={intValue: 5, floatValue: 7.00649e-45},step={intValue: 1, floatValue: 1.4013e-45}
[05/19 14:32:37.949502][debug][31372][AccelSensor.cpp:125] The first one in the list is the default profile
[05/19 14:32:37.949530][debug][31372][HostProtocol.cpp:425] Set property value, propertyId=85, value={intValue: 0, floatValue: 0}
[05/19 14:32:37.949860][debug][31372][PropertyAccessor.cpp:17] set property value success! propertyId: 85, value: {intValue: 0, floatValue: 0}
[05/19 14:32:37.949874][debug][31372][FrameProcessor.cpp:198] setPropertyValue id=3004, value={intValue: 0, floatValue: 0}
[05/19 14:32:37.949880][debug][31372][PropertyAccessor.cpp:17] set property value success! propertyId: 3004, value: {intValue: 0, floatValue: 0}
[05/19 14:32:37.949888][debug][31372][FrameProcessor.cpp:198] setPropertyValue id=24, value={intValue: 0, floatValue: 0}
[05/19 14:32:37.949894][debug][31372][PropertyAccessor.cpp:17] set property value success! propertyId: 24, value: {intValue: 0, floatValue: 0}
[05/19 14:32:37.960227][debug][31372][PropertyAccessor.cpp:17] set property value success! propertyId: 2003, value: {intValue: 1, floatValue: 1.4013e-45}
[05/19 14:32:37.960274][debug][31372][FrameProcessor.cpp:198] setPropertyValue id=18, value={intValue: 0, floatValue: 0}
[05/19 14:32:37.960282][debug][31372][PropertyAccessor.cpp:17] set property value success! propertyId: 18, value: {intValue: 0, floatValue: 0}
[05/19 14:32:37.960290][debug][31372][FrameProcessor.cpp:198] setPropertyValue id=112, value={intValue: 0, floatValue: 0}
[05/19 14:32:37.960299][debug][31372][PropertyAccessor.cpp:17] set property value success! propertyId: 112, value: {intValue: 0, floatValue: 0}
[05/19 14:32:37.960309][debug][31372][HostProtocol.cpp:425] Set property value, propertyId=81, value={intValue: 0, floatValue: 0}
[05/19 14:32:37.961545][debug][31372][PropertyAccessor.cpp:17] set property value success! propertyId: 81, value: {intValue: 0, floatValue: 0}
[05/19 14:32:37.961929][debug][31372][HostProtocol.cpp:461] get property value success! propertyId=154, cur={intValue: 1209184384, floatValue: 150210}, max={intValue: 1236736768, floatValue: 1.5e+06}, min={intValue: 1203982336, floatValue: 100000},def={intValue: 1229148160, floatValue: 800000},step={intValue: 1169915904, floatValue: 6000}
[05/19 14:32:37.961943][debug][31372][PropertyAccessor.cpp:34] get property value range success! propertyId: 154, range: {max: {intValue: 1236736768, floatValue: 1.5e+06}, min: {intValue: 1203982336, floatValue: 100000}, step: {intValue: 1169915904, floatValue: 6000}, def: {intValue: 1229148160, floatValue: 800000}}
[05/19 14:32:37.961951][debug][31372][HostProtocol.cpp:425] Set property value, propertyId=154, value={intValue: 1223959552, floatValue: 500000}
[05/19 14:32:37.963399][debug][31372][PropertyAccessor.cpp:17] set property value success! propertyId: 154, value: {intValue: 1223959552, floatValue: 500000}
[05/19 14:32:37.963798][debug][31372][HostProtocol.cpp:461] get property value success! propertyId=155, cur={intValue: 1209184384, floatValue: 150210}, max={intValue: 1236736768, floatValue: 1.5e+06}, min={intValue: 1203982336, floatValue: 100000},def={intValue: 1229148160, floatValue: 800000},step={intValue: 1169915904, floatValue: 6000}
[05/19 14:32:37.963810][debug][31372][PropertyAccessor.cpp:34] get property value range success! propertyId: 155, range: {max: {intValue: 1236736768, floatValue: 1.5e+06}, min: {intValue: 1203982336, floatValue: 100000}, step: {intValue: 1169915904, floatValue: 6000}, def: {intValue: 1229148160, floatValue: 800000}}
[05/19 14:32:37.963817][debug][31372][HostProtocol.cpp:425] Set property value, propertyId=155, value={intValue: 1223959552, floatValue: 500000}
[05/19 14:32:37.965263][debug][31372][PropertyAccessor.cpp:17] set property value success! propertyId: 155, value: {intValue: 1223959552, floatValue: 500000}
[05/19 14:32:37.965285][debug][31372][HostProtocol.cpp:425] Set property value, propertyId=160, value={intValue: 100, floatValue: 1.4013e-43}
[05/19 14:32:37.965721][debug][31372][PropertyAccessor.cpp:17] set property value success! propertyId: 160, value: {intValue: 100, floatValue: 1.4013e-43}
[05/19 14:32:37.965733][debug][31372][HostProtocol.cpp:425] Set property value, propertyId=161, value={intValue: 50, floatValue: 7.00649e-44}
[05/19 14:32:37.966061][debug][31372][PropertyAccessor.cpp:17] set property value success! propertyId: 161, value: {intValue: 50, floatValue: 7.00649e-44}
[05/19 14:32:37.966072][debug][31372][HostProtocol.cpp:425] Set property value, propertyId=164, value={intValue: 0, floatValue: 0}
[05/19 14:32:37.966399][debug][31372][PropertyAccessor.cpp:17] set property value success! propertyId: 164, value: {intValue: 0, floatValue: 0}
[05/19 14:32:37.966410][debug][31372][HostProtocol.cpp:425] Set property value, propertyId=183, value={intValue: 0, floatValue: 0}
[05/19 14:32:37.966738][debug][31372][PropertyAccessor.cpp:17] set property value success! propertyId: 183, value: {intValue: 0, floatValue: 0}
[05/19 14:32:37.966752][debug][31372][HostProtocol.cpp:425] Set property value, propertyId=192, value={intValue: 1, floatValue: 1.4013e-45}
[05/19 14:32:38.020405][debug][31372][PropertyAccessor.cpp:17] set property value success! propertyId: 192, value: {intValue: 1, floatValue: 1.4013e-45}
[05/19 14:32:38.020450][debug][31372][HostProtocol.cpp:425] Set property value, propertyId=157, value={intValue: 0, floatValue: 0}
[05/19 14:32:38.020830][debug][31372][PropertyAccessor.cpp:17] set property value success! propertyId: 157, value: {intValue: 0, floatValue: 0}
[05/19 14:32:38.020848][debug][31372][HostProtocol.cpp:425] Set property value, propertyId=158, value={intValue: 1, floatValue: 1.4013e-45}
[05/19 14:32:38.021252][debug][31372][PropertyAccessor.cpp:17] set property value success! propertyId: 158, value: {intValue: 1, floatValue: 1.4013e-45}
[05/19 14:32:38.021274][debug][31372][HostProtocol.cpp:425] Set property value, propertyId=2026, value={intValue: 2403, floatValue: 3.36732e-42}
[05/19 14:32:38.030490][debug][31372][PropertyAccessor.cpp:17] set property value success! propertyId: 2026, value: {intValue: 2403, floatValue: 3.36732e-42}
[05/19 14:32:38.030864][debug][31372][HostProtocol.cpp:461] get property value success! propertyId=187, cur={intValue: 0, floatValue: 0}, max={intValue: 2, floatValue: 2.8026e-45}, min={intValue: 0, floatValue: 0},def={intValue: 0, floatValue: 0},step={intValue: 1, floatValue: 1.4013e-45}
[05/19 14:32:38.030876][debug][31372][PropertyAccessor.cpp:28] get property value success! propertyId: 187, value: {intValue: 0, floatValue: 0}
[05/19 14:32:38.030903][debug][31372][Pipeline.cpp:171] Pipeline start() start!
[05/19 14:32:38.030919][debug][31372][FrameProcessingBlockManager.cpp:75]  FrameProcessingBlockManager started, 0 blocks contained!
[05/19 14:32:38.030925][info][31372][Pipeline.cpp:236] Try to start streams!
[05/19 14:32:38.030933][debug][31372][VideoSensor.cpp:529] VideoSensor::start, @OB_SENSOR_IR_LEFT
[05/19 14:32:38.030945][debug][31372][FrameMemoryPool.cpp:31] FrameMemoryPool created!
[05/19 14:32:38.030963][debug][31372][FrameBufferManager.hpp:65] FrameBufferManager created! frame type:class libobsensor::IRLeftFrame, obj addr:0x23df69db350, frame obj total size:2.198MB
[05/19 14:32:38.030969][debug][31372][FrameMemoryPool.cpp:59] IRFrame bufferManager created!
[05/19 14:32:38.030980][debug][31372][FrameProcessor.cpp:131] Frame processor active blocks chain update: input ->FrameMirror -> output
[05/19 14:32:38.030984][debug][31372][FrameProcessor.cpp:143] FrameProcessor started, 4 blocks contained!
[05/19 14:32:38.030994][info][31372][VideoSensor.cpp:617] start OB_SENSOR_IR_LEFT stream with profile: {type: OB_STREAM_IR_LEFT, format: OB_FORMAT_Y8, width: 1920, height: 1200, fps: 50}
[05/19 14:32:38.068613][debug][31372][VideoSensor.cpp:672] Stream state changed to STREAM_STATE_STARTING. @OB_SENSOR_IR_LEFT
[05/19 14:32:38.068651][debug][31372][VideoSensor.cpp:674] Stream starting! @OB_SENSOR_IR_LEFT
[05/19 14:32:38.068659][debug][31372][Pipeline.cpp:247] Sensor stream started, sensorType=OB_SENSOR_IR_LEFT
[05/19 14:32:38.068669][debug][31372][VideoSensor.cpp:529] VideoSensor::start, @OB_SENSOR_IR_RIGHT
[05/19 14:32:38.068687][debug][31372][FrameBufferManager.hpp:65] FrameBufferManager created! frame type:class libobsensor::IRRightFrame, obj addr:0x23df69d9af0, frame obj total size:2.198MB
[05/19 14:32:38.068694][debug][31372][FrameMemoryPool.cpp:63] IRFrame bufferManager created!
[05/19 14:32:38.068706][debug][31372][FrameProcessor.cpp:131] Frame processor active blocks chain update: input ->FrameMirror -> output
[05/19 14:32:38.068712][debug][31372][FrameProcessor.cpp:143] FrameProcessor started, 4 blocks contained!
[05/19 14:32:38.068725][info][31372][VideoSensor.cpp:617] start OB_SENSOR_IR_RIGHT stream with profile: {type: OB_STREAM_IR_RIGHT, format: OB_FORMAT_Y8, width: 1920, height: 1200, fps: 50}
[05/19 14:32:38.084383][debug][31372][FrameProcessor.cpp:131] Frame processor active blocks chain update: input ->FrameMirror -> output
[05/19 14:32:38.084432][debug][31372][VideoSensor.cpp:672] Stream state changed to STREAM_STATE_STARTING. @OB_SENSOR_IR_RIGHT
[05/19 14:32:38.084438][debug][31372][VideoSensor.cpp:674] Stream starting! @OB_SENSOR_IR_RIGHT
[05/19 14:32:38.084444][debug][31372][Pipeline.cpp:247] Sensor stream started, sensorType=OB_SENSOR_IR_RIGHT
[05/19 14:32:38.084449][info][31372][Pipeline.cpp:249] Start streams done!
[05/19 14:32:38.084454][info][31372][Pipeline.cpp:232] Pipeline start done!
[05/19 14:32:38.084489][debug][31372][HostProtocol.cpp:425] Set property value, propertyId=2022, value={intValue: 8, floatValue: 1.12104e-44}
[05/19 14:32:38.085366][debug][31372][HostProtocol.cpp:425] Set property value, propertyId=2024, value={intValue: 2, floatValue: 2.8026e-45}
[05/19 14:32:38.085908][debug][31372][FrameProcessor.cpp:131] Frame processor active blocks chain update: input ->IMUFrameTransformer -> output
[05/19 14:32:38.085931][debug][31372][FrameProcessor.cpp:143] FrameProcessor started, 1 blocks contained!
[05/19 14:32:38.085946][debug][31372][FrameBufferManager.hpp:65] FrameBufferManager created! frame type:class libobsensor::AccelFrame, obj addr:0x23bf0c18ce0, frame obj total size:0.000MB
[05/19 14:32:38.085953][debug][31372][FrameMemoryPool.cpp:79] AccelFrame bufferManager created!
[05/19 14:32:38.085961][debug][31372][HidDevicePort.cpp:116] HidDevicePort::startCapture start
[05/19 14:32:38.085968][debug][31372][HidDevicePort.cpp:132] HidDevicePort::startCapture done
[05/19 14:32:38.085984][debug][31372][HostProtocol.cpp:425] Set property value, propertyId=2020, value={intValue: 1, floatValue: 1.4013e-45}
[05/19 14:32:38.087002][debug][31372][HostProtocol.cpp:425] Set property value, propertyId=3, value={intValue: 0, floatValue: 0}
[05/19 14:32:38.088739][debug][31372][PropertyAccessor.cpp:17] set property value success! propertyId: 3, value: {intValue: 0, floatValue: 0}
[05/19 14:32:38.088755][debug][31372][HostProtocol.cpp:425] Set property value, propertyId=152, value={intValue: 0, floatValue: 0}
[05/19 14:32:38.090499][debug][31372][PropertyAccessor.cpp:17] set property value success! propertyId: 152, value: {intValue: 0, floatValue: 0}
[05/19 14:32:38.090553][debug][31372][HostProtocol.cpp:425] Set property value, propertyId=153, value={intValue: 0, floatValue: 0}
[05/19 14:32:38.092305][debug][31372][PropertyAccessor.cpp:17] set property value success! propertyId: 153, value: {intValue: 0, floatValue: 0}
[05/19 14:32:38.092353][debug][31372][HostProtocol.cpp:425] Set property value, propertyId=151, value={intValue: 1, floatValue: 1.4013e-45}
[05/19 14:32:38.092732][debug][22216][FrameBufferManager.cpp:35] New frame buffer allocated=0.000MB, total usage: allocated=0.000MB, max limit=2048.000MB
[05/19 14:32:38.092747][debug][31372][PropertyAccessor.cpp:17] set property value success! propertyId: 151, value: {intValue: 1, floatValue: 1.4013e-45}
[05/19 14:32:38.092771][debug][22216][FrameBufferManager.cpp:35] New frame buffer allocated=0.000MB, total usage: allocated=0.000MB, max limit=2048.000MB
[05/19 14:32:38.093043][debug][33292][FrameProcessingBlock.cpp:59] FrameProcessingBlock@class libobsensor::IMUFrameTransformer process thread started!
[05/19 14:32:38.093231][debug][31372][PropertyAccessor.cpp:71] get cmd version success! propertyId: 4026, version: 1
[05/19 14:32:38.094644][debug][31372][PropertyAccessor.cpp:93] get struct data list success! propertyId: 4026, async: false
[05/19 14:32:38.095189][debug][31372][PropertyAccessor.cpp:71] get cmd version success! propertyId: 4024, version: 0
[05/19 14:32:38.096282][debug][31372][PropertyAccessor.cpp:93] get struct data list success! propertyId: 4024, async: false
[05/19 14:32:38.096301][debug][31372][InternalMultiDataType.cpp:88] createDataDeserializer from Generate failed. return an uint8_t data deserializer. propertyId: 4024, cmdVersion:0 
[05/19 14:32:38.096355][debug][31372][HostProtocol.cpp:29] onStart readFlash
[05/19 14:32:38.103274][debug][31372][HostProtocol.cpp:53] onFinish readFlash
[05/19 14:32:38.103312][debug][31372][HostProtocol.cpp:29] onStart readFlash
[05/19 14:32:38.110344][debug][31372][HostProtocol.cpp:53] onFinish readFlash
[05/19 14:32:38.186058][debug][30148][FrameBufferManager.cpp:35] New frame buffer allocated=2.198MB, total usage: allocated=2.198MB, max limit=2048.000MB
[05/19 14:32:38.186106][debug][30148][VideoSensor.cpp:462] Stream state changed to STREAM_STATE_STREAMING. @OB_SENSOR_IR_RIGHT
[05/19 14:32:38.186109][debug][22232][FrameBufferManager.cpp:35] New frame buffer allocated=2.198MB, total usage: allocated=4.396MB, max limit=2048.000MB
[05/19 14:32:38.186125][debug][30148][FrameTimestampConverter.cpp:98] updateBaseTimeStamp:
[05/19 14:32:38.186194][debug][30148][FrameTimestampConverter.cpp:99] 	srcTimestamp=4095919539, prevSrcTsp_=0, tspDecrease=false
[05/19 14:32:38.186147][debug][22232][VideoSensor.cpp:462] Stream state changed to STREAM_STATE_STREAMING. @OB_SENSOR_IR_LEFT
[05/19 14:32:38.186204][debug][30148][FrameTimestampConverter.cpp:100] 	srcTspDiffMs=4095919, hostTspDiffMs=1779172358186, tspDiffAbnormal=true
[05/19 14:32:38.186237][debug][22232][FrameTimestampConverter.cpp:98] updateBaseTimeStamp:
[05/19 14:32:38.186251][debug][22232][FrameTimestampConverter.cpp:99] 	srcTimestamp=4095919539, prevSrcTsp_=0, tspDecrease=false
[05/19 14:32:38.186259][debug][22232][FrameTimestampConverter.cpp:100] 	srcTspDiffMs=4095919, hostTspDiffMs=1779172358186, tspDiffAbnormal=true
[05/19 14:32:38.186746][debug][30148][VendorCommand.cpp:426] get TimeStamp: tsp=12685875030, rtt=0
[05/19 14:32:38.187273][debug][22232][VendorCommand.cpp:426] get TimeStamp: tsp=12685875578, rtt=0
[05/19 14:32:38.187403][debug][30148][FrameProcessingBlock.cpp:59] FrameProcessingBlock@class libobsensor::FrameMirror process thread started!
[05/19 14:32:38.187466][debug][34724][FrameBufferManager.cpp:35] New frame buffer allocated=2.198MB, total usage: allocated=6.594MB, max limit=2048.000MB
[05/19 14:32:38.187983][debug][22232][FrameProcessingBlock.cpp:59] FrameProcessingBlock@class libobsensor::FrameMirror process thread started!
[05/19 14:32:38.188021][debug][16672][FrameBufferManager.cpp:35] New frame buffer allocated=2.198MB, total usage: allocated=8.791MB, max limit=2048.000MB
[05/19 14:32:38.188844][debug][34724][FrameBufferManager.hpp:65] FrameBufferManager created! frame type:class libobsensor::FrameSet, obj addr:0x23df6a526c0, frame obj total size:0.000MB
[05/19 14:32:38.188854][debug][34724][FrameMemoryPool.cpp:87] Frameset bufferManager created!
[05/19 14:32:38.188869][debug][34724][Pipeline.cpp:267] Frame received on pipeline! type=OB_FRAME_IR_RIGHT
[05/19 14:32:38.189192][debug][16672][FrameBufferManager.cpp:35] New frame buffer allocated=0.000MB, total usage: allocated=8.791MB, max limit=2048.000MB
[05/19 14:32:38.189214][debug][16672][Pipeline.cpp:267] Frame received on pipeline! type=OB_FRAME_IR_LEFT
[05/19 14:32:38.205883][debug][34724][FrameBufferManager.cpp:35] New frame buffer allocated=2.198MB, total usage: allocated=10.989MB, max limit=2048.000MB
[05/19 14:32:38.225160][debug][34724][FrameBufferManager.cpp:35] New frame buffer allocated=2.198MB, total usage: allocated=13.187MB, max limit=2048.000MB
[05/19 14:32:38.225248][debug][16672][FrameBufferManager.cpp:35] New frame buffer allocated=2.198MB, total usage: allocated=15.385MB, max limit=2048.000MB
[05/19 14:32:38.226450][debug][16672][FrameBufferManager.cpp:35] New frame buffer allocated=0.000MB, total usage: allocated=15.385MB, max limit=2048.000MB
[05/19 14:32:38.226466][debug][16672][FrameBufferManager.cpp:35] New frame buffer allocated=0.000MB, total usage: allocated=15.385MB, max limit=2048.000MB
[05/19 14:32:38.244805][debug][34724][FrameBufferManager.cpp:35] New frame buffer allocated=2.198MB, total usage: allocated=17.583MB, max limit=2048.000MB
[05/19 14:32:38.244858][debug][16672][FrameBufferManager.cpp:35] New frame buffer allocated=2.198MB, total usage: allocated=19.780MB, max limit=2048.000MB
[05/19 14:32:38.246064][debug][16672][FrameBufferManager.cpp:35] New frame buffer allocated=0.000MB, total usage: allocated=19.781MB, max limit=2048.000MB
[05/19 14:32:38.264300][debug][34724][FrameBufferManager.cpp:35] New frame buffer allocated=2.198MB, total usage: allocated=21.978MB, max limit=2048.000MB
[05/19 14:32:38.264349][debug][16672][FrameBufferManager.cpp:35] New frame buffer allocated=2.198MB, total usage: allocated=24.176MB, max limit=2048.000MB
[05/19 14:32:38.265556][debug][16672][FrameBufferManager.cpp:35] New frame buffer allocated=0.000MB, total usage: allocated=24.176MB, max limit=2048.000MB
[05/19 14:32:38.284020][debug][16672][FrameBufferManager.cpp:35] New frame buffer allocated=2.198MB, total usage: allocated=26.374MB, max limit=2048.000MB
[05/19 14:32:38.284124][debug][34724][FrameBufferManager.cpp:35] New frame buffer allocated=2.198MB, total usage: allocated=28.572MB, max limit=2048.000MB
[05/19 14:32:38.285228][debug][34724][FrameBufferManager.cpp:35] New frame buffer allocated=0.000MB, total usage: allocated=28.572MB, max limit=2048.000MB
[05/19 14:32:38.303482][debug][34724][FrameBufferManager.cpp:35] New frame buffer allocated=2.198MB, total usage: allocated=30.770MB, max limit=2048.000MB
[05/19 14:32:38.303652][debug][16672][FrameBufferManager.cpp:35] New frame buffer allocated=2.198MB, total usage: allocated=32.967MB, max limit=2048.000MB
[05/19 14:32:38.304719][debug][16672][FrameBufferManager.cpp:35] New frame buffer allocated=0.000MB, total usage: allocated=32.968MB, max limit=2048.000MB
[05/19 14:32:38.323205][debug][16672][FrameBufferManager.cpp:35] New frame buffer allocated=2.198MB, total usage: allocated=35.165MB, max limit=2048.000MB
[05/19 14:32:38.323342][debug][34724][FrameBufferManager.cpp:35] New frame buffer allocated=2.198MB, total usage: allocated=37.363MB, max limit=2048.000MB
[05/19 14:32:38.324504][debug][34724][FrameBufferManager.cpp:35] New frame buffer allocated=0.000MB, total usage: allocated=37.363MB, max limit=2048.000MB
[05/19 14:32:38.343021][debug][16672][FrameBufferManager.cpp:35] New frame buffer allocated=2.198MB, total usage: allocated=39.561MB, max limit=2048.000MB
[05/19 14:32:38.343077][debug][34724][FrameBufferManager.cpp:35] New frame buffer allocated=2.198MB, total usage: allocated=41.759MB, max limit=2048.000MB
[05/19 14:32:38.344137][debug][34724][FrameBufferManager.cpp:35] New frame buffer allocated=0.000MB, total usage: allocated=41.759MB, max limit=2048.000MB
[05/19 14:32:38.362260][debug][34724][FrameBufferManager.cpp:35] New frame buffer allocated=2.198MB, total usage: allocated=43.957MB, max limit=2048.000MB
[05/19 14:32:38.362392][debug][16672][FrameBufferManager.cpp:35] New frame buffer allocated=2.198MB, total usage: allocated=46.154MB, max limit=2048.000MB
[05/19 14:32:38.363525][debug][16672][FrameBufferManager.cpp:35] New frame buffer allocated=0.000MB, total usage: allocated=46.155MB, max limit=2048.000MB
[05/19 14:32:38.381904][debug][34724][FrameBufferManager.cpp:35] New frame buffer allocated=2.198MB, total usage: allocated=48.352MB, max limit=2048.000MB
[05/19 14:32:38.381975][debug][16672][FrameBufferManager.cpp:35] New frame buffer allocated=2.198MB, total usage: allocated=50.550MB, max limit=2048.000MB
[05/19 14:32:38.383230][debug][16672][FrameBufferManager.cpp:35] New frame buffer allocated=0.000MB, total usage: allocated=50.550MB, max limit=2048.000MB
[05/19 14:32:38.383261][warning][16672][Pipeline.cpp:289] Pipeline source frameset queue fulled, drop the oldest frame!
[05/19 14:32:38.422313][debug][16672][FrameBufferManager.cpp:35] New frame buffer allocated=2.198MB, total usage: allocated=52.748MB, max limit=2048.000MB
[05/19 14:32:38.435080][debug][31372][HostProtocol.cpp:461] get property value success! propertyId=2026, cur={intValue: 2403, floatValue: 3.36732e-42}, max={intValue: 3000, floatValue: 4.2039e-42}, min={intValue: 100, floatValue: 1.4013e-43},def={intValue: 3000, floatValue: 4.2039e-42},step={intValue: 1, floatValue: 1.4013e-45}
[05/19 14:32:38.435112][debug][31372][PropertyAccessor.cpp:34] get property value range success! propertyId: 2026, range: {max: {intValue: 3000, floatValue: 4.2039e-42}, min: {intValue: 100, floatValue: 1.4013e-43}, step: {intValue: 1, floatValue: 1.4013e-45}, def: {intValue: 3000, floatValue: 4.2039e-42}}
[05/19 14:32:38.437528][debug][31372][PropertyAccessor.cpp:34] get property value range success! propertyId: 2027, range: {max: {intValue: 15000, floatValue: 2.10195e-41}, min: {intValue: 1000, floatValue: 1.4013e-42}, step: {intValue: 100, floatValue: 1.4013e-43}, def: {intValue: 1000, floatValue: 1.4013e-42}}
[05/19 14:32:38.441571][debug][31372][HostProtocol.cpp:461] get property value success! propertyId=2026, cur={intValue: 2403, floatValue: 3.36732e-42}, max={intValue: 3000, floatValue: 4.2039e-42}, min={intValue: 100, floatValue: 1.4013e-43},def={intValue: 3000, floatValue: 4.2039e-42},step={intValue: 1, floatValue: 1.4013e-45}
[05/19 14:32:38.441635][debug][31372][PropertyAccessor.cpp:34] get property value range success! propertyId: 2026, range: {max: {intValue: 3000, floatValue: 4.2039e-42}, min: {intValue: 100, floatValue: 1.4013e-43}, step: {intValue: 1, floatValue: 1.4013e-45}, def: {intValue: 3000, floatValue: 4.2039e-42}}
[05/19 14:32:38.444071][debug][31372][PropertyAccessor.cpp:34] get property value range success! propertyId: 2027, range: {max: {intValue: 15000, floatValue: 2.10195e-41}, min: {intValue: 1000, floatValue: 1.4013e-42}, step: {intValue: 100, floatValue: 1.4013e-43}, def: {intValue: 1000, floatValue: 1.4013e-42}}
[05/19 14:32:38.444105][debug][31372][HostProtocol.cpp:425] Set property value, propertyId=151, value={intValue: 1, floatValue: 1.4013e-45}
[05/19 14:32:38.444637][debug][31372][PropertyAccessor.cpp:17] set property value success! propertyId: 151, value: {intValue: 1, floatValue: 1.4013e-45}
[05/19 14:32:38.457703][debug][34448][HostProtocol.cpp:461] get property value success! propertyId=154, cur={intValue: 1223959552, floatValue: 500000}, max={intValue: 1236736768, floatValue: 1.5e+06}, min={intValue: 1203982336, floatValue: 100000},def={intValue: 1229148160, floatValue: 800000},step={intValue: 1169915904, floatValue: 6000}
[05/19 14:32:38.457733][debug][34448][PropertyAccessor.cpp:34] get property value range success! propertyId: 154, range: {max: {intValue: 1236736768, floatValue: 1.5e+06}, min: {intValue: 1203982336, floatValue: 100000}, step: {intValue: 1169915904, floatValue: 6000}, def: {intValue: 1229148160, floatValue: 800000}}
[05/19 14:32:38.457754][debug][34448][HostProtocol.cpp:425] Set property value, propertyId=154, value={intValue: 1223959552, floatValue: 500000}
[05/19 14:32:38.459672][debug][34448][PropertyAccessor.cpp:17] set property value success! propertyId: 154, value: {intValue: 1223959552, floatValue: 500000}
[05/19 14:32:38.460342][debug][34448][HostProtocol.cpp:461] get property value success! propertyId=155, cur={intValue: 1223959552, floatValue: 500000}, max={intValue: 1236736768, floatValue: 1.5e+06}, min={intValue: 1203982336, floatValue: 100000},def={intValue: 1229148160, floatValue: 800000},step={intValue: 1169915904, floatValue: 6000}
[05/19 14:32:38.460366][debug][34448][PropertyAccessor.cpp:34] get property value range success! propertyId: 155, range: {max: {intValue: 1236736768, floatValue: 1.5e+06}, min: {intValue: 1203982336, floatValue: 100000}, step: {intValue: 1169915904, floatValue: 6000}, def: {intValue: 1229148160, floatValue: 800000}}
[05/19 14:32:38.460376][debug][34448][HostProtocol.cpp:425] Set property value, propertyId=155, value={intValue: 1223959552, floatValue: 500000}
[05/19 14:32:38.468410][debug][34448][PropertyAccessor.cpp:17] set property value success! propertyId: 155, value: {intValue: 1223959552, floatValue: 500000}
[05/19 14:32:38.469293][debug][34448][HostProtocol.cpp:461] get property value success! propertyId=2026, cur={intValue: 2403, floatValue: 3.36732e-42}, max={intValue: 3000, floatValue: 4.2039e-42}, min={intValue: 100, floatValue: 1.4013e-43},def={intValue: 3000, floatValue: 4.2039e-42},step={intValue: 1, floatValue: 1.4013e-45}
[05/19 14:32:38.469317][debug][34448][PropertyAccessor.cpp:28] get property value success! propertyId: 2026, value: {intValue: 2403, floatValue: 3.36732e-42}
[05/19 14:32:38.470407][debug][34448][PropertyAccessor.cpp:28] get property value success! propertyId: 2027, value: {intValue: 1000, floatValue: 1.4013e-42}
[05/19 14:32:38.470950][debug][34448][HostProtocol.cpp:461] get property value success! propertyId=5, cur={intValue: 1195593728, floatValue: 50000}, max={intValue: 1205262336, floatValue: 110000}, min={intValue: 1188229120, floatValue: 27000},def={intValue: 1195593728, floatValue: 50000},step={intValue: 1169915904, floatValue: 6000}
[05/19 14:32:38.470965][debug][34448][PropertyAccessor.cpp:28] get property value success! propertyId: 5, value: {intValue: 1195593728, floatValue: 50000}
[05/19 14:32:38.471583][debug][34448][HostProtocol.cpp:461] get property value success! propertyId=154, cur={intValue: 1223959552, floatValue: 500000}, max={intValue: 1236736768, floatValue: 1.5e+06}, min={intValue: 1203982336, floatValue: 100000},def={intValue: 1229148160, floatValue: 800000},step={intValue: 1169915904, floatValue: 6000}
[05/19 14:32:38.471602][debug][34448][PropertyAccessor.cpp:28] get property value success! propertyId: 154, value: {intValue: 1223959552, floatValue: 500000}
[05/19 14:32:38.472191][debug][34448][HostProtocol.cpp:461] get property value success! propertyId=155, cur={intValue: 1223959552, floatValue: 500000}, max={intValue: 1236736768, floatValue: 1.5e+06}, min={intValue: 1203982336, floatValue: 100000},def={intValue: 1229148160, floatValue: 800000},step={intValue: 1169915904, floatValue: 6000}
[05/19 14:32:38.472209][debug][34448][PropertyAccessor.cpp:28] get property value success! propertyId: 155, value: {intValue: 1223959552, floatValue: 500000}
[05/19 14:32:38.472793][debug][34448][HostProtocol.cpp:461] get property value success! propertyId=160, cur={intValue: 100, floatValue: 1.4013e-43}, max={intValue: 100, floatValue: 1.4013e-43}, min={intValue: 0, floatValue: 0},def={intValue: 50, floatValue: 7.00649e-44},step={intValue: 1, floatValue: 1.4013e-45}
[05/19 14:32:38.472821][debug][34448][PropertyAccessor.cpp:28] get property value success! propertyId: 160, value: {intValue: 100, floatValue: 1.4013e-43}
[05/19 14:32:38.473453][debug][34448][HostProtocol.cpp:461] get property value success! propertyId=160, cur={intValue: 100, floatValue: 1.4013e-43}, max={intValue: 100, floatValue: 1.4013e-43}, min={intValue: 0, floatValue: 0},def={intValue: 50, floatValue: 7.00649e-44},step={intValue: 1, floatValue: 1.4013e-45}
[05/19 14:32:38.473479][debug][34448][PropertyAccessor.cpp:28] get property value success! propertyId: 160, value: {intValue: 100, floatValue: 1.4013e-43}
[05/19 14:32:38.474297][debug][34448][HostProtocol.cpp:461] get property value success! propertyId=161, cur={intValue: 50, floatValue: 7.00649e-44}, max={intValue: 100, floatValue: 1.4013e-43}, min={intValue: 0, floatValue: 0},def={intValue: 50, floatValue: 7.00649e-44},step={intValue: 1, floatValue: 1.4013e-45}
[05/19 14:32:38.474310][debug][34448][PropertyAccessor.cpp:28] get property value success! propertyId: 161, value: {intValue: 50, floatValue: 7.00649e-44}
[05/19 14:32:38.475787][debug][34448][PropertyAccessor.cpp:28] get property value success! propertyId: 2027, value: {intValue: 1000, floatValue: 1.4013e-42}
[05/19 14:32:38.476106][debug][34448][PropertyAccessor.cpp:28] get property value success! propertyId: 2025, value: {intValue: 0, floatValue: 0}
[05/19 14:32:38.476809][debug][34448][HostProtocol.cpp:461] get property value success! propertyId=2026, cur={intValue: 2403, floatValue: 3.36732e-42}, max={intValue: 3000, floatValue: 4.2039e-42}, min={intValue: 100, floatValue: 1.4013e-43},def={intValue: 3000, floatValue: 4.2039e-42},step={intValue: 1, floatValue: 1.4013e-45}
[05/19 14:32:38.476836][debug][34448][PropertyAccessor.cpp:34] get property value range success! propertyId: 2026, range: {max: {intValue: 3000, floatValue: 4.2039e-42}, min: {intValue: 100, floatValue: 1.4013e-43}, step: {intValue: 1, floatValue: 1.4013e-45}, def: {intValue: 3000, floatValue: 4.2039e-42}}
[05/19 14:32:38.479202][debug][34448][PropertyAccessor.cpp:34] get property value range success! propertyId: 2027, range: {max: {intValue: 15000, floatValue: 2.10195e-41}, min: {intValue: 1000, floatValue: 1.4013e-42}, step: {intValue: 100, floatValue: 1.4013e-43}, def: {intValue: 1000, floatValue: 1.4013e-42}}
[05/19 14:32:38.479933][debug][34448][HostProtocol.cpp:461] get property value success! propertyId=2026, cur={intValue: 2403, floatValue: 3.36732e-42}, max={intValue: 3000, floatValue: 4.2039e-42}, min={intValue: 100, floatValue: 1.4013e-43},def={intValue: 3000, floatValue: 4.2039e-42},step={intValue: 1, floatValue: 1.4013e-45}
[05/19 14:32:38.479951][debug][34448][PropertyAccessor.cpp:28] get property value success! propertyId: 2026, value: {intValue: 2403, floatValue: 3.36732e-42}
[05/19 14:32:38.481089][debug][34448][PropertyAccessor.cpp:28] get property value success! propertyId: 2027, value: {intValue: 1000, floatValue: 1.4013e-42}
[05/19 14:32:38.481851][debug][34448][HostProtocol.cpp:461] get property value success! propertyId=5, cur={intValue: 1195593728, floatValue: 50000}, max={intValue: 1205262336, floatValue: 110000}, min={intValue: 1188229120, floatValue: 27000},def={intValue: 1195593728, floatValue: 50000},step={intValue: 1169915904, floatValue: 6000}
[05/19 14:32:38.481867][debug][34448][PropertyAccessor.cpp:28] get property value success! propertyId: 5, value: {intValue: 1195593728, floatValue: 50000}
[05/19 14:32:38.482424][debug][34448][HostProtocol.cpp:461] get property value success! propertyId=154, cur={intValue: 1223959552, floatValue: 500000}, max={intValue: 1236736768, floatValue: 1.5e+06}, min={intValue: 1203982336, floatValue: 100000},def={intValue: 1229148160, floatValue: 800000},step={intValue: 1169915904, floatValue: 6000}
[05/19 14:32:38.482436][debug][34448][PropertyAccessor.cpp:28] get property value success! propertyId: 154, value: {intValue: 1223959552, floatValue: 500000}
[05/19 14:32:38.482943][debug][34448][HostProtocol.cpp:461] get property value success! propertyId=155, cur={intValue: 1223959552, floatValue: 500000}, max={intValue: 1236736768, floatValue: 1.5e+06}, min={intValue: 1203982336, floatValue: 100000},def={intValue: 1229148160, floatValue: 800000},step={intValue: 1169915904, floatValue: 6000}
[05/19 14:32:38.482955][debug][34448][PropertyAccessor.cpp:28] get property value success! propertyId: 155, value: {intValue: 1223959552, floatValue: 500000}
[05/19 14:32:38.483532][debug][34448][HostProtocol.cpp:461] get property value success! propertyId=160, cur={intValue: 100, floatValue: 1.4013e-43}, max={intValue: 100, floatValue: 1.4013e-43}, min={intValue: 0, floatValue: 0},def={intValue: 50, floatValue: 7.00649e-44},step={intValue: 1, floatValue: 1.4013e-45}
[05/19 14:32:38.483543][debug][34448][PropertyAccessor.cpp:28] get property value success! propertyId: 160, value: {intValue: 100, floatValue: 1.4013e-43}
[05/19 14:32:38.484087][debug][34448][HostProtocol.cpp:461] get property value success! propertyId=160, cur={intValue: 100, floatValue: 1.4013e-43}, max={intValue: 100, floatValue: 1.4013e-43}, min={intValue: 0, floatValue: 0},def={intValue: 50, floatValue: 7.00649e-44},step={intValue: 1, floatValue: 1.4013e-45}
[05/19 14:32:38.484100][debug][34448][PropertyAccessor.cpp:28] get property value success! propertyId: 160, value: {intValue: 100, floatValue: 1.4013e-43}
[05/19 14:32:38.484604][debug][34448][HostProtocol.cpp:461] get property value success! propertyId=161, cur={intValue: 50, floatValue: 7.00649e-44}, max={intValue: 100, floatValue: 1.4013e-43}, min={intValue: 0, floatValue: 0},def={intValue: 50, floatValue: 7.00649e-44},step={intValue: 1, floatValue: 1.4013e-45}
[05/19 14:32:38.484617][debug][34448][PropertyAccessor.cpp:28] get property value success! propertyId: 161, value: {intValue: 50, floatValue: 7.00649e-44}
[05/19 14:32:38.484637][debug][34448][HostProtocol.cpp:425] Set property value, propertyId=2026, value={intValue: 3000, floatValue: 4.2039e-42}
[05/19 14:32:38.494050][debug][34448][PropertyAccessor.cpp:17] set property value success! propertyId: 2026, value: {intValue: 3000, floatValue: 4.2039e-42}
[05/19 14:32:38.502198][debug][34448][PropertyAccessor.cpp:17] set property value success! propertyId: 2027, value: {intValue: 1000, floatValue: 1.4013e-42}
[05/19 14:32:38.503584][debug][34448][HostProtocol.cpp:461] get property value success! propertyId=154, cur={intValue: 1223959552, floatValue: 500000}, max={intValue: 1236736768, floatValue: 1.5e+06}, min={intValue: 1203982336, floatValue: 100000},def={intValue: 1229148160, floatValue: 800000},step={intValue: 1169915904, floatValue: 6000}
[05/19 14:32:38.503644][debug][34448][PropertyAccessor.cpp:34] get property value range success! propertyId: 154, range: {max: {intValue: 1236736768, floatValue: 1.5e+06}, min: {intValue: 1203982336, floatValue: 100000}, step: {intValue: 1169915904, floatValue: 6000}, def: {intValue: 1229148160, floatValue: 800000}}
[05/19 14:32:38.503688][debug][34448][HostProtocol.cpp:425] Set property value, propertyId=154, value={intValue: 1223959552, floatValue: 500000}
[05/19 14:32:38.505313][debug][34448][PropertyAccessor.cpp:17] set property value success! propertyId: 154, value: {intValue: 1223959552, floatValue: 500000}
[05/19 14:32:38.506033][debug][34448][HostProtocol.cpp:461] get property value success! propertyId=155, cur={intValue: 1223959552, floatValue: 500000}, max={intValue: 1236736768, floatValue: 1.5e+06}, min={intValue: 1203982336, floatValue: 100000},def={intValue: 1229148160, floatValue: 800000},step={intValue: 1169915904, floatValue: 6000}
[05/19 14:32:38.506070][debug][34448][PropertyAccessor.cpp:34] get property value range success! propertyId: 155, range: {max: {intValue: 1236736768, floatValue: 1.5e+06}, min: {intValue: 1203982336, floatValue: 100000}, step: {intValue: 1169915904, floatValue: 6000}, def: {intValue: 1229148160, floatValue: 800000}}
[05/19 14:32:38.506091][debug][34448][HostProtocol.cpp:425] Set property value, propertyId=155, value={intValue: 1223959552, floatValue: 500000}
[05/19 14:32:38.507815][debug][34448][PropertyAccessor.cpp:17] set property value success! propertyId: 155, value: {intValue: 1223959552, floatValue: 500000}
[05/19 14:32:38.508499][debug][34448][HostProtocol.cpp:461] get property value success! propertyId=2026, cur={intValue: 3000, floatValue: 4.2039e-42}, max={intValue: 3000, floatValue: 4.2039e-42}, min={intValue: 100, floatValue: 1.4013e-43},def={intValue: 3000, floatValue: 4.2039e-42},step={intValue: 1, floatValue: 1.4013e-45}
[05/19 14:32:38.508526][debug][34448][PropertyAccessor.cpp:28] get property value success! propertyId: 2026, value: {intValue: 3000, floatValue: 4.2039e-42}
[05/19 14:32:38.509715][debug][34448][PropertyAccessor.cpp:28] get property value success! propertyId: 2027, value: {intValue: 1000, floatValue: 1.4013e-42}
[05/19 14:32:38.510351][debug][34448][HostProtocol.cpp:461] get property value success! propertyId=5, cur={intValue: 1195593728, floatValue: 50000}, max={intValue: 1205262336, floatValue: 110000}, min={intValue: 1188229120, floatValue: 27000},def={intValue: 1195593728, floatValue: 50000},step={intValue: 1169915904, floatValue: 6000}
[05/19 14:32:38.510361][debug][34448][PropertyAccessor.cpp:28] get property value success! propertyId: 5, value: {intValue: 1195593728, floatValue: 50000}
[05/19 14:32:38.511028][debug][34448][HostProtocol.cpp:461] get property value success! propertyId=154, cur={intValue: 1223959552, floatValue: 500000}, max={intValue: 1236736768, floatValue: 1.5e+06}, min={intValue: 1203982336, floatValue: 100000},def={intValue: 1229148160, floatValue: 800000},step={intValue: 1169915904, floatValue: 6000}
[05/19 14:32:38.511040][debug][34448][PropertyAccessor.cpp:28] get property value success! propertyId: 154, value: {intValue: 1223959552, floatValue: 500000}
[05/19 14:32:38.511743][debug][34448][HostProtocol.cpp:461] get property value success! propertyId=155, cur={intValue: 1223959552, floatValue: 500000}, max={intValue: 1236736768, floatValue: 1.5e+06}, min={intValue: 1203982336, floatValue: 100000},def={intValue: 1229148160, floatValue: 800000},step={intValue: 1169915904, floatValue: 6000}
[05/19 14:32:38.511760][debug][34448][PropertyAccessor.cpp:28] get property value success! propertyId: 155, value: {intValue: 1223959552, floatValue: 500000}
[05/19 14:32:38.512444][debug][34448][HostProtocol.cpp:461] get property value success! propertyId=160, cur={intValue: 100, floatValue: 1.4013e-43}, max={intValue: 100, floatValue: 1.4013e-43}, min={intValue: 0, floatValue: 0},def={intValue: 50, floatValue: 7.00649e-44},step={intValue: 1, floatValue: 1.4013e-45}
[05/19 14:32:38.512469][debug][34448][PropertyAccessor.cpp:28] get property value success! propertyId: 160, value: {intValue: 100, floatValue: 1.4013e-43}
[05/19 14:32:38.513145][debug][34448][HostProtocol.cpp:461] get property value success! propertyId=160, cur={intValue: 100, floatValue: 1.4013e-43}, max={intValue: 100, floatValue: 1.4013e-43}, min={intValue: 0, floatValue: 0},def={intValue: 50, floatValue: 7.00649e-44},step={intValue: 1, floatValue: 1.4013e-45}
[05/19 14:32:38.513170][debug][34448][PropertyAccessor.cpp:28] get property value success! propertyId: 160, value: {intValue: 100, floatValue: 1.4013e-43}
[05/19 14:32:38.513773][debug][34448][HostProtocol.cpp:461] get property value success! propertyId=161, cur={intValue: 50, floatValue: 7.00649e-44}, max={intValue: 100, floatValue: 1.4013e-43}, min={intValue: 0, floatValue: 0},def={intValue: 50, floatValue: 7.00649e-44},step={intValue: 1, floatValue: 1.4013e-45}
[05/19 14:32:38.513788][debug][34448][PropertyAccessor.cpp:28] get property value success! propertyId: 161, value: {intValue: 50, floatValue: 7.00649e-44}
[05/19 14:32:38.515287][debug][34448][PropertyAccessor.cpp:28] get property value success! propertyId: 2027, value: {intValue: 1000, floatValue: 1.4013e-42}
[05/19 14:32:38.515796][debug][34448][PropertyAccessor.cpp:28] get property value success! propertyId: 2025, value: {intValue: 0, floatValue: 0}
[05/19 14:32:38.515840][debug][6776][HostProtocol.cpp:425] Set property value, propertyId=164, value={intValue: 5, floatValue: 7.00649e-45}
[05/19 14:32:38.516573][debug][6776][PropertyAccessor.cpp:17] set property value success! propertyId: 164, value: {intValue: 5, floatValue: 7.00649e-45}
[05/19 14:32:38.711550][debug][27820][HostProtocol.cpp:425] Set property value, propertyId=152, value={intValue: 1, floatValue: 1.4013e-45}
[05/19 14:32:38.713501][debug][27820][PropertyAccessor.cpp:17] set property value success! propertyId: 152, value: {intValue: 1, floatValue: 1.4013e-45}
[05/19 14:32:38.713535][debug][27820][HostProtocol.cpp:425] Set property value, propertyId=153, value={intValue: 1, floatValue: 1.4013e-45}
[05/19 14:32:38.715414][debug][27820][PropertyAccessor.cpp:17] set property value success! propertyId: 153, value: {intValue: 1, floatValue: 1.4013e-45}
[05/19 14:32:39.095382][debug][27820][HostProtocol.cpp:425] Set property value, propertyId=161, value={intValue: 50, floatValue: 7.00649e-44}
[05/19 14:32:39.096094][debug][27820][PropertyAccessor.cpp:17] set property value success! propertyId: 161, value: {intValue: 50, floatValue: 7.00649e-44}
[05/19 14:32:39.140804][debug][30660][PropertyAccessor.cpp:17] set property value success! propertyId: 2003, value: {intValue: 0, floatValue: 0}
[05/19 14:32:39.222101][debug][6776][HostProtocol.cpp:425] Set property value, propertyId=164, value={intValue: 4, floatValue: 5.60519e-45}
[05/19 14:32:39.222634][debug][6776][PropertyAccessor.cpp:17] set property value success! propertyId: 164, value: {intValue: 4, floatValue: 5.60519e-45}
[05/19 14:32:39.296686][debug][27820][HostProtocol.cpp:425] Set property value, propertyId=2026, value={intValue: 2560, floatValue: 3.58732e-42}
[05/19 14:32:39.306353][debug][27820][PropertyAccessor.cpp:17] set property value success! propertyId: 2026, value: {intValue: 2560, floatValue: 3.58732e-42}
[05/19 14:32:39.516530][debug][27820][HostProtocol.cpp:461] get property value success! propertyId=154, cur={intValue: 1223959552, floatValue: 500000}, max={intValue: 1236736768, floatValue: 1.5e+06}, min={intValue: 1203982336, floatValue: 100000},def={intValue: 1229148160, floatValue: 800000},step={intValue: 1169915904, floatValue: 6000}
[05/19 14:32:39.516570][debug][27820][PropertyAccessor.cpp:34] get property value range success! propertyId: 154, range: {max: {intValue: 1236736768, floatValue: 1.5e+06}, min: {intValue: 1203982336, floatValue: 100000}, step: {intValue: 1169915904, floatValue: 6000}, def: {intValue: 1229148160, floatValue: 800000}}
[05/19 14:32:39.516581][debug][27820][HostProtocol.cpp:425] Set property value, propertyId=154, value={intValue: 1220407552, floatValue: 389000}
[05/19 14:32:39.518241][debug][27820][PropertyAccessor.cpp:17] set property value success! propertyId: 154, value: {intValue: 1220407552, floatValue: 389000}
[05/19 14:32:39.537020][debug][27820][HostProtocol.cpp:461] get property value success! propertyId=155, cur={intValue: 1223959552, floatValue: 500000}, max={intValue: 1236736768, floatValue: 1.5e+06}, min={intValue: 1203982336, floatValue: 100000},def={intValue: 1229148160, floatValue: 800000},step={intValue: 1169915904, floatValue: 6000}
[05/19 14:32:39.537070][debug][27820][PropertyAccessor.cpp:34] get property value range success! propertyId: 155, range: {max: {intValue: 1236736768, floatValue: 1.5e+06}, min: {intValue: 1203982336, floatValue: 100000}, step: {intValue: 1169915904, floatValue: 6000}, def: {intValue: 1229148160, floatValue: 800000}}
[05/19 14:32:39.537083][debug][27820][HostProtocol.cpp:425] Set property value, propertyId=155, value={intValue: 1220407552, floatValue: 389000}
[05/19 14:32:39.538928][debug][27820][PropertyAccessor.cpp:17] set property value success! propertyId: 155, value: {intValue: 1220407552, floatValue: 389000}
[05/19 14:32:39.717976][debug][27820][HostProtocol.cpp:425] Set property value, propertyId=2026, value={intValue: 2120, floatValue: 2.97075e-42}
[05/19 14:32:39.727615][debug][27820][PropertyAccessor.cpp:17] set property value success! propertyId: 2026, value: {intValue: 2120, floatValue: 2.97075e-42}
[05/19 14:32:39.936150][debug][27820][HostProtocol.cpp:461] get property value success! propertyId=154, cur={intValue: 1220407552, floatValue: 389000}, max={intValue: 1236736768, floatValue: 1.5e+06}, min={intValue: 1203982336, floatValue: 100000},def={intValue: 1229148160, floatValue: 800000},step={intValue: 1169915904, floatValue: 6000}
[05/19 14:32:39.936184][debug][27820][PropertyAccessor.cpp:34] get property value range success! propertyId: 154, range: {max: {intValue: 1236736768, floatValue: 1.5e+06}, min: {intValue: 1203982336, floatValue: 100000}, step: {intValue: 1169915904, floatValue: 6000}, def: {intValue: 1229148160, floatValue: 800000}}
[05/19 14:32:39.936206][debug][27820][HostProtocol.cpp:425] Set property value, propertyId=154, value={intValue: 1217921152, floatValue: 311300}
[05/19 14:32:39.938008][debug][27820][PropertyAccessor.cpp:17] set property value success! propertyId: 154, value: {intValue: 1217921152, floatValue: 311300}
[05/19 14:32:39.956500][debug][27820][HostProtocol.cpp:461] get property value success! propertyId=155, cur={intValue: 1220407552, floatValue: 389000}, max={intValue: 1236736768, floatValue: 1.5e+06}, min={intValue: 1203982336, floatValue: 100000},def={intValue: 1229148160, floatValue: 800000},step={intValue: 1169915904, floatValue: 6000}
[05/19 14:32:39.956529][debug][27820][PropertyAccessor.cpp:34] get property value range success! propertyId: 155, range: {max: {intValue: 1236736768, floatValue: 1.5e+06}, min: {intValue: 1203982336, floatValue: 100000}, step: {intValue: 1169915904, floatValue: 6000}, def: {intValue: 1229148160, floatValue: 800000}}
[05/19 14:32:39.956541][debug][27820][HostProtocol.cpp:425] Set property value, propertyId=155, value={intValue: 1217921152, floatValue: 311300}
[05/19 14:32:39.958252][debug][27820][PropertyAccessor.cpp:17] set property value success! propertyId: 155, value: {intValue: 1217921152, floatValue: 311300}
[05/19 14:32:40.136874][debug][27820][HostProtocol.cpp:425] Set property value, propertyId=2026, value={intValue: 2010, floatValue: 2.81661e-42}
[05/19 14:32:40.146917][debug][27820][PropertyAccessor.cpp:17] set property value success! propertyId: 2026, value: {intValue: 2010, floatValue: 2.81661e-42}
[05/19 14:32:40.200190][debug][6776][HostProtocol.cpp:425] Set property value, propertyId=164, value={intValue: 3, floatValue: 4.2039e-45}
[05/19 14:32:40.201108][debug][6776][PropertyAccessor.cpp:17] set property value success! propertyId: 164, value: {intValue: 3, floatValue: 4.2039e-45}
[05/19 14:32:40.557206][debug][27820][HostProtocol.cpp:425] Set property value, propertyId=2026, value={intValue: 1900, floatValue: 2.66247e-42}
[05/19 14:32:40.580964][debug][27820][PropertyAccessor.cpp:17] set property value success! propertyId: 2026, value: {intValue: 1900, floatValue: 2.66247e-42}
[05/19 14:32:40.997691][debug][27820][HostProtocol.cpp:425] Set property value, propertyId=2026, value={intValue: 1790, floatValue: 2.50832e-42}
[05/19 14:32:41.007460][debug][27820][PropertyAccessor.cpp:17] set property value success! propertyId: 2026, value: {intValue: 1790, floatValue: 2.50832e-42}
[05/19 14:32:41.203370][debug][16672][Pipeline.cpp:267] Frame received on pipeline! type=OB_FRAME_IR_LEFT [**139 logs in 3014ms**]
[05/19 14:32:41.203761][debug][34724][Pipeline.cpp:267] Frame received on pipeline! type=OB_FRAME_IR_RIGHT [**141 logs in 3014ms**]
[05/19 14:32:41.402893][warning][3724][Pipeline.cpp:289] Pipeline source frameset queue fulled, drop the oldest frame! [**2 logs in 3019ms, last: 14:32:38.423394**]
[05/19 14:32:41.416003][debug][27820][HostProtocol.cpp:425] Set property value, propertyId=2026, value={intValue: 1680, floatValue: 2.35418e-42}
[05/19 14:32:41.425524][debug][27820][PropertyAccessor.cpp:17] set property value success! propertyId: 2026, value: {intValue: 1680, floatValue: 2.35418e-42}
[05/19 14:32:41.837822][debug][27820][HostProtocol.cpp:425] Set property value, propertyId=2026, value={intValue: 1570, floatValue: 2.20004e-42}
[05/19 14:32:41.847586][debug][27820][PropertyAccessor.cpp:17] set property value success! propertyId: 2026, value: {intValue: 1570, floatValue: 2.20004e-42}
[05/19 14:32:42.257119][debug][27820][HostProtocol.cpp:425] Set property value, propertyId=2026, value={intValue: 1670, floatValue: 2.34017e-42}
[05/19 14:32:42.266532][debug][27820][PropertyAccessor.cpp:17] set property value success! propertyId: 2026, value: {intValue: 1670, floatValue: 2.34017e-42}
[05/19 14:32:42.366098][debug][6776][HostProtocol.cpp:425] Set property value, propertyId=183, value={intValue: 1, floatValue: 1.4013e-45}
[05/19 14:32:42.366966][debug][6776][PropertyAccessor.cpp:17] set property value success! propertyId: 183, value: {intValue: 1, floatValue: 1.4013e-45}
[05/19 14:32:42.380040][debug][6776][HostProtocol.cpp:425] Set property value, propertyId=183, value={intValue: 0, floatValue: 0}
[05/19 14:32:42.381013][debug][6776][PropertyAccessor.cpp:17] set property value success! propertyId: 183, value: {intValue: 0, floatValue: 0}
[05/19 14:32:42.678094][debug][27820][HostProtocol.cpp:425] Set property value, propertyId=2026, value={intValue: 1560, floatValue: 2.18603e-42}
[05/19 14:32:42.687781][debug][27820][PropertyAccessor.cpp:17] set property value success! propertyId: 2026, value: {intValue: 1560, floatValue: 2.18603e-42}
[05/19 14:32:43.096627][debug][27820][HostProtocol.cpp:425] Set property value, propertyId=2026, value={intValue: 1660, floatValue: 2.32616e-42}
[05/19 14:32:43.099599][debug][22216][AccelSensor.cpp:213] Accel Sensor Streaming... frameRate=199.520676fps
[05/19 14:32:43.106440][debug][27820][PropertyAccessor.cpp:17] set property value success! propertyId: 2026, value: {intValue: 1660, floatValue: 2.32616e-42}
[05/19 14:32:43.203067][debug][480][VideoSensor.cpp:414] OB_SENSOR_IR_RIGHT Streaming... frameRate=47.239384fps,bitRate=870.716370Mbps
[05/19 14:32:43.223314][debug][31568][VideoSensor.cpp:414] OB_SENSOR_IR_LEFT Streaming... frameRate=46.654755fps,bitRate=859.940430Mbps
[05/19 14:32:43.224327][debug][16672][Pipeline.cpp:271] Pipeline streaming... frameset output rate=47.070507fps
[05/19 14:32:43.517887][debug][27820][HostProtocol.cpp:425] Set property value, propertyId=2026, value={intValue: 1550, floatValue: 2.17201e-42}
[05/19 14:32:43.527776][debug][27820][PropertyAccessor.cpp:17] set property value success! propertyId: 2026, value: {intValue: 1550, floatValue: 2.17201e-42}
[05/19 14:32:44.358223][debug][27820][HostProtocol.cpp:425] Set property value, propertyId=2026, value={intValue: 1440, floatValue: 2.01787e-42}
[05/19 14:32:44.367945][debug][27820][PropertyAccessor.cpp:17] set property value success! propertyId: 2026, value: {intValue: 1440, floatValue: 2.01787e-42}
[05/19 14:32:45.179768][debug][27820][HostProtocol.cpp:425] Set property value, propertyId=2026, value={intValue: 1540, floatValue: 2.158e-42}
[05/19 14:32:45.189754][debug][27820][PropertyAccessor.cpp:17] set property value success! propertyId: 2026, value: {intValue: 1540, floatValue: 2.158e-42}
[05/19 14:32:45.397506][debug][27820][HostProtocol.cpp:461] get property value success! propertyId=154, cur={intValue: 1217921152, floatValue: 311300}, max={intValue: 1236736768, floatValue: 1.5e+06}, min={intValue: 1203982336, floatValue: 100000},def={intValue: 1229148160, floatValue: 800000},step={intValue: 1169915904, floatValue: 6000}
[05/19 14:32:45.397543][debug][27820][PropertyAccessor.cpp:34] get property value range success! propertyId: 154, range: {max: {intValue: 1236736768, floatValue: 1.5e+06}, min: {intValue: 1203982336, floatValue: 100000}, step: {intValue: 1169915904, floatValue: 6000}, def: {intValue: 1229148160, floatValue: 800000}}
[05/19 14:32:45.397572][debug][27820][HostProtocol.cpp:425] Set property value, propertyId=154, value={intValue: 1216013184, floatValue: 256910}
[05/19 14:32:45.399266][debug][27820][PropertyAccessor.cpp:17] set property value success! propertyId: 154, value: {intValue: 1216013184, floatValue: 256910}
[05/19 14:32:45.416615][debug][27820][HostProtocol.cpp:461] get property value success! propertyId=155, cur={intValue: 1217921152, floatValue: 311300}, max={intValue: 1236736768, floatValue: 1.5e+06}, min={intValue: 1203982336, floatValue: 100000},def={intValue: 1229148160, floatValue: 800000},step={intValue: 1169915904, floatValue: 6000}
[05/19 14:32:45.416659][debug][27820][PropertyAccessor.cpp:34] get property value range success! propertyId: 155, range: {max: {intValue: 1236736768, floatValue: 1.5e+06}, min: {intValue: 1203982336, floatValue: 100000}, step: {intValue: 1169915904, floatValue: 6000}, def: {intValue: 1229148160, floatValue: 800000}}
[05/19 14:32:45.416672][debug][27820][HostProtocol.cpp:425] Set property value, propertyId=155, value={intValue: 1216013184, floatValue: 256910}
[05/19 14:32:45.418388][debug][27820][PropertyAccessor.cpp:17] set property value success! propertyId: 155, value: {intValue: 1216013184, floatValue: 256910}
[05/19 14:32:45.596918][debug][27820][HostProtocol.cpp:425] Set property value, propertyId=2026, value={intValue: 1640, floatValue: 2.29813e-42}
[05/19 14:32:45.620899][debug][27820][PropertyAccessor.cpp:17] set property value success! propertyId: 2026, value: {intValue: 1640, floatValue: 2.29813e-42}
[05/19 14:32:46.222912][debug][6776][HostProtocol.cpp:425] Set property value, propertyId=183, value={intValue: 1, floatValue: 1.4013e-45}
[05/19 14:32:46.223725][debug][6776][PropertyAccessor.cpp:17] set property value success! propertyId: 183, value: {intValue: 1, floatValue: 1.4013e-45}
[05/19 14:32:46.246211][debug][6776][HostProtocol.cpp:425] Set property value, propertyId=183, value={intValue: 0, floatValue: 0}
[05/19 14:32:46.247033][debug][6776][PropertyAccessor.cpp:17] set property value success! propertyId: 183, value: {intValue: 0, floatValue: 0}
[05/19 14:32:46.377602][debug][16524][HostProtocol.cpp:425] Set property value, propertyId=2020, value={intValue: 0, floatValue: 0}
[05/19 14:32:46.379552][debug][16524][FrameProcessingBlock.cpp:74] Process thread stoped! class libobsensor::IMUFrameTransformer@0x23df6562cf0 
[05/19 14:32:46.379572][debug][16524][FrameProcessor.cpp:153] FrameProcessor stoped!
[05/19 14:32:46.379577][debug][16524][HidDevicePort.cpp:93] HidDevicePort::removeWatcher
[05/19 14:32:46.379582][debug][16524][HidDevicePort.cpp:111] HidDevicePort::stopCapture done
[05/19 14:32:46.379589][info][16524][Pipeline.cpp:344] Try to stop pipeline!
[05/19 14:32:46.379596][info][16524][Pipeline.cpp:316] Try to stop streams!
[05/19 14:32:46.379606][debug][16524][VideoSensor.cpp:678] VideoSensor::stop, @OB_SENSOR_IR_RIGHT
[05/19 14:32:46.379615][debug][16524][VideoSensor.cpp:697] Stream state changed to STREAM_STATE_STOPPING. @OB_SENSOR_IR_RIGHT
[05/19 14:32:46.385142][info][16524][MfUvc.cpp:1022] stream flush wait cost time:6ms.
[05/19 14:32:46.386347][debug][16524][VideoSensor.cpp:724] stream stoped! @OB_SENSOR_IR_RIGHT
[05/19 14:32:46.386873][debug][16524][FrameProcessingBlock.cpp:74] Process thread stoped! class libobsensor::FrameMirror@0x23bc12b87c0 
[05/19 14:32:46.386899][debug][16524][FrameProcessor.cpp:153] FrameProcessor stoped!
[05/19 14:32:46.386924][debug][16524][HostProtocol.cpp:425] Set property value, propertyId=38, value={intValue: 1, floatValue: 1.4013e-45}
[05/19 14:32:46.402591][debug][16524][VideoSensor.cpp:732] Stream state changed to STREAM_STATE_STOPED. @OB_SENSOR_IR_RIGHT
[05/19 14:32:46.402621][info][16524][VideoSensor.cpp:734] Video sensor stopped, @OB_SENSOR_IR_RIGHT
[05/19 14:32:46.402628][info][16524][Pipeline.cpp:329] Sensor stream stopped, sensorType=OB_SENSOR_IR_RIGHT
[05/19 14:32:46.402636][debug][16524][VideoSensor.cpp:678] VideoSensor::stop, @OB_SENSOR_IR_LEFT
[05/19 14:32:46.402642][debug][16524][VideoSensor.cpp:697] Stream state changed to STREAM_STATE_STOPPING. @OB_SENSOR_IR_LEFT
[05/19 14:32:46.414556][info][16524][MfUvc.cpp:1022] stream flush wait cost time:12ms.
[05/19 14:32:46.415397][debug][16524][VideoSensor.cpp:724] stream stoped! @OB_SENSOR_IR_LEFT
[05/19 14:32:46.416917][debug][16524][FrameProcessingBlock.cpp:74] Process thread stoped! class libobsensor::FrameMirror@0x23bc12b8fc0 
[05/19 14:32:46.416942][debug][16524][FrameProcessor.cpp:153] FrameProcessor stoped!
[05/19 14:32:46.416968][debug][16524][HostProtocol.cpp:425] Set property value, propertyId=39, value={intValue: 1, floatValue: 1.4013e-45}
[05/19 14:32:46.421705][debug][16524][VideoSensor.cpp:732] Stream state changed to STREAM_STATE_STOPED. @OB_SENSOR_IR_LEFT
[05/19 14:32:46.421735][info][16524][VideoSensor.cpp:734] Video sensor stopped, @OB_SENSOR_IR_LEFT
[05/19 14:32:46.421742][info][16524][Pipeline.cpp:329] Sensor stream stopped, sensorType=OB_SENSOR_IR_LEFT
[05/19 14:32:46.421747][info][16524][Pipeline.cpp:335] Stop streams done!
[05/19 14:32:46.421757][debug][16524][FrameProcessingBlockManager.cpp:84] FrameProcessingBlockManager stoped!
[05/19 14:32:46.421762][debug][16524][FrameProcessingBlockManager.cpp:20] Processing block list cleared!
[05/19 14:32:46.421767][info][16524][Pipeline.cpp:373] Stop pipeline done!
[05/19 14:32:46.421785][debug][16524][Pipeline.cpp:62] Pipeline deInit start!
[05/19 14:32:46.421821][info][16524][Pipeline.cpp:69] Pipeline destroyed! @0x23DF6725CA0
[05/19 14:32:46.421861][debug][16524][HostProtocol.cpp:425] Set property value, propertyId=164, value={intValue: 0, floatValue: 0}
[05/19 14:32:46.422352][debug][16524][PropertyAccessor.cpp:17] set property value success! propertyId: 164, value: {intValue: 0, floatValue: 0}
[05/19 14:32:46.422368][debug][16524][HostProtocol.cpp:425] Set property value, propertyId=183, value={intValue: 0, floatValue: 0}
[05/19 14:32:46.422708][debug][16524][PropertyAccessor.cpp:17] set property value success! propertyId: 183, value: {intValue: 0, floatValue: 0}
[05/19 14:32:46.422721][debug][16524][HostProtocol.cpp:425] Set property value, propertyId=158, value={intValue: 0, floatValue: 0}
[05/19 14:32:46.423110][debug][16524][PropertyAccessor.cpp:17] set property value success! propertyId: 158, value: {intValue: 0, floatValue: 0}
[05/19 14:32:46.423121][debug][16524][HostProtocol.cpp:425] Set property value, propertyId=157, value={intValue: 0, floatValue: 0}
[05/19 14:32:46.423459][debug][16524][PropertyAccessor.cpp:17] set property value success! propertyId: 157, value: {intValue: 0, floatValue: 0}
[05/19 14:32:46.423471][debug][16524][HostProtocol.cpp:425] Set property value, propertyId=157, value={intValue: 0, floatValue: 0}
[05/19 14:32:46.423824][debug][16524][PropertyAccessor.cpp:17] set property value success! propertyId: 157, value: {intValue: 0, floatValue: 0}
[05/19 14:32:46.423837][debug][16524][HostProtocol.cpp:425] Set property value, propertyId=3, value={intValue: 0, floatValue: 0}
[05/19 14:32:46.425507][debug][16524][PropertyAccessor.cpp:17] set property value success! propertyId: 3, value: {intValue: 0, floatValue: 0}
[05/19 14:32:46.425519][debug][16524][HostProtocol.cpp:425] Set property value, propertyId=152, value={intValue: 0, floatValue: 0}
[05/19 14:32:46.427205][debug][16524][PropertyAccessor.cpp:17] set property value success! propertyId: 152, value: {intValue: 0, floatValue: 0}
[05/19 14:32:46.427244][debug][16524][HostProtocol.cpp:425] Set property value, propertyId=153, value={intValue: 0, floatValue: 0}
[05/19 14:32:46.429104][debug][16524][PropertyAccessor.cpp:17] set property value success! propertyId: 153, value: {intValue: 0, floatValue: 0}
[05/19 14:32:46.552464][debug][31280][PropertyAccessor.cpp:71] get cmd version success! propertyId: 1056, version: 0
[05/19 14:32:46.553109][debug][31280][PropertyAccessor.cpp:79] get struct data success! propertyId: 1056
[05/19 14:32:47.223876][debug][34116][Pipeline.cpp:267] Frame received on pipeline! type=OB_FRAME_IR_RIGHT [**250 logs in 6020ms, last: 14:32:46.364938**]
[05/19 14:32:47.224864][debug][29256][Pipeline.cpp:267] Frame received on pipeline! type=OB_FRAME_IR_LEFT [**250 logs in 6021ms, last: 14:32:46.385406**]
[05/19 14:32:47.348289][error][30836][GVCPClient.cpp:355] sendto failed with error:10038 [**18 logs in 12021ms, last: 14:32:45.384186**]
[05/19 14:32:56.586180][debug][31280][PropertyAccessor.cpp:71] get cmd version success! propertyId: 1056, version: 0
[05/19 14:32:56.587246][debug][31280][PropertyAccessor.cpp:79] get struct data success! propertyId: 1056
[05/19 14:33:06.625332][debug][31280][PropertyAccessor.cpp:71] get cmd version success! propertyId: 1056, version: 0
[05/19 14:33:06.626084][debug][31280][PropertyAccessor.cpp:79] get struct data success! propertyId: 1056
[05/19 14:33:11.392465][error][28092][GVCPClient.cpp:355] sendto failed with error:10038 [**36 logs in 24044ms, last: 14:33:09.460375**]
[05/19 14:33:16.658444][debug][31280][PropertyAccessor.cpp:71] get cmd version success! propertyId: 1056, version: 0
[05/19 14:33:16.659596][debug][31280][PropertyAccessor.cpp:79] get struct data success! propertyId: 1056
[05/19 14:33:26.694039][debug][31280][PropertyAccessor.cpp:71] get cmd version success! propertyId: 1056, version: 0
[05/19 14:33:26.695144][debug][31280][PropertyAccessor.cpp:79] get struct data success! propertyId: 1056
[05/19 14:33:36.738315][debug][31280][PropertyAccessor.cpp:71] get cmd version success! propertyId: 1056, version: 0
[05/19 14:33:36.739438][debug][31280][PropertyAccessor.cpp:79] get struct data success! propertyId: 1056
[05/19 14:33:37.741010][debug][32360][HostProtocol.cpp:425] Set property value, propertyId=2020, value={intValue: 0, floatValue: 0}
[05/19 14:33:37.742706][debug][32360][HidDevicePort.cpp:93] HidDevicePort::removeWatcher
[05/19 14:33:37.742726][debug][32360][HidDevicePort.cpp:111] HidDevicePort::stopCapture done
[05/19 14:33:37.742743][debug][32360][HostProtocol.cpp:425] Set property value, propertyId=2019, value={intValue: 0, floatValue: 0}
[05/19 14:33:37.744357][debug][32360][HidDevicePort.cpp:93] HidDevicePort::removeWatcher
[05/19 14:33:37.744372][debug][32360][HidDevicePort.cpp:111] HidDevicePort::stopCapture done
[05/19 14:33:37.745517][debug][31280][PropertyAccessor.cpp:71] get cmd version success! propertyId: 1056, version: 0
[05/19 14:33:37.746132][debug][31280][PropertyAccessor.cpp:79] get struct data success! propertyId: 1056
[05/19 14:33:37.746180][info][32360][ScannerAbstractDevice.cpp:806] switchDepthWorkMode done! same mode. currentDepthMode: {name: Laser Lines Scan, checksum(hex): 551cc6b785df988e243c449d3d38086c, optionCode: 46(0x2e000000)}, targetDepthMode:{name: Laser Lines Scan, checksum(hex): 551cc6b785df988e243c449d3d38086c, optionCode: 46(0x2e000000)}
[05/19 14:33:37.747068][debug][32360][PropertyAccessor.cpp:86] set struct data success! propertyId: 1043
[05/19 14:33:37.747088][debug][32360][HostProtocol.cpp:425] Set property value, propertyId=85, value={intValue: 0, floatValue: 0}
[05/19 14:33:37.747436][debug][32360][PropertyAccessor.cpp:17] set property value success! propertyId: 85, value: {intValue: 0, floatValue: 0}
[05/19 14:33:37.747448][debug][32360][FrameProcessor.cpp:198] setPropertyValue id=3004, value={intValue: 0, floatValue: 0}
[05/19 14:33:37.747457][debug][32360][PropertyAccessor.cpp:17] set property value success! propertyId: 3004, value: {intValue: 0, floatValue: 0}
[05/19 14:33:37.747474][info][32360][PioneerDevice.cpp:1246] switchDepthWorkMode done! oldDepthMode: {name: , checksum(hex): 000000040000000000000060bcb4fe3d, optionCode: MX6600_CALIBRATION_WORK_MODE}, newDepthMode: {name: Laser Lines Scan, checksum(hex): 551cc6b785df988e243c449d3d38086c, optionCode: 46(0x2e000000)}
[05/19 14:33:37.747487][debug][32360][Pipeline.cpp:27] Pipeline init ...
[05/19 14:33:37.747499][debug][32360][Pipeline.cpp:162] loadFrameQueueSizeConfig() config queue size: 10
[05/19 14:33:37.747507][info][32360][Pipeline.cpp:42] Pipeline created with device: {name: Creality Raptor Pro, sn: CR0915D002Y}, @0x23DFE767D80
[05/19 14:33:37.747536][debug][32360][Gemini2ProfileRestrictor.cpp:71] uvcProfileList size: 36, output profile size: 5
[05/19 14:33:37.747544][debug][32360][VideoSensor.cpp:364] Query stream profile! restrict profile list success. size = 36, valid size = 10
[05/19 14:33:37.747554][debug][32360][VideoSensor.cpp:381] Query stream profile! size= 20, SensorType=OB_SENSOR_COLOR
[05/19 14:33:37.747561][debug][32360][VideoSensor.cpp:383]  - {type: OB_STREAM_COLOR, format: OB_FORMAT_RGB888, width: 1280, height: 800, fps: 10}
[05/19 14:33:37.747567][debug][32360][VideoSensor.cpp:383]  - {type: OB_STREAM_COLOR, format: OB_FORMAT_MJPG, width: 1280, height: 800, fps: 30}
[05/19 14:33:37.747572][debug][32360][VideoSensor.cpp:383]  - {type: OB_STREAM_COLOR, format: OB_FORMAT_MJPG, width: 1280, height: 800, fps: 20}
[05/19 14:33:37.747577][debug][32360][VideoSensor.cpp:383]  - {type: OB_STREAM_COLOR, format: OB_FORMAT_MJPG, width: 1280, height: 800, fps: 15}
[05/19 14:33:37.747582][debug][32360][VideoSensor.cpp:383]  - {type: OB_STREAM_COLOR, format: OB_FORMAT_MJPG, width: 1280, height: 800, fps: 10}
[05/19 14:33:37.747587][debug][32360][VideoSensor.cpp:383]  - {type: OB_STREAM_COLOR, format: OB_FORMAT_MJPG, width: 1280, height: 800, fps: 5}
[05/19 14:33:37.747592][debug][32360][VideoSensor.cpp:383]  - {type: OB_STREAM_COLOR, format: OB_FORMAT_RGB888, width: 1280, height: 800, fps: 30}
[05/19 14:33:37.747598][debug][32360][VideoSensor.cpp:383]  - {type: OB_STREAM_COLOR, format: OB_FORMAT_RGB888, width: 1280, height: 800, fps: 20}
[05/19 14:33:37.747603][debug][32360][VideoSensor.cpp:383]  - {type: OB_STREAM_COLOR, format: OB_FORMAT_RGB888, width: 1280, height: 800, fps: 15}
[05/19 14:33:37.747608][debug][32360][VideoSensor.cpp:383]  - {type: OB_STREAM_COLOR, format: OB_FORMAT_RGB888, width: 1280, height: 800, fps: 5}
[05/19 14:33:37.747614][debug][32360][VideoSensor.cpp:383]  - {type: OB_STREAM_COLOR, format: OB_FORMAT_RGB888, width: 1280, height: 800, fps: 30}
[05/19 14:33:37.747619][debug][32360][VideoSensor.cpp:383]  - {type: OB_STREAM_COLOR, format: OB_FORMAT_RGB888, width: 1280, height: 800, fps: 20}
[05/19 14:33:37.747624][debug][32360][VideoSensor.cpp:383]  - {type: OB_STREAM_COLOR, format: OB_FORMAT_RGB888, width: 1280, height: 800, fps: 15}
[05/19 14:33:37.747630][debug][32360][VideoSensor.cpp:383]  - {type: OB_STREAM_COLOR, format: OB_FORMAT_RGB888, width: 1280, height: 800, fps: 10}
[05/19 14:33:37.747635][debug][32360][VideoSensor.cpp:383]  - {type: OB_STREAM_COLOR, format: OB_FORMAT_RGB888, width: 1280, height: 800, fps: 5}
[05/19 14:33:37.747640][debug][32360][VideoSensor.cpp:383]  - {type: OB_STREAM_COLOR, format: OB_FORMAT_BGRA, width: 1280, height: 800, fps: 30}
[05/19 14:33:37.747646][debug][32360][VideoSensor.cpp:383]  - {type: OB_STREAM_COLOR, format: OB_FORMAT_BGRA, width: 1280, height: 800, fps: 20}
[05/19 14:33:37.747651][debug][32360][VideoSensor.cpp:383]  - {type: OB_STREAM_COLOR, format: OB_FORMAT_BGRA, width: 1280, height: 800, fps: 15}
[05/19 14:33:37.747657][debug][32360][VideoSensor.cpp:383]  - {type: OB_STREAM_COLOR, format: OB_FORMAT_BGRA, width: 1280, height: 800, fps: 10}
[05/19 14:33:37.747662][debug][32360][VideoSensor.cpp:383]  - {type: OB_STREAM_COLOR, format: OB_FORMAT_BGRA, width: 1280, height: 800, fps: 5}
[05/19 14:33:37.747671][warning][32360][ObException.cpp:5] No required type sensor found! Calibrate depth work mode, sensorType: OB_SENSOR_DEPTH
[05/19 14:33:37.747726][warning][32360][ObException.cpp:5] No required type sensor found! Calibrate depth work mode, sensorType: OB_SENSOR_IR
[05/19 14:33:37.747789][debug][32360][Gemini2ProfileRestrictor.cpp:71] uvcProfileList size: 74, output profile size: 23
[05/19 14:33:37.747796][debug][32360][VideoSensor.cpp:364] Query stream profile! restrict profile list success. size = 74, valid size = 23
[05/19 14:33:37.747802][debug][32360][VideoSensor.cpp:381] Query stream profile! size= 23, SensorType=OB_SENSOR_IR_LEFT
[05/19 14:33:37.747808][debug][32360][VideoSensor.cpp:383]  - {type: OB_STREAM_IR_LEFT, format: OB_FORMAT_Y8, width: 1920, height: 1200, fps: 50}
[05/19 14:33:37.747814][debug][32360][VideoSensor.cpp:383]  - {type: OB_STREAM_IR_LEFT, format: OB_FORMAT_Y8, width: 1520, height: 1200, fps: 30}
[05/19 14:33:37.747819][debug][32360][VideoSensor.cpp:383]  - {type: OB_STREAM_IR_LEFT, format: OB_FORMAT_Y8, width: 1520, height: 1200, fps: 60}
[05/19 14:33:37.747824][debug][32360][VideoSensor.cpp:383]  - {type: OB_STREAM_IR_LEFT, format: OB_FORMAT_Y8, width: 1520, height: 1200, fps: 50}
[05/19 14:33:37.747829][debug][32360][VideoSensor.cpp:383]  - {type: OB_STREAM_IR_LEFT, format: OB_FORMAT_Y8, width: 1520, height: 1200, fps: 40}
[05/19 14:33:37.747835][debug][32360][VideoSensor.cpp:383]  - {type: OB_STREAM_IR_LEFT, format: OB_FORMAT_Y8, width: 1520, height: 1200, fps: 20}
[05/19 14:33:37.747840][debug][32360][VideoSensor.cpp:383]  - {type: OB_STREAM_IR_LEFT, format: OB_FORMAT_Y8, width: 1920, height: 1200, fps: 30}
[05/19 14:33:37.747845][debug][32360][VideoSensor.cpp:383]  - {type: OB_STREAM_IR_LEFT, format: OB_FORMAT_Y8, width: 1920, height: 1200, fps: 40}
[05/19 14:33:37.747850][debug][32360][VideoSensor.cpp:383]  - {type: OB_STREAM_IR_LEFT, format: OB_FORMAT_Y8, width: 1920, height: 1200, fps: 25}
[05/19 14:33:37.747856][debug][32360][VideoSensor.cpp:383]  - {type: OB_STREAM_IR_LEFT, format: OB_FORMAT_Y8, width: 1920, height: 1200, fps: 20}
[05/19 14:33:37.747861][debug][32360][VideoSensor.cpp:383]  - {type: OB_STREAM_IR_LEFT, format: OB_FORMAT_Y8, width: 1920, height: 1200, fps: 15}
[05/19 14:33:37.747866][debug][32360][VideoSensor.cpp:383]  - {type: OB_STREAM_IR_LEFT, format: OB_FORMAT_Y8, width: 1920, height: 1200, fps: 10}
[05/19 14:33:37.747872][debug][32360][VideoSensor.cpp:383]  - {type: OB_STREAM_IR_LEFT, format: OB_FORMAT_Y8, width: 1920, height: 1200, fps: 5}
[05/19 14:33:37.747877][debug][32360][VideoSensor.cpp:383]  - {type: OB_STREAM_IR_LEFT, format: OB_FORMAT_MJPG, width: 1520, height: 1200, fps: 30}
[05/19 14:33:37.747882][debug][32360][VideoSensor.cpp:383]  - {type: OB_STREAM_IR_LEFT, format: OB_FORMAT_MJPG, width: 1520, height: 1200, fps: 60}
[05/19 14:33:37.747887][debug][32360][VideoSensor.cpp:383]  - {type: OB_STREAM_IR_LEFT, format: OB_FORMAT_MJPG, width: 1520, height: 1200, fps: 50}
[05/19 14:33:37.747893][debug][32360][VideoSensor.cpp:383]  - {type: OB_STREAM_IR_LEFT, format: OB_FORMAT_MJPG, width: 1520, height: 1200, fps: 40}
[05/19 14:33:37.747898][debug][32360][VideoSensor.cpp:383]  - {type: OB_STREAM_IR_LEFT, format: OB_FORMAT_MJPG, width: 1520, height: 1200, fps: 20}
[05/19 14:33:37.747903][debug][32360][VideoSensor.cpp:383]  - {type: OB_STREAM_IR_LEFT, format: OB_FORMAT_MJPG, width: 1920, height: 1200, fps: 30}
[05/19 14:33:37.747908][debug][32360][VideoSensor.cpp:383]  - {type: OB_STREAM_IR_LEFT, format: OB_FORMAT_MJPG, width: 1920, height: 1200, fps: 50}
[05/19 14:33:37.747914][debug][32360][VideoSensor.cpp:383]  - {type: OB_STREAM_IR_LEFT, format: OB_FORMAT_MJPG, width: 1920, height: 1200, fps: 40}
[05/19 14:33:37.747919][debug][32360][VideoSensor.cpp:383]  - {type: OB_STREAM_IR_LEFT, format: OB_FORMAT_MJPG, width: 1920, height: 1200, fps: 20}
[05/19 14:33:37.747924][debug][32360][VideoSensor.cpp:383]  - {type: OB_STREAM_IR_LEFT, format: OB_FORMAT_MJPG, width: 1920, height: 1200, fps: 15}
[05/19 14:33:37.747998][debug][32360][Gemini2ProfileRestrictor.cpp:71] uvcProfileList size: 119, output profile size: 13
[05/19 14:33:37.748007][debug][32360][VideoSensor.cpp:364] Query stream profile! restrict profile list success. size = 119, valid size = 13
[05/19 14:33:37.748012][debug][32360][VideoSensor.cpp:381] Query stream profile! size= 13, SensorType=OB_SENSOR_IR_RIGHT
[05/19 14:33:37.748018][debug][32360][VideoSensor.cpp:383]  - {type: OB_STREAM_IR_RIGHT, format: OB_FORMAT_Y8, width: 1920, height: 1200, fps: 50}
[05/19 14:33:37.748023][debug][32360][VideoSensor.cpp:383]  - {type: OB_STREAM_IR_RIGHT, format: OB_FORMAT_Y8, width: 1520, height: 1200, fps: 30}
[05/19 14:33:37.748028][debug][32360][VideoSensor.cpp:383]  - {type: OB_STREAM_IR_RIGHT, format: OB_FORMAT_Y8, width: 1520, height: 1200, fps: 60}
[05/19 14:33:37.748033][debug][32360][VideoSensor.cpp:383]  - {type: OB_STREAM_IR_RIGHT, format: OB_FORMAT_Y8, width: 1520, height: 1200, fps: 50}
[05/19 14:33:37.748039][debug][32360][VideoSensor.cpp:383]  - {type: OB_STREAM_IR_RIGHT, format: OB_FORMAT_Y8, width: 1520, height: 1200, fps: 40}
[05/19 14:33:37.748044][debug][32360][VideoSensor.cpp:383]  - {type: OB_STREAM_IR_RIGHT, format: OB_FORMAT_Y8, width: 1520, height: 1200, fps: 20}
[05/19 14:33:37.748049][debug][32360][VideoSensor.cpp:383]  - {type: OB_STREAM_IR_RIGHT, format: OB_FORMAT_Y8, width: 1920, height: 1200, fps: 30}
[05/19 14:33:37.748055][debug][32360][VideoSensor.cpp:383]  - {type: OB_STREAM_IR_RIGHT, format: OB_FORMAT_Y8, width: 1920, height: 1200, fps: 40}
[05/19 14:33:37.748060][debug][32360][VideoSensor.cpp:383]  - {type: OB_STREAM_IR_RIGHT, format: OB_FORMAT_Y8, width: 1920, height: 1200, fps: 25}
[05/19 14:33:37.748065][debug][32360][VideoSensor.cpp:383]  - {type: OB_STREAM_IR_RIGHT, format: OB_FORMAT_Y8, width: 1920, height: 1200, fps: 20}
[05/19 14:33:37.748070][debug][32360][VideoSensor.cpp:383]  - {type: OB_STREAM_IR_RIGHT, format: OB_FORMAT_Y8, width: 1920, height: 1200, fps: 15}
[05/19 14:33:37.748075][debug][32360][VideoSensor.cpp:383]  - {type: OB_STREAM_IR_RIGHT, format: OB_FORMAT_Y8, width: 1920, height: 1200, fps: 10}
[05/19 14:33:37.748081][debug][32360][VideoSensor.cpp:383]  - {type: OB_STREAM_IR_RIGHT, format: OB_FORMAT_Y8, width: 1920, height: 1200, fps: 5}
[05/19 14:33:37.748124][debug][32360][HostProtocol.cpp:425] Set property value, propertyId=85, value={intValue: 0, floatValue: 0}
[05/19 14:33:37.748622][debug][32360][PropertyAccessor.cpp:17] set property value success! propertyId: 85, value: {intValue: 0, floatValue: 0}
[05/19 14:33:37.748635][debug][32360][FrameProcessor.cpp:198] setPropertyValue id=3004, value={intValue: 0, floatValue: 0}
[05/19 14:33:37.748642][debug][32360][PropertyAccessor.cpp:17] set property value success! propertyId: 3004, value: {intValue: 0, floatValue: 0}
[05/19 14:33:37.748649][debug][32360][FrameProcessor.cpp:198] setPropertyValue id=24, value={intValue: 0, floatValue: 0}
[05/19 14:33:37.748655][debug][32360][PropertyAccessor.cpp:17] set property value success! propertyId: 24, value: {intValue: 0, floatValue: 0}
[05/19 14:33:37.748871][debug][32360][PropertyAccessor.cpp:17] set property value success! propertyId: 2003, value: {intValue: 1, floatValue: 1.4013e-45}
[05/19 14:33:37.748883][debug][32360][FrameProcessor.cpp:198] setPropertyValue id=18, value={intValue: 0, floatValue: 0}
[05/19 14:33:37.748890][debug][32360][PropertyAccessor.cpp:17] set property value success! propertyId: 18, value: {intValue: 0, floatValue: 0}
[05/19 14:33:37.748897][debug][32360][FrameProcessor.cpp:198] setPropertyValue id=112, value={intValue: 0, floatValue: 0}
[05/19 14:33:37.748903][debug][32360][PropertyAccessor.cpp:17] set property value success! propertyId: 112, value: {intValue: 0, floatValue: 0}
[05/19 14:33:37.748910][debug][32360][HostProtocol.cpp:425] Set property value, propertyId=81, value={intValue: 0, floatValue: 0}
[05/19 14:33:37.750301][debug][32360][PropertyAccessor.cpp:17] set property value success! propertyId: 81, value: {intValue: 0, floatValue: 0}
[05/19 14:33:37.750786][debug][32360][HostProtocol.cpp:461] get property value success! propertyId=154, cur={intValue: 1216013184, floatValue: 256910}, max={intValue: 1236736768, floatValue: 1.5e+06}, min={intValue: 1203982336, floatValue: 100000},def={intValue: 1229148160, floatValue: 800000},step={intValue: 1169915904, floatValue: 6000}
[05/19 14:33:37.750812][debug][32360][PropertyAccessor.cpp:34] get property value range success! propertyId: 154, range: {max: {intValue: 1236736768, floatValue: 1.5e+06}, min: {intValue: 1203982336, floatValue: 100000}, step: {intValue: 1169915904, floatValue: 6000}, def: {intValue: 1229148160, floatValue: 800000}}
[05/19 14:33:37.750837][debug][32360][HostProtocol.cpp:425] Set property value, propertyId=154, value={intValue: 1223959552, floatValue: 500000}
[05/19 14:33:37.752306][debug][32360][PropertyAccessor.cpp:17] set property value success! propertyId: 154, value: {intValue: 1223959552, floatValue: 500000}
[05/19 14:33:37.752773][debug][32360][HostProtocol.cpp:461] get property value success! propertyId=155, cur={intValue: 1216013184, floatValue: 256910}, max={intValue: 1236736768, floatValue: 1.5e+06}, min={intValue: 1203982336, floatValue: 100000},def={intValue: 1229148160, floatValue: 800000},step={intValue: 1169915904, floatValue: 6000}
[05/19 14:33:37.752786][debug][32360][PropertyAccessor.cpp:34] get property value range success! propertyId: 155, range: {max: {intValue: 1236736768, floatValue: 1.5e+06}, min: {intValue: 1203982336, floatValue: 100000}, step: {intValue: 1169915904, floatValue: 6000}, def: {intValue: 1229148160, floatValue: 800000}}
[05/19 14:33:37.752794][debug][32360][HostProtocol.cpp:425] Set property value, propertyId=155, value={intValue: 1223959552, floatValue: 500000}
[05/19 14:33:37.754265][debug][32360][PropertyAccessor.cpp:17] set property value success! propertyId: 155, value: {intValue: 1223959552, floatValue: 500000}
[05/19 14:33:37.754282][debug][32360][HostProtocol.cpp:425] Set property value, propertyId=160, value={intValue: 100, floatValue: 1.4013e-43}
[05/19 14:33:37.754900][debug][32360][PropertyAccessor.cpp:17] set property value success! propertyId: 160, value: {intValue: 100, floatValue: 1.4013e-43}
[05/19 14:33:37.754919][debug][32360][HostProtocol.cpp:425] Set property value, propertyId=161, value={intValue: 50, floatValue: 7.00649e-44}
[05/19 14:33:37.755395][debug][32360][PropertyAccessor.cpp:17] set property value success! propertyId: 161, value: {intValue: 50, floatValue: 7.00649e-44}
[05/19 14:33:37.755409][debug][32360][HostProtocol.cpp:425] Set property value, propertyId=164, value={intValue: 0, floatValue: 0}
[05/19 14:33:37.755807][debug][32360][PropertyAccessor.cpp:17] set property value success! propertyId: 164, value: {intValue: 0, floatValue: 0}
[05/19 14:33:37.755820][debug][32360][HostProtocol.cpp:425] Set property value, propertyId=183, value={intValue: 0, floatValue: 0}
[05/19 14:33:37.756211][debug][32360][PropertyAccessor.cpp:17] set property value success! propertyId: 183, value: {intValue: 0, floatValue: 0}
[05/19 14:33:37.756224][debug][32360][HostProtocol.cpp:425] Set property value, propertyId=192, value={intValue: 1, floatValue: 1.4013e-45}
[05/19 14:33:37.759485][debug][32360][PropertyAccessor.cpp:17] set property value success! propertyId: 192, value: {intValue: 1, floatValue: 1.4013e-45}
[05/19 14:33:37.759525][debug][32360][HostProtocol.cpp:425] Set property value, propertyId=157, value={intValue: 0, floatValue: 0}
[05/19 14:33:37.760011][debug][32360][PropertyAccessor.cpp:17] set property value success! propertyId: 157, value: {intValue: 0, floatValue: 0}
[05/19 14:33:37.760041][debug][32360][HostProtocol.cpp:425] Set property value, propertyId=158, value={intValue: 1, floatValue: 1.4013e-45}
[05/19 14:33:37.760501][debug][32360][PropertyAccessor.cpp:17] set property value success! propertyId: 158, value: {intValue: 1, floatValue: 1.4013e-45}
[05/19 14:33:37.760517][debug][32360][HostProtocol.cpp:425] Set property value, propertyId=2026, value={intValue: 2403, floatValue: 3.36732e-42}
[05/19 14:33:37.781500][debug][32360][PropertyAccessor.cpp:17] set property value success! propertyId: 2026, value: {intValue: 2403, floatValue: 3.36732e-42}
[05/19 14:33:37.782054][debug][32360][HostProtocol.cpp:461] get property value success! propertyId=187, cur={intValue: 0, floatValue: 0}, max={intValue: 2, floatValue: 2.8026e-45}, min={intValue: 0, floatValue: 0},def={intValue: 0, floatValue: 0},step={intValue: 1, floatValue: 1.4013e-45}
[05/19 14:33:37.782071][debug][32360][PropertyAccessor.cpp:28] get property value success! propertyId: 187, value: {intValue: 0, floatValue: 0}
[05/19 14:33:37.782092][debug][32360][Pipeline.cpp:171] Pipeline start() start!
[05/19 14:33:37.782123][debug][32360][FrameProcessingBlockManager.cpp:75]  FrameProcessingBlockManager started, 0 blocks contained!
[05/19 14:33:37.782129][info][32360][Pipeline.cpp:236] Try to start streams!
[05/19 14:33:37.782137][debug][32360][VideoSensor.cpp:529] VideoSensor::start, @OB_SENSOR_IR_LEFT
[05/19 14:33:37.782151][debug][32360][FrameProcessor.cpp:131] Frame processor active blocks chain update: input ->FrameMirror -> output
[05/19 14:33:37.782156][debug][32360][FrameProcessor.cpp:143] FrameProcessor started, 4 blocks contained!
[05/19 14:33:37.782164][info][32360][VideoSensor.cpp:617] start OB_SENSOR_IR_LEFT stream with profile: {type: OB_STREAM_IR_LEFT, format: OB_FORMAT_Y8, width: 1920, height: 1200, fps: 50}
[05/19 14:33:37.821890][debug][32360][VideoSensor.cpp:672] Stream state changed to STREAM_STATE_STARTING. @OB_SENSOR_IR_LEFT
[05/19 14:33:37.821937][debug][32360][VideoSensor.cpp:674] Stream starting! @OB_SENSOR_IR_LEFT
[05/19 14:33:37.821946][debug][32360][Pipeline.cpp:247] Sensor stream started, sensorType=OB_SENSOR_IR_LEFT
[05/19 14:33:37.821955][debug][32360][VideoSensor.cpp:529] VideoSensor::start, @OB_SENSOR_IR_RIGHT
[05/19 14:33:37.821970][debug][32360][FrameProcessor.cpp:131] Frame processor active blocks chain update: input ->FrameMirror -> output
[05/19 14:33:37.821976][debug][32360][FrameProcessor.cpp:143] FrameProcessor started, 4 blocks contained!
[05/19 14:33:37.821989][info][32360][VideoSensor.cpp:617] start OB_SENSOR_IR_RIGHT stream with profile: {type: OB_STREAM_IR_RIGHT, format: OB_FORMAT_Y8, width: 1920, height: 1200, fps: 50}
[05/19 14:33:37.837657][debug][32360][FrameProcessor.cpp:131] Frame processor active blocks chain update: input ->FrameMirror -> output
[05/19 14:33:37.837718][debug][32360][VideoSensor.cpp:672] Stream state changed to STREAM_STATE_STARTING. @OB_SENSOR_IR_RIGHT
[05/19 14:33:37.837731][debug][32360][VideoSensor.cpp:674] Stream starting! @OB_SENSOR_IR_RIGHT
[05/19 14:33:37.837737][debug][32360][Pipeline.cpp:247] Sensor stream started, sensorType=OB_SENSOR_IR_RIGHT
[05/19 14:33:37.837742][info][32360][Pipeline.cpp:249] Start streams done!
[05/19 14:33:37.837748][info][32360][Pipeline.cpp:232] Pipeline start done!
[05/19 14:33:37.837778][debug][32360][HostProtocol.cpp:425] Set property value, propertyId=2022, value={intValue: 8, floatValue: 1.12104e-44}
[05/19 14:33:37.838768][debug][32360][HostProtocol.cpp:425] Set property value, propertyId=2024, value={intValue: 2, floatValue: 2.8026e-45}
[05/19 14:33:37.839298][debug][32360][FrameProcessor.cpp:131] Frame processor active blocks chain update: input ->IMUFrameTransformer -> output
[05/19 14:33:37.839309][debug][32360][FrameProcessor.cpp:143] FrameProcessor started, 1 blocks contained!
[05/19 14:33:37.839316][debug][32360][HidDevicePort.cpp:116] HidDevicePort::startCapture start
[05/19 14:33:37.839322][debug][32360][HidDevicePort.cpp:132] HidDevicePort::startCapture done
[05/19 14:33:37.839332][debug][32360][HostProtocol.cpp:425] Set property value, propertyId=2020, value={intValue: 1, floatValue: 1.4013e-45}
[05/19 14:33:37.840484][debug][32360][HostProtocol.cpp:425] Set property value, propertyId=3, value={intValue: 0, floatValue: 0}
[05/19 14:33:37.842243][debug][32360][PropertyAccessor.cpp:17] set property value success! propertyId: 3, value: {intValue: 0, floatValue: 0}
[05/19 14:33:37.842276][debug][32360][HostProtocol.cpp:425] Set property value, propertyId=152, value={intValue: 0, floatValue: 0}
[05/19 14:33:37.844181][debug][32360][PropertyAccessor.cpp:17] set property value success! propertyId: 152, value: {intValue: 0, floatValue: 0}
[05/19 14:33:37.844207][debug][32360][HostProtocol.cpp:425] Set property value, propertyId=153, value={intValue: 0, floatValue: 0}
[05/19 14:33:37.846008][debug][32360][PropertyAccessor.cpp:17] set property value success! propertyId: 153, value: {intValue: 0, floatValue: 0}
[05/19 14:33:37.846041][debug][32360][HostProtocol.cpp:425] Set property value, propertyId=151, value={intValue: 1, floatValue: 1.4013e-45}
[05/19 14:33:37.846181][debug][22216][AccelSensor.cpp:213] Accel Sensor Streaming... frameRate=11.945860fps
[05/19 14:33:37.846490][debug][32660][FrameProcessingBlock.cpp:59] FrameProcessingBlock@class libobsensor::IMUFrameTransformer process thread started!
[05/19 14:33:37.846564][debug][32360][PropertyAccessor.cpp:17] set property value success! propertyId: 151, value: {intValue: 1, floatValue: 1.4013e-45}
[05/19 14:33:37.847075][debug][32360][PropertyAccessor.cpp:71] get cmd version success! propertyId: 4026, version: 1
[05/19 14:33:37.848560][debug][32360][PropertyAccessor.cpp:93] get struct data list success! propertyId: 4026, async: false
[05/19 14:33:37.848971][debug][32360][PropertyAccessor.cpp:71] get cmd version success! propertyId: 4024, version: 0
[05/19 14:33:37.850243][debug][32360][PropertyAccessor.cpp:93] get struct data list success! propertyId: 4024, async: false
[05/19 14:33:37.850256][debug][32360][InternalMultiDataType.cpp:88] createDataDeserializer from Generate failed. return an uint8_t data deserializer. propertyId: 4024, cmdVersion:0 
[05/19 14:33:37.850301][debug][32360][HostProtocol.cpp:29] onStart readFlash
[05/19 14:33:37.857988][debug][32360][HostProtocol.cpp:53] onFinish readFlash
[05/19 14:33:37.858045][debug][32360][HostProtocol.cpp:29] onStart readFlash
[05/19 14:33:37.865297][debug][32360][HostProtocol.cpp:53] onFinish readFlash
[05/19 14:33:37.919973][debug][7560][VideoSensor.cpp:414] OB_SENSOR_IR_RIGHT Streaming... frameRate=2.851086fps,bitRate=52.551212Mbps
[05/19 14:33:37.920029][debug][7560][VideoSensor.cpp:462] Stream state changed to STREAM_STATE_STREAMING. @OB_SENSOR_IR_RIGHT
[05/19 14:33:37.920039][debug][7560][FrameTimestampConverter.cpp:98] updateBaseTimeStamp:
[05/19 14:33:37.920048][debug][7560][FrameTimestampConverter.cpp:99] 	srcTimestamp=4155652099, prevSrcTsp_=0, tspDecrease=false
[05/19 14:33:37.920055][debug][7560][FrameTimestampConverter.cpp:100] 	srcTspDiffMs=4155652, hostTspDiffMs=1779172417920, tspDiffAbnormal=true
[05/19 14:33:37.921062][debug][7560][VendorCommand.cpp:426] get TimeStamp: tsp=12745608173, rtt=0
[05/19 14:33:37.921502][debug][7560][FrameProcessingBlock.cpp:59] FrameProcessingBlock@class libobsensor::FrameMirror process thread started!
[05/19 14:33:37.922263][debug][33596][Pipeline.cpp:267] Frame received on pipeline! type=OB_FRAME_IR_RIGHT
[05/19 14:33:37.958796][debug][24736][VideoSensor.cpp:414] OB_SENSOR_IR_LEFT Streaming... frameRate=2.850096fps,bitRate=52.532967Mbps
[05/19 14:33:37.958834][debug][24736][VideoSensor.cpp:462] Stream state changed to STREAM_STATE_STREAMING. @OB_SENSOR_IR_LEFT
[05/19 14:33:37.958843][debug][24736][FrameTimestampConverter.cpp:98] updateBaseTimeStamp:
[05/19 14:33:37.958855][debug][24736][FrameTimestampConverter.cpp:99] 	srcTimestamp=4155691289, prevSrcTsp_=0, tspDecrease=false
[05/19 14:33:37.958862][debug][24736][FrameTimestampConverter.cpp:100] 	srcTspDiffMs=4155691, hostTspDiffMs=1779172417958, tspDiffAbnormal=true
[05/19 14:33:37.959503][debug][24736][VendorCommand.cpp:426] get TimeStamp: tsp=12745646680, rtt=0
[05/19 14:33:37.959913][debug][24736][FrameProcessingBlock.cpp:59] FrameProcessingBlock@class libobsensor::FrameMirror process thread started!
[05/19 14:33:37.960769][debug][30512][Pipeline.cpp:267] Frame received on pipeline! type=OB_FRAME_IR_LEFT
[05/19 14:33:38.116405][warning][30512][Pipeline.cpp:289] Pipeline source frameset queue fulled, drop the oldest frame!
[05/19 14:33:38.181940][debug][32360][HostProtocol.cpp:461] get property value success! propertyId=2026, cur={intValue: 2403, floatValue: 3.36732e-42}, max={intValue: 3000, floatValue: 4.2039e-42}, min={intValue: 100, floatValue: 1.4013e-43},def={intValue: 3000, floatValue: 4.2039e-42},step={intValue: 1, floatValue: 1.4013e-45}
[05/19 14:33:38.181977][debug][32360][PropertyAccessor.cpp:34] get property value range success! propertyId: 2026, range: {max: {intValue: 3000, floatValue: 4.2039e-42}, min: {intValue: 100, floatValue: 1.4013e-43}, step: {intValue: 1, floatValue: 1.4013e-45}, def: {intValue: 3000, floatValue: 4.2039e-42}}
[05/19 14:33:38.184362][debug][32360][PropertyAccessor.cpp:34] get property value range success! propertyId: 2027, range: {max: {intValue: 15000, floatValue: 2.10195e-41}, min: {intValue: 1000, floatValue: 1.4013e-42}, step: {intValue: 100, floatValue: 1.4013e-43}, def: {intValue: 1000, floatValue: 1.4013e-42}}
[05/19 14:33:38.188113][debug][32360][HostProtocol.cpp:461] get property value success! propertyId=2026, cur={intValue: 2403, floatValue: 3.36732e-42}, max={intValue: 3000, floatValue: 4.2039e-42}, min={intValue: 100, floatValue: 1.4013e-43},def={intValue: 3000, floatValue: 4.2039e-42},step={intValue: 1, floatValue: 1.4013e-45}
[05/19 14:33:38.188142][debug][32360][PropertyAccessor.cpp:34] get property value range success! propertyId: 2026, range: {max: {intValue: 3000, floatValue: 4.2039e-42}, min: {intValue: 100, floatValue: 1.4013e-43}, step: {intValue: 1, floatValue: 1.4013e-45}, def: {intValue: 3000, floatValue: 4.2039e-42}}
[05/19 14:33:38.190452][debug][32360][PropertyAccessor.cpp:34] get property value range success! propertyId: 2027, range: {max: {intValue: 15000, floatValue: 2.10195e-41}, min: {intValue: 1000, floatValue: 1.4013e-42}, step: {intValue: 100, floatValue: 1.4013e-43}, def: {intValue: 1000, floatValue: 1.4013e-42}}
[05/19 14:33:38.190482][debug][32360][HostProtocol.cpp:425] Set property value, propertyId=151, value={intValue: 1, floatValue: 1.4013e-45}
[05/19 14:33:38.191584][debug][32360][PropertyAccessor.cpp:17] set property value success! propertyId: 151, value: {intValue: 1, floatValue: 1.4013e-45}
[05/19 14:33:38.228126][debug][34448][HostProtocol.cpp:461] get property value success! propertyId=154, cur={intValue: 1223959552, floatValue: 500000}, max={intValue: 1236736768, floatValue: 1.5e+06}, min={intValue: 1203982336, floatValue: 100000},def={intValue: 1229148160, floatValue: 800000},step={intValue: 1169915904, floatValue: 6000}
[05/19 14:33:38.228171][debug][34448][PropertyAccessor.cpp:34] get property value range success! propertyId: 154, range: {max: {intValue: 1236736768, floatValue: 1.5e+06}, min: {intValue: 1203982336, floatValue: 100000}, step: {intValue: 1169915904, floatValue: 6000}, def: {intValue: 1229148160, floatValue: 800000}}
[05/19 14:33:38.228998][debug][34448][HostProtocol.cpp:461] get property value success! propertyId=2026, cur={intValue: 2403, floatValue: 3.36732e-42}, max={intValue: 3000, floatValue: 4.2039e-42}, min={intValue: 100, floatValue: 1.4013e-43},def={intValue: 3000, floatValue: 4.2039e-42},step={intValue: 1, floatValue: 1.4013e-45}
[05/19 14:33:38.229027][debug][34448][PropertyAccessor.cpp:28] get property value success! propertyId: 2026, value: {intValue: 2403, floatValue: 3.36732e-42}
[05/19 14:33:38.230210][debug][34448][PropertyAccessor.cpp:28] get property value success! propertyId: 2027, value: {intValue: 1000, floatValue: 1.4013e-42}
[05/19 14:33:38.231083][debug][34448][HostProtocol.cpp:461] get property value success! propertyId=5, cur={intValue: 1195593728, floatValue: 50000}, max={intValue: 1205262336, floatValue: 110000}, min={intValue: 1188229120, floatValue: 27000},def={intValue: 1195593728, floatValue: 50000},step={intValue: 1169915904, floatValue: 6000}
[05/19 14:33:38.231113][debug][34448][PropertyAccessor.cpp:28] get property value success! propertyId: 5, value: {intValue: 1195593728, floatValue: 50000}
[05/19 14:33:38.232041][debug][34448][HostProtocol.cpp:461] get property value success! propertyId=160, cur={intValue: 100, floatValue: 1.4013e-43}, max={intValue: 100, floatValue: 1.4013e-43}, min={intValue: 0, floatValue: 0},def={intValue: 50, floatValue: 7.00649e-44},step={intValue: 1, floatValue: 1.4013e-45}
[05/19 14:33:38.232062][debug][34448][PropertyAccessor.cpp:28] get property value success! propertyId: 160, value: {intValue: 100, floatValue: 1.4013e-43}
[05/19 14:33:38.232787][debug][34448][HostProtocol.cpp:461] get property value success! propertyId=160, cur={intValue: 100, floatValue: 1.4013e-43}, max={intValue: 100, floatValue: 1.4013e-43}, min={intValue: 0, floatValue: 0},def={intValue: 50, floatValue: 7.00649e-44},step={intValue: 1, floatValue: 1.4013e-45}
[05/19 14:33:38.232800][debug][34448][PropertyAccessor.cpp:28] get property value success! propertyId: 160, value: {intValue: 100, floatValue: 1.4013e-43}
[05/19 14:33:38.233519][debug][34448][HostProtocol.cpp:461] get property value success! propertyId=161, cur={intValue: 50, floatValue: 7.00649e-44}, max={intValue: 100, floatValue: 1.4013e-43}, min={intValue: 0, floatValue: 0},def={intValue: 50, floatValue: 7.00649e-44},step={intValue: 1, floatValue: 1.4013e-45}
[05/19 14:33:38.233533][debug][34448][PropertyAccessor.cpp:28] get property value success! propertyId: 161, value: {intValue: 50, floatValue: 7.00649e-44}
[05/19 14:33:38.234138][debug][34448][HostProtocol.cpp:461] get property value success! propertyId=154, cur={intValue: 1223959552, floatValue: 500000}, max={intValue: 1236736768, floatValue: 1.5e+06}, min={intValue: 1203982336, floatValue: 100000},def={intValue: 1229148160, floatValue: 800000},step={intValue: 1169915904, floatValue: 6000}
[05/19 14:33:38.234151][debug][34448][PropertyAccessor.cpp:34] get property value range success! propertyId: 154, range: {max: {intValue: 1236736768, floatValue: 1.5e+06}, min: {intValue: 1203982336, floatValue: 100000}, step: {intValue: 1169915904, floatValue: 6000}, def: {intValue: 1229148160, floatValue: 800000}}
[05/19 14:33:38.234160][debug][34448][HostProtocol.cpp:425] Set property value, propertyId=154, value={intValue: 1229084160, floatValue: 796000}
[05/19 14:33:38.235956][debug][34448][PropertyAccessor.cpp:17] set property value success! propertyId: 154, value: {intValue: 1229084160, floatValue: 796000}
[05/19 14:33:38.237197][debug][34448][HostProtocol.cpp:461] get property value success! propertyId=155, cur={intValue: 1223959552, floatValue: 500000}, max={intValue: 1236736768, floatValue: 1.5e+06}, min={intValue: 1203982336, floatValue: 100000},def={intValue: 1229148160, floatValue: 800000},step={intValue: 1169915904, floatValue: 6000}
[05/19 14:33:38.237224][debug][34448][PropertyAccessor.cpp:34] get property value range success! propertyId: 155, range: {max: {intValue: 1236736768, floatValue: 1.5e+06}, min: {intValue: 1203982336, floatValue: 100000}, step: {intValue: 1169915904, floatValue: 6000}, def: {intValue: 1229148160, floatValue: 800000}}
[05/19 14:33:38.237246][debug][34448][HostProtocol.cpp:425] Set property value, propertyId=155, value={intValue: 1229084160, floatValue: 796000}
[05/19 14:33:38.238877][debug][34448][PropertyAccessor.cpp:17] set property value success! propertyId: 155, value: {intValue: 1229084160, floatValue: 796000}
[05/19 14:33:38.240839][debug][34448][HostProtocol.cpp:461] get property value success! propertyId=154, cur={intValue: 1229084160, floatValue: 796000}, max={intValue: 1236736768, floatValue: 1.5e+06}, min={intValue: 1203982336, floatValue: 100000},def={intValue: 1229148160, floatValue: 800000},step={intValue: 1169915904, floatValue: 6000}
[05/19 14:33:38.240873][debug][34448][PropertyAccessor.cpp:34] get property value range success! propertyId: 154, range: {max: {intValue: 1236736768, floatValue: 1.5e+06}, min: {intValue: 1203982336, floatValue: 100000}, step: {intValue: 1169915904, floatValue: 6000}, def: {intValue: 1229148160, floatValue: 800000}}
[05/19 14:33:38.240889][debug][34448][HostProtocol.cpp:425] Set property value, propertyId=154, value={intValue: 1223959552, floatValue: 500000}
[05/19 14:33:38.242788][debug][34448][PropertyAccessor.cpp:17] set property value success! propertyId: 154, value: {intValue: 1223959552, floatValue: 500000}
[05/19 14:33:38.243586][debug][34448][HostProtocol.cpp:461] get property value success! propertyId=155, cur={intValue: 1229084160, floatValue: 796000}, max={intValue: 1236736768, floatValue: 1.5e+06}, min={intValue: 1203982336, floatValue: 100000},def={intValue: 1229148160, floatValue: 800000},step={intValue: 1169915904, floatValue: 6000}
[05/19 14:33:38.243627][debug][34448][PropertyAccessor.cpp:34] get property value range success! propertyId: 155, range: {max: {intValue: 1236736768, floatValue: 1.5e+06}, min: {intValue: 1203982336, floatValue: 100000}, step: {intValue: 1169915904, floatValue: 6000}, def: {intValue: 1229148160, floatValue: 800000}}
[05/19 14:33:38.243649][debug][34448][HostProtocol.cpp:425] Set property value, propertyId=155, value={intValue: 1223959552, floatValue: 500000}
[05/19 14:33:38.245475][debug][34448][PropertyAccessor.cpp:17] set property value success! propertyId: 155, value: {intValue: 1223959552, floatValue: 500000}
[05/19 14:33:38.246241][debug][34448][HostProtocol.cpp:461] get property value success! propertyId=2026, cur={intValue: 2403, floatValue: 3.36732e-42}, max={intValue: 3000, floatValue: 4.2039e-42}, min={intValue: 100, floatValue: 1.4013e-43},def={intValue: 3000, floatValue: 4.2039e-42},step={intValue: 1, floatValue: 1.4013e-45}
[05/19 14:33:38.246270][debug][34448][PropertyAccessor.cpp:28] get property value success! propertyId: 2026, value: {intValue: 2403, floatValue: 3.36732e-42}
[05/19 14:33:38.247481][debug][34448][PropertyAccessor.cpp:28] get property value success! propertyId: 2027, value: {intValue: 1000, floatValue: 1.4013e-42}
[05/19 14:33:38.248103][debug][34448][HostProtocol.cpp:461] get property value success! propertyId=5, cur={intValue: 1195593728, floatValue: 50000}, max={intValue: 1205262336, floatValue: 110000}, min={intValue: 1188229120, floatValue: 27000},def={intValue: 1195593728, floatValue: 50000},step={intValue: 1169915904, floatValue: 6000}
[05/19 14:33:38.248119][debug][34448][PropertyAccessor.cpp:28] get property value success! propertyId: 5, value: {intValue: 1195593728, floatValue: 50000}
[05/19 14:33:38.248676][debug][34448][HostProtocol.cpp:461] get property value success! propertyId=154, cur={intValue: 1223959552, floatValue: 500000}, max={intValue: 1236736768, floatValue: 1.5e+06}, min={intValue: 1203982336, floatValue: 100000},def={intValue: 1229148160, floatValue: 800000},step={intValue: 1169915904, floatValue: 6000}
[05/19 14:33:38.248692][debug][34448][PropertyAccessor.cpp:28] get property value success! propertyId: 154, value: {intValue: 1223959552, floatValue: 500000}
[05/19 14:33:38.249271][debug][34448][HostProtocol.cpp:461] get property value success! propertyId=155, cur={intValue: 1223959552, floatValue: 500000}, max={intValue: 1236736768, floatValue: 1.5e+06}, min={intValue: 1203982336, floatValue: 100000},def={intValue: 1229148160, floatValue: 800000},step={intValue: 1169915904, floatValue: 6000}
[05/19 14:33:38.249285][debug][34448][PropertyAccessor.cpp:28] get property value success! propertyId: 155, value: {intValue: 1223959552, floatValue: 500000}
[05/19 14:33:38.249828][debug][34448][HostProtocol.cpp:461] get property value success! propertyId=160, cur={intValue: 100, floatValue: 1.4013e-43}, max={intValue: 100, floatValue: 1.4013e-43}, min={intValue: 0, floatValue: 0},def={intValue: 50, floatValue: 7.00649e-44},step={intValue: 1, floatValue: 1.4013e-45}
[05/19 14:33:38.249849][debug][34448][PropertyAccessor.cpp:28] get property value success! propertyId: 160, value: {intValue: 100, floatValue: 1.4013e-43}
[05/19 14:33:38.250369][debug][34448][HostProtocol.cpp:461] get property value success! propertyId=160, cur={intValue: 100, floatValue: 1.4013e-43}, max={intValue: 100, floatValue: 1.4013e-43}, min={intValue: 0, floatValue: 0},def={intValue: 50, floatValue: 7.00649e-44},step={intValue: 1, floatValue: 1.4013e-45}
[05/19 14:33:38.250383][debug][34448][PropertyAccessor.cpp:28] get property value success! propertyId: 160, value: {intValue: 100, floatValue: 1.4013e-43}
[05/19 14:33:38.250919][debug][34448][HostProtocol.cpp:461] get property value success! propertyId=161, cur={intValue: 50, floatValue: 7.00649e-44}, max={intValue: 100, floatValue: 1.4013e-43}, min={intValue: 0, floatValue: 0},def={intValue: 50, floatValue: 7.00649e-44},step={intValue: 1, floatValue: 1.4013e-45}
[05/19 14:33:38.250933][debug][34448][PropertyAccessor.cpp:28] get property value success! propertyId: 161, value: {intValue: 50, floatValue: 7.00649e-44}
[05/19 14:33:38.250946][debug][34448][HostProtocol.cpp:425] Set property value, propertyId=2026, value={intValue: 3000, floatValue: 4.2039e-42}
[05/19 14:33:38.274510][debug][34448][PropertyAccessor.cpp:17] set property value success! propertyId: 2026, value: {intValue: 3000, floatValue: 4.2039e-42}
[05/19 14:33:38.282818][debug][34448][PropertyAccessor.cpp:17] set property value success! propertyId: 2027, value: {intValue: 1000, floatValue: 1.4013e-42}
[05/19 14:33:38.282890][debug][22728][HostProtocol.cpp:425] Set property value, propertyId=164, value={intValue: 5, floatValue: 7.00649e-45}
[05/19 14:33:38.283734][debug][22728][PropertyAccessor.cpp:17] set property value success! propertyId: 164, value: {intValue: 5, floatValue: 7.00649e-45}
[05/19 14:33:38.293516][debug][34448][PropertyAccessor.cpp:17] set property value success! propertyId: 2025, value: {intValue: 0, floatValue: 0}
[05/19 14:33:38.301738][debug][34448][PropertyAccessor.cpp:17] set property value success! propertyId: 2027, value: {intValue: 1000, floatValue: 1.4013e-42}
[05/19 14:33:38.301789][debug][34448][HostProtocol.cpp:425] Set property value, propertyId=160, value={intValue: 100, floatValue: 1.4013e-43}
[05/19 14:33:38.302617][debug][34448][PropertyAccessor.cpp:17] set property value success! propertyId: 160, value: {intValue: 100, floatValue: 1.4013e-43}
[05/19 14:33:38.302671][debug][34448][HostProtocol.cpp:425] Set property value, propertyId=161, value={intValue: 50, floatValue: 7.00649e-44}
[05/19 14:33:38.303384][debug][34448][PropertyAccessor.cpp:17] set property value success! propertyId: 161, value: {intValue: 50, floatValue: 7.00649e-44}
[05/19 14:33:38.304003][debug][34448][HostProtocol.cpp:461] get property value success! propertyId=2026, cur={intValue: 2500, floatValue: 3.50325e-42}, max={intValue: 3000, floatValue: 4.2039e-42}, min={intValue: 100, floatValue: 1.4013e-43},def={intValue: 3000, floatValue: 4.2039e-42},step={intValue: 1, floatValue: 1.4013e-45}
[05/19 14:33:38.304016][debug][34448][PropertyAccessor.cpp:34] get property value range success! propertyId: 2026, range: {max: {intValue: 3000, floatValue: 4.2039e-42}, min: {intValue: 100, floatValue: 1.4013e-43}, step: {intValue: 1, floatValue: 1.4013e-45}, def: {intValue: 3000, floatValue: 4.2039e-42}}
[05/19 14:33:38.304024][debug][34448][HostProtocol.cpp:425] Set property value, propertyId=2026, value={intValue: 3000, floatValue: 4.2039e-42}
[05/19 14:33:38.321270][debug][34448][PropertyAccessor.cpp:17] set property value success! propertyId: 2026, value: {intValue: 3000, floatValue: 4.2039e-42}
[05/19 14:33:38.321866][debug][34448][HostProtocol.cpp:461] get property value success! propertyId=2026, cur={intValue: 3000, floatValue: 4.2039e-42}, max={intValue: 3000, floatValue: 4.2039e-42}, min={intValue: 100, floatValue: 1.4013e-43},def={intValue: 3000, floatValue: 4.2039e-42},step={intValue: 1, floatValue: 1.4013e-45}
[05/19 14:33:38.321880][debug][34448][PropertyAccessor.cpp:34] get property value range success! propertyId: 2026, range: {max: {intValue: 3000, floatValue: 4.2039e-42}, min: {intValue: 100, floatValue: 1.4013e-43}, step: {intValue: 1, floatValue: 1.4013e-45}, def: {intValue: 3000, floatValue: 4.2039e-42}}
[05/19 14:33:38.324206][debug][34448][PropertyAccessor.cpp:34] get property value range success! propertyId: 2027, range: {max: {intValue: 15000, floatValue: 2.10195e-41}, min: {intValue: 1000, floatValue: 1.4013e-42}, step: {intValue: 100, floatValue: 1.4013e-43}, def: {intValue: 1000, floatValue: 1.4013e-42}}
[05/19 14:33:38.325195][debug][34448][HostProtocol.cpp:461] get property value success! propertyId=5, cur={intValue: 1195593728, floatValue: 50000}, max={intValue: 1205262336, floatValue: 110000}, min={intValue: 1188229120, floatValue: 27000},def={intValue: 1195593728, floatValue: 50000},step={intValue: 1169915904, floatValue: 6000}
[05/19 14:33:38.325227][debug][34448][PropertyAccessor.cpp:28] get property value success! propertyId: 5, value: {intValue: 1195593728, floatValue: 50000}
[05/19 14:33:38.325818][debug][34448][HostProtocol.cpp:461] get property value success! propertyId=154, cur={intValue: 1223959552, floatValue: 500000}, max={intValue: 1236736768, floatValue: 1.5e+06}, min={intValue: 1203982336, floatValue: 100000},def={intValue: 1229148160, floatValue: 800000},step={intValue: 1169915904, floatValue: 6000}
[05/19 14:33:38.325834][debug][34448][PropertyAccessor.cpp:28] get property value success! propertyId: 154, value: {intValue: 1223959552, floatValue: 500000}
[05/19 14:33:38.326633][debug][34448][HostProtocol.cpp:461] get property value success! propertyId=155, cur={intValue: 1223959552, floatValue: 500000}, max={intValue: 1236736768, floatValue: 1.5e+06}, min={intValue: 1203982336, floatValue: 100000},def={intValue: 1229148160, floatValue: 800000},step={intValue: 1169915904, floatValue: 6000}
[05/19 14:33:38.326644][debug][34448][PropertyAccessor.cpp:28] get property value success! propertyId: 155, value: {intValue: 1223959552, floatValue: 500000}
[05/19 14:33:38.327145][debug][34448][HostProtocol.cpp:461] get property value success! propertyId=160, cur={intValue: 100, floatValue: 1.4013e-43}, max={intValue: 100, floatValue: 1.4013e-43}, min={intValue: 0, floatValue: 0},def={intValue: 50, floatValue: 7.00649e-44},step={intValue: 1, floatValue: 1.4013e-45}
[05/19 14:33:38.327155][debug][34448][PropertyAccessor.cpp:28] get property value success! propertyId: 160, value: {intValue: 100, floatValue: 1.4013e-43}
[05/19 14:33:38.327726][debug][34448][HostProtocol.cpp:461] get property value success! propertyId=160, cur={intValue: 100, floatValue: 1.4013e-43}, max={intValue: 100, floatValue: 1.4013e-43}, min={intValue: 0, floatValue: 0},def={intValue: 50, floatValue: 7.00649e-44},step={intValue: 1, floatValue: 1.4013e-45}
[05/19 14:33:38.327736][debug][34448][PropertyAccessor.cpp:28] get property value success! propertyId: 160, value: {intValue: 100, floatValue: 1.4013e-43}
[05/19 14:33:38.328459][debug][34448][HostProtocol.cpp:461] get property value success! propertyId=161, cur={intValue: 50, floatValue: 7.00649e-44}, max={intValue: 100, floatValue: 1.4013e-43}, min={intValue: 0, floatValue: 0},def={intValue: 50, floatValue: 7.00649e-44},step={intValue: 1, floatValue: 1.4013e-45}
[05/19 14:33:38.328470][debug][34448][PropertyAccessor.cpp:28] get property value success! propertyId: 161, value: {intValue: 50, floatValue: 7.00649e-44}
[05/19 14:33:38.329877][debug][34448][PropertyAccessor.cpp:28] get property value success! propertyId: 2027, value: {intValue: 1000, floatValue: 1.4013e-42}
[05/19 14:33:38.330231][debug][34448][PropertyAccessor.cpp:28] get property value success! propertyId: 2025, value: {intValue: 0, floatValue: 0}
[05/19 14:33:38.330748][debug][34448][HostProtocol.cpp:461] get property value success! propertyId=2026, cur={intValue: 3000, floatValue: 4.2039e-42}, max={intValue: 3000, floatValue: 4.2039e-42}, min={intValue: 100, floatValue: 1.4013e-43},def={intValue: 3000, floatValue: 4.2039e-42},step={intValue: 1, floatValue: 1.4013e-45}
[05/19 14:33:38.330760][debug][34448][PropertyAccessor.cpp:34] get property value range success! propertyId: 2026, range: {max: {intValue: 3000, floatValue: 4.2039e-42}, min: {intValue: 100, floatValue: 1.4013e-43}, step: {intValue: 1, floatValue: 1.4013e-45}, def: {intValue: 3000, floatValue: 4.2039e-42}}
[05/19 14:33:38.333007][debug][34448][PropertyAccessor.cpp:34] get property value range success! propertyId: 2027, range: {max: {intValue: 15000, floatValue: 2.10195e-41}, min: {intValue: 1000, floatValue: 1.4013e-42}, step: {intValue: 100, floatValue: 1.4013e-43}, def: {intValue: 1000, floatValue: 1.4013e-42}}
[05/19 14:33:38.333684][debug][34448][HostProtocol.cpp:461] get property value success! propertyId=2026, cur={intValue: 3000, floatValue: 4.2039e-42}, max={intValue: 3000, floatValue: 4.2039e-42}, min={intValue: 100, floatValue: 1.4013e-43},def={intValue: 3000, floatValue: 4.2039e-42},step={intValue: 1, floatValue: 1.4013e-45}
[05/19 14:33:38.333695][debug][34448][PropertyAccessor.cpp:28] get property value success! propertyId: 2026, value: {intValue: 3000, floatValue: 4.2039e-42}
[05/19 14:33:38.334801][debug][34448][PropertyAccessor.cpp:28] get property value success! propertyId: 2027, value: {intValue: 1000, floatValue: 1.4013e-42}
[05/19 14:33:38.335247][debug][34448][HostProtocol.cpp:461] get property value success! propertyId=5, cur={intValue: 1195593728, floatValue: 50000}, max={intValue: 1205262336, floatValue: 110000}, min={intValue: 1188229120, floatValue: 27000},def={intValue: 1195593728, floatValue: 50000},step={intValue: 1169915904, floatValue: 6000}
[05/19 14:33:38.335261][debug][34448][PropertyAccessor.cpp:28] get property value success! propertyId: 5, value: {intValue: 1195593728, floatValue: 50000}
[05/19 14:33:38.335838][debug][34448][HostProtocol.cpp:461] get property value success! propertyId=154, cur={intValue: 1223959552, floatValue: 500000}, max={intValue: 1236736768, floatValue: 1.5e+06}, min={intValue: 1203982336, floatValue: 100000},def={intValue: 1229148160, floatValue: 800000},step={intValue: 1169915904, floatValue: 6000}
[05/19 14:33:38.335859][debug][34448][PropertyAccessor.cpp:28] get property value success! propertyId: 154, value: {intValue: 1223959552, floatValue: 500000}
[05/19 14:33:38.336345][debug][34448][HostProtocol.cpp:461] get property value success! propertyId=155, cur={intValue: 1223959552, floatValue: 500000}, max={intValue: 1236736768, floatValue: 1.5e+06}, min={intValue: 1203982336, floatValue: 100000},def={intValue: 1229148160, floatValue: 800000},step={intValue: 1169915904, floatValue: 6000}
[05/19 14:33:38.336359][debug][34448][PropertyAccessor.cpp:28] get property value success! propertyId: 155, value: {intValue: 1223959552, floatValue: 500000}
[05/19 14:33:38.336894][debug][34448][HostProtocol.cpp:461] get property value success! propertyId=160, cur={intValue: 100, floatValue: 1.4013e-43}, max={intValue: 100, floatValue: 1.4013e-43}, min={intValue: 0, floatValue: 0},def={intValue: 50, floatValue: 7.00649e-44},step={intValue: 1, floatValue: 1.4013e-45}
[05/19 14:33:38.336916][debug][34448][PropertyAccessor.cpp:28] get property value success! propertyId: 160, value: {intValue: 100, floatValue: 1.4013e-43}
[05/19 14:33:38.337943][debug][34448][HostProtocol.cpp:461] get property value success! propertyId=160, cur={intValue: 100, floatValue: 1.4013e-43}, max={intValue: 100, floatValue: 1.4013e-43}, min={intValue: 0, floatValue: 0},def={intValue: 50, floatValue: 7.00649e-44},step={intValue: 1, floatValue: 1.4013e-45}
[05/19 14:33:38.337963][debug][34448][PropertyAccessor.cpp:28] get property value success! propertyId: 160, value: {intValue: 100, floatValue: 1.4013e-43}
[05/19 14:33:38.338730][debug][34448][HostProtocol.cpp:461] get property value success! propertyId=161, cur={intValue: 50, floatValue: 7.00649e-44}, max={intValue: 100, floatValue: 1.4013e-43}, min={intValue: 0, floatValue: 0},def={intValue: 50, floatValue: 7.00649e-44},step={intValue: 1, floatValue: 1.4013e-45}
[05/19 14:33:38.338747][debug][34448][PropertyAccessor.cpp:28] get property value success! propertyId: 161, value: {intValue: 50, floatValue: 7.00649e-44}
[05/19 14:33:38.338763][debug][34448][HostProtocol.cpp:425] Set property value, propertyId=2026, value={intValue: 3000, floatValue: 4.2039e-42}
[05/19 14:33:38.348703][debug][34448][PropertyAccessor.cpp:17] set property value success! propertyId: 2026, value: {intValue: 3000, floatValue: 4.2039e-42}
[05/19 14:33:38.356972][debug][34448][PropertyAccessor.cpp:17] set property value success! propertyId: 2027, value: {intValue: 1000, floatValue: 1.4013e-42}
[05/19 14:33:38.358424][debug][34448][HostProtocol.cpp:461] get property value success! propertyId=154, cur={intValue: 1223959552, floatValue: 500000}, max={intValue: 1236736768, floatValue: 1.5e+06}, min={intValue: 1203982336, floatValue: 100000},def={intValue: 1229148160, floatValue: 800000},step={intValue: 1169915904, floatValue: 6000}
[05/19 14:33:38.358445][debug][34448][PropertyAccessor.cpp:34] get property value range success! propertyId: 154, range: {max: {intValue: 1236736768, floatValue: 1.5e+06}, min: {intValue: 1203982336, floatValue: 100000}, step: {intValue: 1169915904, floatValue: 6000}, def: {intValue: 1229148160, floatValue: 800000}}
[05/19 14:33:38.359080][debug][34448][HostProtocol.cpp:461] get property value success! propertyId=2026, cur={intValue: 3000, floatValue: 4.2039e-42}, max={intValue: 3000, floatValue: 4.2039e-42}, min={intValue: 100, floatValue: 1.4013e-43},def={intValue: 3000, floatValue: 4.2039e-42},step={intValue: 1, floatValue: 1.4013e-45}
[05/19 14:33:38.359096][debug][34448][PropertyAccessor.cpp:28] get property value success! propertyId: 2026, value: {intValue: 3000, floatValue: 4.2039e-42}
[05/19 14:33:38.360286][debug][34448][PropertyAccessor.cpp:28] get property value success! propertyId: 2027, value: {intValue: 1000, floatValue: 1.4013e-42}
[05/19 14:33:38.361022][debug][34448][HostProtocol.cpp:461] get property value success! propertyId=5, cur={intValue: 1195593728, floatValue: 50000}, max={intValue: 1205262336, floatValue: 110000}, min={intValue: 1188229120, floatValue: 27000},def={intValue: 1195593728, floatValue: 50000},step={intValue: 1169915904, floatValue: 6000}
[05/19 14:33:38.361042][debug][34448][PropertyAccessor.cpp:28] get property value success! propertyId: 5, value: {intValue: 1195593728, floatValue: 50000}
[05/19 14:33:38.361761][debug][34448][HostProtocol.cpp:461] get property value success! propertyId=160, cur={intValue: 100, floatValue: 1.4013e-43}, max={intValue: 100, floatValue: 1.4013e-43}, min={intValue: 0, floatValue: 0},def={intValue: 50, floatValue: 7.00649e-44},step={intValue: 1, floatValue: 1.4013e-45}
[05/19 14:33:38.361779][debug][34448][PropertyAccessor.cpp:28] get property value success! propertyId: 160, value: {intValue: 100, floatValue: 1.4013e-43}
[05/19 14:33:38.362379][debug][34448][HostProtocol.cpp:461] get property value success! propertyId=160, cur={intValue: 100, floatValue: 1.4013e-43}, max={intValue: 100, floatValue: 1.4013e-43}, min={intValue: 0, floatValue: 0},def={intValue: 50, floatValue: 7.00649e-44},step={intValue: 1, floatValue: 1.4013e-45}
[05/19 14:33:38.362397][debug][34448][PropertyAccessor.cpp:28] get property value success! propertyId: 160, value: {intValue: 100, floatValue: 1.4013e-43}
[05/19 14:33:38.362943][debug][34448][HostProtocol.cpp:461] get property value success! propertyId=161, cur={intValue: 50, floatValue: 7.00649e-44}, max={intValue: 100, floatValue: 1.4013e-43}, min={intValue: 0, floatValue: 0},def={intValue: 50, floatValue: 7.00649e-44},step={intValue: 1, floatValue: 1.4013e-45}
[05/19 14:33:38.362956][debug][34448][PropertyAccessor.cpp:28] get property value success! propertyId: 161, value: {intValue: 50, floatValue: 7.00649e-44}
[05/19 14:33:38.363524][debug][34448][HostProtocol.cpp:461] get property value success! propertyId=154, cur={intValue: 1223959552, floatValue: 500000}, max={intValue: 1236736768, floatValue: 1.5e+06}, min={intValue: 1203982336, floatValue: 100000},def={intValue: 1229148160, floatValue: 800000},step={intValue: 1169915904, floatValue: 6000}
[05/19 14:33:38.363537][debug][34448][PropertyAccessor.cpp:34] get property value range success! propertyId: 154, range: {max: {intValue: 1236736768, floatValue: 1.5e+06}, min: {intValue: 1203982336, floatValue: 100000}, step: {intValue: 1169915904, floatValue: 6000}, def: {intValue: 1229148160, floatValue: 800000}}
[05/19 14:33:38.363546][debug][34448][HostProtocol.cpp:425] Set property value, propertyId=154, value={intValue: 1229084160, floatValue: 796000}
[05/19 14:33:38.365207][debug][34448][PropertyAccessor.cpp:17] set property value success! propertyId: 154, value: {intValue: 1229084160, floatValue: 796000}
[05/19 14:33:38.365793][debug][34448][HostProtocol.cpp:461] get property value success! propertyId=155, cur={intValue: 1223959552, floatValue: 500000}, max={intValue: 1236736768, floatValue: 1.5e+06}, min={intValue: 1203982336, floatValue: 100000},def={intValue: 1229148160, floatValue: 800000},step={intValue: 1169915904, floatValue: 6000}
[05/19 14:33:38.365809][debug][34448][PropertyAccessor.cpp:34] get property value range success! propertyId: 155, range: {max: {intValue: 1236736768, floatValue: 1.5e+06}, min: {intValue: 1203982336, floatValue: 100000}, step: {intValue: 1169915904, floatValue: 6000}, def: {intValue: 1229148160, floatValue: 800000}}
[05/19 14:33:38.365817][debug][34448][HostProtocol.cpp:425] Set property value, propertyId=155, value={intValue: 1229084160, floatValue: 796000}
[05/19 14:33:38.367591][debug][34448][PropertyAccessor.cpp:17] set property value success! propertyId: 155, value: {intValue: 1229084160, floatValue: 796000}
[05/19 14:33:38.368494][debug][34448][HostProtocol.cpp:461] get property value success! propertyId=154, cur={intValue: 1229084160, floatValue: 796000}, max={intValue: 1236736768, floatValue: 1.5e+06}, min={intValue: 1203982336, floatValue: 100000},def={intValue: 1229148160, floatValue: 800000},step={intValue: 1169915904, floatValue: 6000}
[05/19 14:33:38.368508][debug][34448][PropertyAccessor.cpp:34] get property value range success! propertyId: 154, range: {max: {intValue: 1236736768, floatValue: 1.5e+06}, min: {intValue: 1203982336, floatValue: 100000}, step: {intValue: 1169915904, floatValue: 6000}, def: {intValue: 1229148160, floatValue: 800000}}
[05/19 14:33:38.368516][debug][34448][HostProtocol.cpp:425] Set property value, propertyId=154, value={intValue: 1223959552, floatValue: 500000}
[05/19 14:33:38.370247][debug][34448][PropertyAccessor.cpp:17] set property value success! propertyId: 154, value: {intValue: 1223959552, floatValue: 500000}
[05/19 14:33:38.370945][debug][34448][HostProtocol.cpp:461] get property value success! propertyId=155, cur={intValue: 1229084160, floatValue: 796000}, max={intValue: 1236736768, floatValue: 1.5e+06}, min={intValue: 1203982336, floatValue: 100000},def={intValue: 1229148160, floatValue: 800000},step={intValue: 1169915904, floatValue: 6000}
[05/19 14:33:38.370969][debug][34448][PropertyAccessor.cpp:34] get property value range success! propertyId: 155, range: {max: {intValue: 1236736768, floatValue: 1.5e+06}, min: {intValue: 1203982336, floatValue: 100000}, step: {intValue: 1169915904, floatValue: 6000}, def: {intValue: 1229148160, floatValue: 800000}}
[05/19 14:33:38.370995][debug][34448][HostProtocol.cpp:425] Set property value, propertyId=155, value={intValue: 1223959552, floatValue: 500000}
[05/19 14:33:38.372620][debug][34448][PropertyAccessor.cpp:17] set property value success! propertyId: 155, value: {intValue: 1223959552, floatValue: 500000}
[05/19 14:33:38.373172][debug][34448][HostProtocol.cpp:461] get property value success! propertyId=2026, cur={intValue: 3000, floatValue: 4.2039e-42}, max={intValue: 3000, floatValue: 4.2039e-42}, min={intValue: 100, floatValue: 1.4013e-43},def={intValue: 3000, floatValue: 4.2039e-42},step={intValue: 1, floatValue: 1.4013e-45}
[05/19 14:33:38.373182][debug][34448][PropertyAccessor.cpp:28] get property value success! propertyId: 2026, value: {intValue: 3000, floatValue: 4.2039e-42}
[05/19 14:33:38.374310][debug][34448][PropertyAccessor.cpp:28] get property value success! propertyId: 2027, value: {intValue: 1000, floatValue: 1.4013e-42}
[05/19 14:33:38.374769][debug][34448][HostProtocol.cpp:461] get property value success! propertyId=5, cur={intValue: 1195593728, floatValue: 50000}, max={intValue: 1205262336, floatValue: 110000}, min={intValue: 1188229120, floatValue: 27000},def={intValue: 1195593728, floatValue: 50000},step={intValue: 1169915904, floatValue: 6000}
[05/19 14:33:38.374778][debug][34448][PropertyAccessor.cpp:28] get property value success! propertyId: 5, value: {intValue: 1195593728, floatValue: 50000}
[05/19 14:33:38.375158][debug][34448][HostProtocol.cpp:461] get property value success! propertyId=154, cur={intValue: 1223959552, floatValue: 500000}, max={intValue: 1236736768, floatValue: 1.5e+06}, min={intValue: 1203982336, floatValue: 100000},def={intValue: 1229148160, floatValue: 800000},step={intValue: 1169915904, floatValue: 6000}
[05/19 14:33:38.375168][debug][34448][PropertyAccessor.cpp:28] get property value success! propertyId: 154, value: {intValue: 1223959552, floatValue: 500000}
[05/19 14:33:38.375535][debug][34448][HostProtocol.cpp:461] get property value success! propertyId=155, cur={intValue: 1223959552, floatValue: 500000}, max={intValue: 1236736768, floatValue: 1.5e+06}, min={intValue: 1203982336, floatValue: 100000},def={intValue: 1229148160, floatValue: 800000},step={intValue: 1169915904, floatValue: 6000}
[05/19 14:33:38.375544][debug][34448][PropertyAccessor.cpp:28] get property value success! propertyId: 155, value: {intValue: 1223959552, floatValue: 500000}
[05/19 14:33:38.375903][debug][34448][HostProtocol.cpp:461] get property value success! propertyId=160, cur={intValue: 100, floatValue: 1.4013e-43}, max={intValue: 100, floatValue: 1.4013e-43}, min={intValue: 0, floatValue: 0},def={intValue: 50, floatValue: 7.00649e-44},step={intValue: 1, floatValue: 1.4013e-45}
[05/19 14:33:38.375913][debug][34448][PropertyAccessor.cpp:28] get property value success! propertyId: 160, value: {intValue: 100, floatValue: 1.4013e-43}
[05/19 14:33:38.376243][debug][34448][HostProtocol.cpp:461] get property value success! propertyId=160, cur={intValue: 100, floatValue: 1.4013e-43}, max={intValue: 100, floatValue: 1.4013e-43}, min={intValue: 0, floatValue: 0},def={intValue: 50, floatValue: 7.00649e-44},step={intValue: 1, floatValue: 1.4013e-45}
[05/19 14:33:38.376252][debug][34448][PropertyAccessor.cpp:28] get property value success! propertyId: 160, value: {intValue: 100, floatValue: 1.4013e-43}
[05/19 14:33:38.376586][debug][34448][HostProtocol.cpp:461] get property value success! propertyId=161, cur={intValue: 50, floatValue: 7.00649e-44}, max={intValue: 100, floatValue: 1.4013e-43}, min={intValue: 0, floatValue: 0},def={intValue: 50, floatValue: 7.00649e-44},step={intValue: 1, floatValue: 1.4013e-45}
[05/19 14:33:38.376596][debug][34448][PropertyAccessor.cpp:28] get property value success! propertyId: 161, value: {intValue: 50, floatValue: 7.00649e-44}
[05/19 14:33:38.376605][debug][34448][HostProtocol.cpp:425] Set property value, propertyId=2026, value={intValue: 3000, floatValue: 4.2039e-42}
[05/19 14:33:38.385880][debug][34448][PropertyAccessor.cpp:17] set property value success! propertyId: 2026, value: {intValue: 3000, floatValue: 4.2039e-42}
[05/19 14:33:38.393968][debug][34448][PropertyAccessor.cpp:17] set property value success! propertyId: 2027, value: {intValue: 1000, floatValue: 1.4013e-42}
[05/19 14:33:38.403761][debug][34448][PropertyAccessor.cpp:17] set property value success! propertyId: 2025, value: {intValue: 0, floatValue: 0}
[05/19 14:33:38.411884][debug][34448][PropertyAccessor.cpp:17] set property value success! propertyId: 2027, value: {intValue: 1000, floatValue: 1.4013e-42}
[05/19 14:33:38.411940][debug][34448][HostProtocol.cpp:425] Set property value, propertyId=160, value={intValue: 100, floatValue: 1.4013e-43}
[05/19 14:33:38.412810][debug][34448][PropertyAccessor.cpp:17] set property value success! propertyId: 160, value: {intValue: 100, floatValue: 1.4013e-43}
[05/19 14:33:38.412856][debug][34448][HostProtocol.cpp:425] Set property value, propertyId=161, value={intValue: 50, floatValue: 7.00649e-44}
[05/19 14:33:38.413550][debug][34448][PropertyAccessor.cpp:17] set property value success! propertyId: 161, value: {intValue: 50, floatValue: 7.00649e-44}
[05/19 14:33:38.414256][debug][34448][HostProtocol.cpp:461] get property value success! propertyId=2026, cur={intValue: 2500, floatValue: 3.50325e-42}, max={intValue: 3000, floatValue: 4.2039e-42}, min={intValue: 100, floatValue: 1.4013e-43},def={intValue: 3000, floatValue: 4.2039e-42},step={intValue: 1, floatValue: 1.4013e-45}
[05/19 14:33:38.414295][debug][34448][PropertyAccessor.cpp:34] get property value range success! propertyId: 2026, range: {max: {intValue: 3000, floatValue: 4.2039e-42}, min: {intValue: 100, floatValue: 1.4013e-43}, step: {intValue: 1, floatValue: 1.4013e-45}, def: {intValue: 3000, floatValue: 4.2039e-42}}
[05/19 14:33:38.414305][debug][34448][HostProtocol.cpp:425] Set property value, propertyId=2026, value={intValue: 3000, floatValue: 4.2039e-42}
[05/19 14:33:38.423838][debug][34448][PropertyAccessor.cpp:17] set property value success! propertyId: 2026, value: {intValue: 3000, floatValue: 4.2039e-42}
[05/19 14:33:38.424721][debug][34448][HostProtocol.cpp:461] get property value success! propertyId=2026, cur={intValue: 3000, floatValue: 4.2039e-42}, max={intValue: 3000, floatValue: 4.2039e-42}, min={intValue: 100, floatValue: 1.4013e-43},def={intValue: 3000, floatValue: 4.2039e-42},step={intValue: 1, floatValue: 1.4013e-45}
[05/19 14:33:38.424750][debug][34448][PropertyAccessor.cpp:34] get property value range success! propertyId: 2026, range: {max: {intValue: 3000, floatValue: 4.2039e-42}, min: {intValue: 100, floatValue: 1.4013e-43}, step: {intValue: 1, floatValue: 1.4013e-45}, def: {intValue: 3000, floatValue: 4.2039e-42}}
[05/19 14:33:38.427169][debug][34448][PropertyAccessor.cpp:34] get property value range success! propertyId: 2027, range: {max: {intValue: 15000, floatValue: 2.10195e-41}, min: {intValue: 1000, floatValue: 1.4013e-42}, step: {intValue: 100, floatValue: 1.4013e-43}, def: {intValue: 1000, floatValue: 1.4013e-42}}
[05/19 14:33:38.428124][debug][34448][HostProtocol.cpp:461] get property value success! propertyId=5, cur={intValue: 1195593728, floatValue: 50000}, max={intValue: 1205262336, floatValue: 110000}, min={intValue: 1188229120, floatValue: 27000},def={intValue: 1195593728, floatValue: 50000},step={intValue: 1169915904, floatValue: 6000}
[05/19 14:33:38.428148][debug][34448][PropertyAccessor.cpp:28] get property value success! propertyId: 5, value: {intValue: 1195593728, floatValue: 50000}
[05/19 14:33:38.428871][debug][34448][HostProtocol.cpp:461] get property value success! propertyId=154, cur={intValue: 1223959552, floatValue: 500000}, max={intValue: 1236736768, floatValue: 1.5e+06}, min={intValue: 1203982336, floatValue: 100000},def={intValue: 1229148160, floatValue: 800000},step={intValue: 1169915904, floatValue: 6000}
[05/19 14:33:38.428889][debug][34448][PropertyAccessor.cpp:28] get property value success! propertyId: 154, value: {intValue: 1223959552, floatValue: 500000}
[05/19 14:33:38.429650][debug][34448][HostProtocol.cpp:461] get property value success! propertyId=155, cur={intValue: 1223959552, floatValue: 500000}, max={intValue: 1236736768, floatValue: 1.5e+06}, min={intValue: 1203982336, floatValue: 100000},def={intValue: 1229148160, floatValue: 800000},step={intValue: 1169915904, floatValue: 6000}
[05/19 14:33:38.429662][debug][34448][PropertyAccessor.cpp:28] get property value success! propertyId: 155, value: {intValue: 1223959552, floatValue: 500000}
[05/19 14:33:38.430408][debug][34448][HostProtocol.cpp:461] get property value success! propertyId=160, cur={intValue: 100, floatValue: 1.4013e-43}, max={intValue: 100, floatValue: 1.4013e-43}, min={intValue: 0, floatValue: 0},def={intValue: 50, floatValue: 7.00649e-44},step={intValue: 1, floatValue: 1.4013e-45}
[05/19 14:33:38.430420][debug][34448][PropertyAccessor.cpp:28] get property value success! propertyId: 160, value: {intValue: 100, floatValue: 1.4013e-43}
[05/19 14:33:38.431259][debug][34448][HostProtocol.cpp:461] get property value success! propertyId=160, cur={intValue: 100, floatValue: 1.4013e-43}, max={intValue: 100, floatValue: 1.4013e-43}, min={intValue: 0, floatValue: 0},def={intValue: 50, floatValue: 7.00649e-44},step={intValue: 1, floatValue: 1.4013e-45}
[05/19 14:33:38.431277][debug][34448][PropertyAccessor.cpp:28] get property value success! propertyId: 160, value: {intValue: 100, floatValue: 1.4013e-43}
[05/19 14:33:38.432031][debug][34448][HostProtocol.cpp:461] get property value success! propertyId=161, cur={intValue: 50, floatValue: 7.00649e-44}, max={intValue: 100, floatValue: 1.4013e-43}, min={intValue: 0, floatValue: 0},def={intValue: 50, floatValue: 7.00649e-44},step={intValue: 1, floatValue: 1.4013e-45}
[05/19 14:33:38.432050][debug][34448][PropertyAccessor.cpp:28] get property value success! propertyId: 161, value: {intValue: 50, floatValue: 7.00649e-44}
[05/19 14:33:38.433511][debug][34448][PropertyAccessor.cpp:28] get property value success! propertyId: 2027, value: {intValue: 1000, floatValue: 1.4013e-42}
[05/19 14:33:38.433906][debug][34448][PropertyAccessor.cpp:28] get property value success! propertyId: 2025, value: {intValue: 0, floatValue: 0}
[05/19 14:33:38.434551][debug][34448][HostProtocol.cpp:461] get property value success! propertyId=2026, cur={intValue: 3000, floatValue: 4.2039e-42}, max={intValue: 3000, floatValue: 4.2039e-42}, min={intValue: 100, floatValue: 1.4013e-43},def={intValue: 3000, floatValue: 4.2039e-42},step={intValue: 1, floatValue: 1.4013e-45}
[05/19 14:33:38.434563][debug][34448][PropertyAccessor.cpp:34] get property value range success! propertyId: 2026, range: {max: {intValue: 3000, floatValue: 4.2039e-42}, min: {intValue: 100, floatValue: 1.4013e-43}, step: {intValue: 1, floatValue: 1.4013e-45}, def: {intValue: 3000, floatValue: 4.2039e-42}}
[05/19 14:33:38.437119][debug][34448][PropertyAccessor.cpp:34] get property value range success! propertyId: 2027, range: {max: {intValue: 15000, floatValue: 2.10195e-41}, min: {intValue: 1000, floatValue: 1.4013e-42}, step: {intValue: 100, floatValue: 1.4013e-43}, def: {intValue: 1000, floatValue: 1.4013e-42}}
[05/19 14:33:38.437928][debug][34448][HostProtocol.cpp:461] get property value success! propertyId=2026, cur={intValue: 3000, floatValue: 4.2039e-42}, max={intValue: 3000, floatValue: 4.2039e-42}, min={intValue: 100, floatValue: 1.4013e-43},def={intValue: 3000, floatValue: 4.2039e-42},step={intValue: 1, floatValue: 1.4013e-45}
[05/19 14:33:38.437942][debug][34448][PropertyAccessor.cpp:28] get property value success! propertyId: 2026, value: {intValue: 3000, floatValue: 4.2039e-42}
[05/19 14:33:38.439057][debug][34448][PropertyAccessor.cpp:28] get property value success! propertyId: 2027, value: {intValue: 1000, floatValue: 1.4013e-42}
[05/19 14:33:38.440039][debug][34448][HostProtocol.cpp:461] get property value success! propertyId=5, cur={intValue: 1195593728, floatValue: 50000}, max={intValue: 1205262336, floatValue: 110000}, min={intValue: 1188229120, floatValue: 27000},def={intValue: 1195593728, floatValue: 50000},step={intValue: 1169915904, floatValue: 6000}
[05/19 14:33:38.440066][debug][34448][PropertyAccessor.cpp:28] get property value success! propertyId: 5, value: {intValue: 1195593728, floatValue: 50000}
[05/19 14:33:38.440955][debug][34448][HostProtocol.cpp:461] get property value success! propertyId=154, cur={intValue: 1223959552, floatValue: 500000}, max={intValue: 1236736768, floatValue: 1.5e+06}, min={intValue: 1203982336, floatValue: 100000},def={intValue: 1229148160, floatValue: 800000},step={intValue: 1169915904, floatValue: 6000}
[05/19 14:33:38.440986][debug][34448][PropertyAccessor.cpp:28] get property value success! propertyId: 154, value: {intValue: 1223959552, floatValue: 500000}
[05/19 14:33:38.441858][debug][34448][HostProtocol.cpp:461] get property value success! propertyId=155, cur={intValue: 1223959552, floatValue: 500000}, max={intValue: 1236736768, floatValue: 1.5e+06}, min={intValue: 1203982336, floatValue: 100000},def={intValue: 1229148160, floatValue: 800000},step={intValue: 1169915904, floatValue: 6000}
[05/19 14:33:38.441875][debug][34448][PropertyAccessor.cpp:28] get property value success! propertyId: 155, value: {intValue: 1223959552, floatValue: 500000}
[05/19 14:33:38.442777][debug][34448][HostProtocol.cpp:461] get property value success! propertyId=160, cur={intValue: 100, floatValue: 1.4013e-43}, max={intValue: 100, floatValue: 1.4013e-43}, min={intValue: 0, floatValue: 0},def={intValue: 50, floatValue: 7.00649e-44},step={intValue: 1, floatValue: 1.4013e-45}
[05/19 14:33:38.442790][debug][34448][PropertyAccessor.cpp:28] get property value success! propertyId: 160, value: {intValue: 100, floatValue: 1.4013e-43}
[05/19 14:33:38.443559][debug][34448][HostProtocol.cpp:461] get property value success! propertyId=160, cur={intValue: 100, floatValue: 1.4013e-43}, max={intValue: 100, floatValue: 1.4013e-43}, min={intValue: 0, floatValue: 0},def={intValue: 50, floatValue: 7.00649e-44},step={intValue: 1, floatValue: 1.4013e-45}
[05/19 14:33:38.443570][debug][34448][PropertyAccessor.cpp:28] get property value success! propertyId: 160, value: {intValue: 100, floatValue: 1.4013e-43}
[05/19 14:33:38.444345][debug][34448][HostProtocol.cpp:461] get property value success! propertyId=161, cur={intValue: 50, floatValue: 7.00649e-44}, max={intValue: 100, floatValue: 1.4013e-43}, min={intValue: 0, floatValue: 0},def={intValue: 50, floatValue: 7.00649e-44},step={intValue: 1, floatValue: 1.4013e-45}
[05/19 14:33:38.444357][debug][34448][PropertyAccessor.cpp:28] get property value success! propertyId: 161, value: {intValue: 50, floatValue: 7.00649e-44}
[05/19 14:33:38.444374][debug][34448][HostProtocol.cpp:425] Set property value, propertyId=2026, value={intValue: 3000, floatValue: 4.2039e-42}
[05/19 14:33:38.453770][debug][34448][PropertyAccessor.cpp:17] set property value success! propertyId: 2026, value: {intValue: 3000, floatValue: 4.2039e-42}
[05/19 14:33:38.461913][debug][34448][PropertyAccessor.cpp:17] set property value success! propertyId: 2027, value: {intValue: 1000, floatValue: 1.4013e-42}
[05/19 14:33:38.464733][debug][27820][HostProtocol.cpp:425] Set property value, propertyId=152, value={intValue: 1, floatValue: 1.4013e-45}
[05/19 14:33:38.466860][debug][27820][PropertyAccessor.cpp:17] set property value success! propertyId: 152, value: {intValue: 1, floatValue: 1.4013e-45}
[05/19 14:33:38.466879][debug][27820][HostProtocol.cpp:425] Set property value, propertyId=153, value={intValue: 1, floatValue: 1.4013e-45}
[05/19 14:33:38.468920][debug][27820][PropertyAccessor.cpp:17] set property value success! propertyId: 153, value: {intValue: 1, floatValue: 1.4013e-45}
[05/19 14:33:38.848320][debug][27820][HostProtocol.cpp:425] Set property value, propertyId=161, value={intValue: 50, floatValue: 7.00649e-44}
[05/19 14:33:38.849305][debug][27820][PropertyAccessor.cpp:17] set property value success! propertyId: 161, value: {intValue: 50, floatValue: 7.00649e-44}
[05/19 14:33:38.869342][debug][22728][HostProtocol.cpp:425] Set property value, propertyId=164, value={intValue: 4, floatValue: 5.60519e-45}
[05/19 14:33:38.870222][debug][22728][PropertyAccessor.cpp:17] set property value success! propertyId: 164, value: {intValue: 4, floatValue: 5.60519e-45}
[05/19 14:33:39.049947][debug][27820][HostProtocol.cpp:425] Set property value, propertyId=2026, value={intValue: 2560, floatValue: 3.58732e-42}
[05/19 14:33:39.059538][debug][27820][PropertyAccessor.cpp:17] set property value success! propertyId: 2026, value: {intValue: 2560, floatValue: 3.58732e-42}
[05/19 14:33:39.269430][debug][27820][HostProtocol.cpp:461] get property value success! propertyId=154, cur={intValue: 1223959552, floatValue: 500000}, max={intValue: 1236736768, floatValue: 1.5e+06}, min={intValue: 1203982336, floatValue: 100000},def={intValue: 1229148160, floatValue: 800000},step={intValue: 1169915904, floatValue: 6000}
[05/19 14:33:39.269477][debug][27820][PropertyAccessor.cpp:34] get property value range success! propertyId: 154, range: {max: {intValue: 1236736768, floatValue: 1.5e+06}, min: {intValue: 1203982336, floatValue: 100000}, step: {intValue: 1169915904, floatValue: 6000}, def: {intValue: 1229148160, floatValue: 800000}}
[05/19 14:33:39.269490][debug][27820][HostProtocol.cpp:425] Set property value, propertyId=154, value={intValue: 1220407552, floatValue: 389000}
[05/19 14:33:39.271168][debug][27820][PropertyAccessor.cpp:17] set property value success! propertyId: 154, value: {intValue: 1220407552, floatValue: 389000}
[05/19 14:33:39.288642][debug][27820][HostProtocol.cpp:461] get property value success! propertyId=155, cur={intValue: 1223959552, floatValue: 500000}, max={intValue: 1236736768, floatValue: 1.5e+06}, min={intValue: 1203982336, floatValue: 100000},def={intValue: 1229148160, floatValue: 800000},step={intValue: 1169915904, floatValue: 6000}
[05/19 14:33:39.288669][debug][27820][PropertyAccessor.cpp:34] get property value range success! propertyId: 155, range: {max: {intValue: 1236736768, floatValue: 1.5e+06}, min: {intValue: 1203982336, floatValue: 100000}, step: {intValue: 1169915904, floatValue: 6000}, def: {intValue: 1229148160, floatValue: 800000}}
[05/19 14:33:39.288680][debug][27820][HostProtocol.cpp:425] Set property value, propertyId=155, value={intValue: 1220407552, floatValue: 389000}
[05/19 14:33:39.290524][debug][27820][PropertyAccessor.cpp:17] set property value success! propertyId: 155, value: {intValue: 1220407552, floatValue: 389000}
[05/19 14:33:39.470444][debug][27820][HostProtocol.cpp:425] Set property value, propertyId=2026, value={intValue: 2450, floatValue: 3.43318e-42}
[05/19 14:33:39.480133][debug][27820][PropertyAccessor.cpp:17] set property value success! propertyId: 2026, value: {intValue: 2450, floatValue: 3.43318e-42}
[05/19 14:33:39.519452][debug][22728][HostProtocol.cpp:425] Set property value, propertyId=164, value={intValue: 3, floatValue: 4.2039e-45}
[05/19 14:33:39.520374][debug][22728][PropertyAccessor.cpp:17] set property value success! propertyId: 164, value: {intValue: 3, floatValue: 4.2039e-45}
[05/19 14:33:39.670006][debug][9324][PropertyAccessor.cpp:17] set property value success! propertyId: 2003, value: {intValue: 0, floatValue: 0}
[05/19 14:33:39.689768][debug][27820][HostProtocol.cpp:461] get property value success! propertyId=154, cur={intValue: 1220407552, floatValue: 389000}, max={intValue: 1236736768, floatValue: 1.5e+06}, min={intValue: 1203982336, floatValue: 100000},def={intValue: 1229148160, floatValue: 800000},step={intValue: 1169915904, floatValue: 6000}
[05/19 14:33:39.689806][debug][27820][PropertyAccessor.cpp:34] get property value range success! propertyId: 154, range: {max: {intValue: 1236736768, floatValue: 1.5e+06}, min: {intValue: 1203982336, floatValue: 100000}, step: {intValue: 1169915904, floatValue: 6000}, def: {intValue: 1229148160, floatValue: 800000}}
[05/19 14:33:39.689819][debug][27820][HostProtocol.cpp:425] Set property value, propertyId=154, value={intValue: 1217921152, floatValue: 311300}
[05/19 14:33:39.691781][debug][27820][PropertyAccessor.cpp:17] set property value success! propertyId: 154, value: {intValue: 1217921152, floatValue: 311300}
[05/19 14:33:39.711066][debug][27820][HostProtocol.cpp:461] get property value success! propertyId=155, cur={intValue: 1220407552, floatValue: 389000}, max={intValue: 1236736768, floatValue: 1.5e+06}, min={intValue: 1203982336, floatValue: 100000},def={intValue: 1229148160, floatValue: 800000},step={intValue: 1169915904, floatValue: 6000}
[05/19 14:33:39.711106][debug][27820][PropertyAccessor.cpp:34] get property value range success! propertyId: 155, range: {max: {intValue: 1236736768, floatValue: 1.5e+06}, min: {intValue: 1203982336, floatValue: 100000}, step: {intValue: 1169915904, floatValue: 6000}, def: {intValue: 1229148160, floatValue: 800000}}
[05/19 14:33:39.711121][debug][27820][HostProtocol.cpp:425] Set property value, propertyId=155, value={intValue: 1217921152, floatValue: 311300}
[05/19 14:33:39.712769][debug][27820][PropertyAccessor.cpp:17] set property value success! propertyId: 155, value: {intValue: 1217921152, floatValue: 311300}
[05/19 14:33:39.889876][debug][27820][HostProtocol.cpp:425] Set property value, propertyId=2026, value={intValue: 2340, floatValue: 3.27904e-42}
[05/19 14:33:39.899650][debug][27820][PropertyAccessor.cpp:17] set property value success! propertyId: 2026, value: {intValue: 2340, floatValue: 3.27904e-42}
[05/19 14:33:40.130113][debug][27820][HostProtocol.cpp:461] get property value success! propertyId=154, cur={intValue: 1217921152, floatValue: 311300}, max={intValue: 1236736768, floatValue: 1.5e+06}, min={intValue: 1203982336, floatValue: 100000},def={intValue: 1229148160, floatValue: 800000},step={intValue: 1169915904, floatValue: 6000}
[05/19 14:33:40.130156][debug][27820][PropertyAccessor.cpp:34] get property value range success! propertyId: 154, range: {max: {intValue: 1236736768, floatValue: 1.5e+06}, min: {intValue: 1203982336, floatValue: 100000}, step: {intValue: 1169915904, floatValue: 6000}, def: {intValue: 1229148160, floatValue: 800000}}
[05/19 14:33:40.130170][debug][27820][HostProtocol.cpp:425] Set property value, propertyId=154, value={intValue: 1216013184, floatValue: 256910}
[05/19 14:33:40.131949][debug][27820][PropertyAccessor.cpp:17] set property value success! propertyId: 154, value: {intValue: 1216013184, floatValue: 256910}
[05/19 14:33:40.150049][debug][27820][HostProtocol.cpp:461] get property value success! propertyId=155, cur={intValue: 1217921152, floatValue: 311300}, max={intValue: 1236736768, floatValue: 1.5e+06}, min={intValue: 1203982336, floatValue: 100000},def={intValue: 1229148160, floatValue: 800000},step={intValue: 1169915904, floatValue: 6000}
[05/19 14:33:40.150083][debug][27820][PropertyAccessor.cpp:34] get property value range success! propertyId: 155, range: {max: {intValue: 1236736768, floatValue: 1.5e+06}, min: {intValue: 1203982336, floatValue: 100000}, step: {intValue: 1169915904, floatValue: 6000}, def: {intValue: 1229148160, floatValue: 800000}}
[05/19 14:33:40.150096][debug][27820][HostProtocol.cpp:425] Set property value, propertyId=155, value={intValue: 1216013184, floatValue: 256910}
[05/19 14:33:40.151779][debug][27820][PropertyAccessor.cpp:17] set property value success! propertyId: 155, value: {intValue: 1216013184, floatValue: 256910}
[05/19 14:33:40.309909][debug][27820][HostProtocol.cpp:425] Set property value, propertyId=2026, value={intValue: 2230, floatValue: 3.1249e-42}
[05/19 14:33:40.319674][debug][27820][PropertyAccessor.cpp:17] set property value success! propertyId: 2026, value: {intValue: 2230, floatValue: 3.1249e-42}
[05/19 14:33:40.729747][debug][27820][HostProtocol.cpp:425] Set property value, propertyId=2026, value={intValue: 2120, floatValue: 2.97075e-42}
[05/19 14:33:40.739284][debug][27820][PropertyAccessor.cpp:17] set property value success! propertyId: 2026, value: {intValue: 2120, floatValue: 2.97075e-42}
[05/19 14:33:40.940980][debug][20764][Pipeline.cpp:267] Frame received on pipeline! type=OB_FRAME_IR_RIGHT [**143 logs in 3018ms, last: 14:33:40.916852**]
[05/19 14:33:40.980187][debug][25904][Pipeline.cpp:267] Frame received on pipeline! type=OB_FRAME_IR_LEFT [**141 logs in 3019ms, last: 14:33:40.916840**]
[05/19 14:33:41.008512][debug][27820][HostProtocol.cpp:461] get property value success! propertyId=154, cur={intValue: 1216013184, floatValue: 256910}, max={intValue: 1236736768, floatValue: 1.5e+06}, min={intValue: 1203982336, floatValue: 100000},def={intValue: 1229148160, floatValue: 800000},step={intValue: 1169915904, floatValue: 6000}
[05/19 14:33:41.008543][debug][27820][PropertyAccessor.cpp:34] get property value range success! propertyId: 154, range: {max: {intValue: 1236736768, floatValue: 1.5e+06}, min: {intValue: 1203982336, floatValue: 100000}, step: {intValue: 1169915904, floatValue: 6000}, def: {intValue: 1229148160, floatValue: 800000}}
[05/19 14:33:41.008555][debug][27820][HostProtocol.cpp:425] Set property value, propertyId=154, value={intValue: 1212598784, floatValue: 203560}
[05/19 14:33:41.010313][debug][27820][PropertyAccessor.cpp:17] set property value success! propertyId: 154, value: {intValue: 1212598784, floatValue: 203560}
[05/19 14:33:41.028846][debug][27820][HostProtocol.cpp:461] get property value success! propertyId=155, cur={intValue: 1216013184, floatValue: 256910}, max={intValue: 1236736768, floatValue: 1.5e+06}, min={intValue: 1203982336, floatValue: 100000},def={intValue: 1229148160, floatValue: 800000},step={intValue: 1169915904, floatValue: 6000}
[05/19 14:33:41.028884][debug][27820][PropertyAccessor.cpp:34] get property value range success! propertyId: 155, range: {max: {intValue: 1236736768, floatValue: 1.5e+06}, min: {intValue: 1203982336, floatValue: 100000}, step: {intValue: 1169915904, floatValue: 6000}, def: {intValue: 1229148160, floatValue: 800000}}
[05/19 14:33:41.029039][debug][27820][HostProtocol.cpp:425] Set property value, propertyId=155, value={intValue: 1212598784, floatValue: 203560}
[05/19 14:33:41.030799][debug][27820][PropertyAccessor.cpp:17] set property value success! propertyId: 155, value: {intValue: 1212598784, floatValue: 203560}
[05/19 14:33:41.136520][warning][11928][Pipeline.cpp:289] Pipeline source frameset queue fulled, drop the oldest frame! [**3 logs in 3020ms, last: 14:33:38.176052**]
[05/19 14:33:41.990803][debug][27820][HostProtocol.cpp:425] Set property value, propertyId=2026, value={intValue: 2010, floatValue: 2.81661e-42}
[05/19 14:33:42.000409][debug][27820][PropertyAccessor.cpp:17] set property value success! propertyId: 2026, value: {intValue: 2010, floatValue: 2.81661e-42}
[05/19 14:33:42.812858][debug][22728][HostProtocol.cpp:425] Set property value, propertyId=183, value={intValue: 1, floatValue: 1.4013e-45}
[05/19 14:33:42.813787][debug][22728][PropertyAccessor.cpp:17] set property value success! propertyId: 183, value: {intValue: 1, floatValue: 1.4013e-45}
[05/19 14:33:42.835673][debug][22728][HostProtocol.cpp:425] Set property value, propertyId=183, value={intValue: 0, floatValue: 0}
[05/19 14:33:42.836609][debug][22728][PropertyAccessor.cpp:17] set property value success! propertyId: 183, value: {intValue: 0, floatValue: 0}
[05/19 14:33:42.847759][debug][22216][AccelSensor.cpp:213] Accel Sensor Streaming... frameRate=199.560089fps
[05/19 14:33:42.936395][debug][7560][VideoSensor.cpp:414] OB_SENSOR_IR_RIGHT Streaming... frameRate=46.840740fps,bitRate=863.368530Mbps
[05/19 14:33:42.976374][debug][7560][VideoSensor.cpp:414] OB_SENSOR_IR_LEFT Streaming... frameRate=47.030689fps,bitRate=866.869629Mbps
[05/19 14:33:42.977372][debug][30512][Pipeline.cpp:271] Pipeline streaming... frameset output rate=47.638027fps
[05/19 14:33:45.452013][debug][22728][HostProtocol.cpp:425] Set property value, propertyId=183, value={intValue: 1, floatValue: 1.4013e-45}
[05/19 14:33:45.452735][debug][22728][PropertyAccessor.cpp:17] set property value success! propertyId: 183, value: {intValue: 1, floatValue: 1.4013e-45}
[05/19 14:33:45.476081][debug][22728][HostProtocol.cpp:425] Set property value, propertyId=183, value={intValue: 0, floatValue: 0}
[05/19 14:33:45.476844][debug][22728][PropertyAccessor.cpp:17] set property value success! propertyId: 183, value: {intValue: 0, floatValue: 0}
[05/19 14:33:45.500675][debug][22728][HostProtocol.cpp:425] Set property value, propertyId=183, value={intValue: 1, floatValue: 1.4013e-45}
[05/19 14:33:45.501571][debug][22728][PropertyAccessor.cpp:17] set property value success! propertyId: 183, value: {intValue: 1, floatValue: 1.4013e-45}
[05/19 14:33:45.789673][debug][27820][HostProtocol.cpp:425] Set property value, propertyId=3, value={intValue: 0, floatValue: 0}
[05/19 14:33:45.791715][debug][27820][PropertyAccessor.cpp:17] set property value success! propertyId: 3, value: {intValue: 0, floatValue: 0}
[05/19 14:33:45.791734][debug][27820][HostProtocol.cpp:425] Set property value, propertyId=152, value={intValue: 0, floatValue: 0}
[05/19 14:33:45.793560][debug][27820][PropertyAccessor.cpp:17] set property value success! propertyId: 152, value: {intValue: 0, floatValue: 0}
[05/19 14:33:45.793591][debug][27820][HostProtocol.cpp:425] Set property value, propertyId=153, value={intValue: 0, floatValue: 0}
[05/19 14:33:45.795407][debug][27820][PropertyAccessor.cpp:17] set property value success! propertyId: 153, value: {intValue: 0, floatValue: 0}
[05/19 14:33:45.954134][debug][22728][HostProtocol.cpp:425] Set property value, propertyId=164, value={intValue: 5, floatValue: 7.00649e-45}
[05/19 14:33:45.954829][debug][22728][PropertyAccessor.cpp:17] set property value success! propertyId: 164, value: {intValue: 5, floatValue: 7.00649e-45}
[05/19 14:33:46.069678][debug][22728][HostProtocol.cpp:425] Set property value, propertyId=183, value={intValue: 0, floatValue: 0}
[05/19 14:33:46.070387][debug][22728][PropertyAccessor.cpp:17] set property value success! propertyId: 183, value: {intValue: 0, floatValue: 0}
[05/19 14:33:46.189197][debug][27820][HostProtocol.cpp:425] Set property value, propertyId=152, value={intValue: 1, floatValue: 1.4013e-45}
[05/19 14:33:46.191326][debug][27820][PropertyAccessor.cpp:17] set property value success! propertyId: 152, value: {intValue: 1, floatValue: 1.4013e-45}
[05/19 14:33:46.191358][debug][27820][HostProtocol.cpp:425] Set property value, propertyId=153, value={intValue: 1, floatValue: 1.4013e-45}
[05/19 14:33:46.193282][debug][27820][PropertyAccessor.cpp:17] set property value success! propertyId: 153, value: {intValue: 1, floatValue: 1.4013e-45}
[05/19 14:33:46.356851][debug][22728][HostProtocol.cpp:425] Set property value, propertyId=164, value={intValue: 3, floatValue: 4.2039e-45}
[05/19 14:33:46.357741][debug][22728][PropertyAccessor.cpp:17] set property value success! propertyId: 164, value: {intValue: 3, floatValue: 4.2039e-45}
[05/19 14:33:46.958403][debug][33596][Pipeline.cpp:267] Frame received on pipeline! type=OB_FRAME_IR_RIGHT [**282 logs in 6017ms**]
[05/19 14:33:46.998440][debug][30512][Pipeline.cpp:267] Frame received on pipeline! type=OB_FRAME_IR_LEFT [**284 logs in 6018ms**]
[05/19 14:33:47.786477][debug][31280][PropertyAccessor.cpp:71] get cmd version success! propertyId: 1056, version: 0
[05/19 14:33:47.787372][debug][31280][PropertyAccessor.cpp:79] get struct data success! propertyId: 1056
[05/19 14:33:47.854110][debug][22216][AccelSensor.cpp:213] Accel Sensor Streaming... frameRate=198.522064fps
[05/19 14:33:47.937693][debug][7560][VideoSensor.cpp:414] OB_SENSOR_IR_RIGHT Streaming... frameRate=47.190563fps,bitRate=869.816467Mbps
[05/19 14:33:47.977856][debug][29352][VideoSensor.cpp:414] OB_SENSOR_IR_LEFT Streaming... frameRate=46.990604fps,bitRate=866.130798Mbps
[05/19 14:33:47.978790][debug][30512][Pipeline.cpp:271] Pipeline streaming... frameset output rate=47.590481fps
[05/19 14:33:49.036794][debug][22728][HostProtocol.cpp:425] Set property value, propertyId=186, value={intValue: 1, floatValue: 1.4013e-45}
[05/19 14:33:49.040202][debug][22728][PropertyAccessor.cpp:17] set property value success! propertyId: 186, value: {intValue: 1, floatValue: 1.4013e-45}
[05/19 14:33:52.856124][debug][22216][AccelSensor.cpp:213] Accel Sensor Streaming... frameRate=199.520203fps
[05/19 14:33:52.938887][debug][24736][VideoSensor.cpp:414] OB_SENSOR_IR_RIGHT Streaming... frameRate=48.590282fps,bitRate=895.616089Mbps
[05/19 14:33:52.978992][debug][29352][VideoSensor.cpp:414] OB_SENSOR_IR_LEFT Streaming... frameRate=47.990402fps,bitRate=884.559082Mbps
[05/19 14:33:52.979871][debug][30512][Pipeline.cpp:271] Pipeline streaming... frameset output rate=48.590282fps
[05/19 14:33:54.960771][debug][16524][HostProtocol.cpp:425] Set property value, propertyId=2020, value={intValue: 0, floatValue: 0}
[05/19 14:33:54.962807][debug][16524][FrameProcessingBlock.cpp:74] Process thread stoped! class libobsensor::IMUFrameTransformer@0x23df6562cf0 
[05/19 14:33:54.962820][debug][16524][FrameProcessor.cpp:153] FrameProcessor stoped!
[05/19 14:33:54.962826][debug][16524][HidDevicePort.cpp:93] HidDevicePort::removeWatcher
[05/19 14:33:54.962832][debug][16524][HidDevicePort.cpp:111] HidDevicePort::stopCapture done
[05/19 14:33:54.962838][info][16524][Pipeline.cpp:344] Try to stop pipeline!
[05/19 14:33:54.962843][info][16524][Pipeline.cpp:316] Try to stop streams!
[05/19 14:33:54.962852][debug][16524][VideoSensor.cpp:678] VideoSensor::stop, @OB_SENSOR_IR_RIGHT
[05/19 14:33:54.962861][debug][16524][VideoSensor.cpp:697] Stream state changed to STREAM_STATE_STOPPING. @OB_SENSOR_IR_RIGHT
[05/19 14:33:54.967959][info][16524][MfUvc.cpp:1022] stream flush wait cost time:4ms.
[05/19 14:33:54.969168][debug][16524][VideoSensor.cpp:724] stream stoped! @OB_SENSOR_IR_RIGHT
[05/19 14:33:54.969468][debug][16524][FrameProcessingBlock.cpp:74] Process thread stoped! class libobsensor::FrameMirror@0x23bc12b87c0 
[05/19 14:33:54.969490][debug][16524][FrameProcessor.cpp:153] FrameProcessor stoped!
[05/19 14:33:54.969512][debug][16524][HostProtocol.cpp:425] Set property value, propertyId=38, value={intValue: 1, floatValue: 1.4013e-45}
[05/19 14:33:54.986931][debug][16524][VideoSensor.cpp:732] Stream state changed to STREAM_STATE_STOPED. @OB_SENSOR_IR_RIGHT
[05/19 14:33:54.986972][info][16524][VideoSensor.cpp:734] Video sensor stopped, @OB_SENSOR_IR_RIGHT
[05/19 14:33:54.986979][info][16524][Pipeline.cpp:329] Sensor stream stopped, sensorType=OB_SENSOR_IR_RIGHT
[05/19 14:33:54.986987][debug][16524][VideoSensor.cpp:678] VideoSensor::stop, @OB_SENSOR_IR_LEFT
[05/19 14:33:54.986992][debug][16524][VideoSensor.cpp:697] Stream state changed to STREAM_STATE_STOPPING. @OB_SENSOR_IR_LEFT
[05/19 14:33:54.996263][info][16524][MfUvc.cpp:1022] stream flush wait cost time:9ms.
[05/19 14:33:54.997314][debug][16524][VideoSensor.cpp:724] stream stoped! @OB_SENSOR_IR_LEFT
[05/19 14:33:54.998275][debug][16524][FrameProcessingBlock.cpp:74] Process thread stoped! class libobsensor::FrameMirror@0x23bc12b8fc0 
[05/19 14:33:54.998293][debug][16524][FrameProcessor.cpp:153] FrameProcessor stoped!
[05/19 14:33:54.998315][debug][16524][HostProtocol.cpp:425] Set property value, propertyId=39, value={intValue: 1, floatValue: 1.4013e-45}
[05/19 14:33:55.002937][debug][16524][VideoSensor.cpp:732] Stream state changed to STREAM_STATE_STOPED. @OB_SENSOR_IR_LEFT
[05/19 14:33:55.002966][info][16524][VideoSensor.cpp:734] Video sensor stopped, @OB_SENSOR_IR_LEFT
[05/19 14:33:55.002980][info][16524][Pipeline.cpp:329] Sensor stream stopped, sensorType=OB_SENSOR_IR_LEFT
[05/19 14:33:55.002987][info][16524][Pipeline.cpp:335] Stop streams done!
[05/19 14:33:55.002995][debug][16524][FrameProcessingBlockManager.cpp:84] FrameProcessingBlockManager stoped!
[05/19 14:33:55.003000][debug][16524][FrameProcessingBlockManager.cpp:20] Processing block list cleared!
[05/19 14:33:55.003004][info][16524][Pipeline.cpp:373] Stop pipeline done!
[05/19 14:33:55.003016][debug][16524][Pipeline.cpp:62] Pipeline deInit start!
[05/19 14:33:55.003021][info][16524][Pipeline.cpp:69] Pipeline destroyed! @0x23DFE767D80
[05/19 14:33:55.003054][debug][16524][HostProtocol.cpp:425] Set property value, propertyId=164, value={intValue: 0, floatValue: 0}
[05/19 14:33:55.003741][debug][16524][PropertyAccessor.cpp:17] set property value success! propertyId: 164, value: {intValue: 0, floatValue: 0}
[05/19 14:33:55.003754][debug][16524][HostProtocol.cpp:425] Set property value, propertyId=183, value={intValue: 0, floatValue: 0}
[05/19 14:33:55.004270][debug][16524][PropertyAccessor.cpp:17] set property value success! propertyId: 183, value: {intValue: 0, floatValue: 0}
[05/19 14:33:55.004284][debug][16524][HostProtocol.cpp:425] Set property value, propertyId=158, value={intValue: 0, floatValue: 0}
[05/19 14:33:55.004864][debug][16524][PropertyAccessor.cpp:17] set property value success! propertyId: 158, value: {intValue: 0, floatValue: 0}
[05/19 14:33:55.004916][debug][16524][HostProtocol.cpp:425] Set property value, propertyId=157, value={intValue: 0, floatValue: 0}
[05/19 14:33:55.005319][debug][16524][PropertyAccessor.cpp:17] set property value success! propertyId: 157, value: {intValue: 0, floatValue: 0}
[05/19 14:33:55.005342][debug][16524][HostProtocol.cpp:425] Set property value, propertyId=157, value={intValue: 0, floatValue: 0}
[05/19 14:33:55.005703][debug][16524][PropertyAccessor.cpp:17] set property value success! propertyId: 157, value: {intValue: 0, floatValue: 0}
[05/19 14:33:55.005720][debug][16524][HostProtocol.cpp:425] Set property value, propertyId=3, value={intValue: 0, floatValue: 0}
[05/19 14:33:55.007366][debug][16524][PropertyAccessor.cpp:17] set property value success! propertyId: 3, value: {intValue: 0, floatValue: 0}
[05/19 14:33:55.007394][debug][16524][HostProtocol.cpp:425] Set property value, propertyId=152, value={intValue: 0, floatValue: 0}
[05/19 14:33:55.009185][debug][16524][PropertyAccessor.cpp:17] set property value success! propertyId: 152, value: {intValue: 0, floatValue: 0}
[05/19 14:33:55.009209][debug][16524][HostProtocol.cpp:425] Set property value, propertyId=153, value={intValue: 0, floatValue: 0}
[05/19 14:33:55.010876][debug][16524][PropertyAccessor.cpp:17] set property value success! propertyId: 153, value: {intValue: 0, floatValue: 0}
[05/19 14:33:55.011426][debug][31280][PropertyAccessor.cpp:71] get cmd version success! propertyId: 1056, version: 0
[05/19 14:33:55.011976][debug][31280][PropertyAccessor.cpp:79] get struct data success! propertyId: 1056
[05/19 14:33:58.978944][debug][34452][Pipeline.cpp:267] Frame received on pipeline! type=OB_FRAME_IR_RIGHT [**390 logs in 12020ms, last: 14:33:54.960489**]
[05/19 14:33:59.018133][debug][34456][Pipeline.cpp:267] Frame received on pipeline! type=OB_FRAME_IR_LEFT [**386 logs in 12019ms, last: 14:33:54.980221**]
[05/19 14:33:59.465598][error][4624][GVCPClient.cpp:355] sendto failed with error:10038 [**72 logs in 48073ms, last: 14:33:57.590458**]
[05/19 14:34:05.072188][debug][31280][PropertyAccessor.cpp:71] get cmd version success! propertyId: 1056, version: 0
[05/19 14:34:05.073766][debug][31280][PropertyAccessor.cpp:79] get struct data success! propertyId: 1056
[05/19 14:34:15.110416][debug][31280][PropertyAccessor.cpp:71] get cmd version success! propertyId: 1056, version: 0
[05/19 14:34:15.111420][debug][31280][PropertyAccessor.cpp:79] get struct data success! propertyId: 1056
[05/19 14:34:25.146893][debug][31280][PropertyAccessor.cpp:71] get cmd version success! propertyId: 1056, version: 0
[05/19 14:34:25.148031][debug][31280][PropertyAccessor.cpp:79] get struct data success! propertyId: 1056
[05/19 14:34:35.184606][debug][31280][PropertyAccessor.cpp:71] get cmd version success! propertyId: 1056, version: 0
[05/19 14:34:35.185271][debug][31280][PropertyAccessor.cpp:79] get struct data success! propertyId: 1056
[05/19 14:34:45.216958][debug][31280][PropertyAccessor.cpp:71] get cmd version success! propertyId: 1056, version: 0
[05/19 14:34:45.218068][debug][31280][PropertyAccessor.cpp:79] get struct data success! propertyId: 1056
[05/19 14:34:55.253732][debug][31280][PropertyAccessor.cpp:71] get cmd version success! propertyId: 1056, version: 0
[05/19 14:34:55.255333][debug][31280][PropertyAccessor.cpp:79] get struct data success! propertyId: 1056
[05/19 14:34:59.595065][error][14600][GVCPClient.cpp:355] sendto failed with error:10038 [**90 logs in 60129ms, last: 14:34:57.767475**]
[05/19 14:35:05.290742][debug][31280][PropertyAccessor.cpp:71] get cmd version success! propertyId: 1056, version: 0
[05/19 14:35:05.292042][debug][31280][PropertyAccessor.cpp:79] get struct data success! propertyId: 1056
[05/19 14:35:15.324105][debug][31280][PropertyAccessor.cpp:71] get cmd version success! propertyId: 1056, version: 0
[05/19 14:35:15.325185][debug][31280][PropertyAccessor.cpp:79] get struct data success! propertyId: 1056
[05/19 14:35:25.358027][debug][31280][PropertyAccessor.cpp:71] get cmd version success! propertyId: 1056, version: 0
[05/19 14:35:25.359456][debug][31280][PropertyAccessor.cpp:79] get struct data success! propertyId: 1056
[05/19 14:35:35.390023][debug][31280][PropertyAccessor.cpp:71] get cmd version success! propertyId: 1056, version: 0
[05/19 14:35:35.390748][debug][31280][PropertyAccessor.cpp:79] get struct data success! propertyId: 1056
[05/19 14:35:45.431577][debug][31280][PropertyAccessor.cpp:71] get cmd version success! propertyId: 1056, version: 0
[05/19 14:35:45.433605][debug][31280][PropertyAccessor.cpp:79] get struct data success! propertyId: 1056
[05/19 14:35:55.466865][debug][31280][PropertyAccessor.cpp:71] get cmd version success! propertyId: 1056, version: 0
[05/19 14:35:55.468096][debug][31280][PropertyAccessor.cpp:79] get struct data success! propertyId: 1056
[05/19 14:35:59.772956][error][20956][GVCPClient.cpp:355] sendto failed with error:10038 [**90 logs in 60177ms, last: 14:35:57.941264**]
[05/19 14:36:05.501007][debug][31280][PropertyAccessor.cpp:71] get cmd version success! propertyId: 1056, version: 0
[05/19 14:36:05.502071][debug][31280][PropertyAccessor.cpp:79] get struct data success! propertyId: 1056
[05/19 14:36:15.537297][debug][31280][PropertyAccessor.cpp:71] get cmd version success! propertyId: 1056, version: 0
[05/19 14:36:15.538396][debug][31280][PropertyAccessor.cpp:79] get struct data success! propertyId: 1056
[05/19 14:36:25.570081][debug][31280][PropertyAccessor.cpp:71] get cmd version success! propertyId: 1056, version: 0
[05/19 14:36:25.571067][debug][31280][PropertyAccessor.cpp:79] get struct data success! propertyId: 1056
[05/19 14:36:35.610258][debug][31280][PropertyAccessor.cpp:71] get cmd version success! propertyId: 1056, version: 0
[05/19 14:36:35.611417][debug][31280][PropertyAccessor.cpp:79] get struct data success! propertyId: 1056
[05/19 14:36:45.645565][debug][31280][PropertyAccessor.cpp:71] get cmd version success! propertyId: 1056, version: 0
[05/19 14:36:45.646615][debug][31280][PropertyAccessor.cpp:79] get struct data success! propertyId: 1056
[05/19 14:36:55.681638][debug][31280][PropertyAccessor.cpp:71] get cmd version success! propertyId: 1056, version: 0
[05/19 14:36:55.682746][debug][31280][PropertyAccessor.cpp:79] get struct data success! propertyId: 1056
[05/19 14:36:59.946861][error][33824][GVCPClient.cpp:355] sendto failed with error:10038 [**90 logs in 60173ms, last: 14:36:58.113251**]
[05/19 14:37:05.718964][debug][31280][PropertyAccessor.cpp:71] get cmd version success! propertyId: 1056, version: 0
[05/19 14:37:05.719951][debug][31280][PropertyAccessor.cpp:79] get struct data success! propertyId: 1056
[05/19 14:37:15.754187][debug][31280][PropertyAccessor.cpp:71] get cmd version success! propertyId: 1056, version: 0
[05/19 14:37:15.755232][debug][31280][PropertyAccessor.cpp:79] get struct data success! propertyId: 1056
[05/19 14:37:25.786484][debug][31280][PropertyAccessor.cpp:71] get cmd version success! propertyId: 1056, version: 0
[05/19 14:37:25.787550][debug][31280][PropertyAccessor.cpp:79] get struct data success! propertyId: 1056
[05/19 14:37:35.822514][debug][31280][PropertyAccessor.cpp:71] get cmd version success! propertyId: 1056, version: 0
[05/19 14:37:35.823539][debug][31280][PropertyAccessor.cpp:79] get struct data success! propertyId: 1056
[05/19 14:37:45.857318][debug][31280][PropertyAccessor.cpp:71] get cmd version success! propertyId: 1056, version: 0
[05/19 14:37:45.858493][debug][31280][PropertyAccessor.cpp:79] get struct data success! propertyId: 1056
[05/19 14:37:55.892896][debug][31280][PropertyAccessor.cpp:71] get cmd version success! propertyId: 1056, version: 0
[05/19 14:37:55.893928][debug][31280][PropertyAccessor.cpp:79] get struct data success! propertyId: 1056
[05/19 14:38:00.120448][error][17376][GVCPClient.cpp:355] sendto failed with error:10038 [**90 logs in 60173ms, last: 14:37:58.293169**]
[05/19 14:38:05.927482][debug][31280][PropertyAccessor.cpp:71] get cmd version success! propertyId: 1056, version: 0
[05/19 14:38:05.928519][debug][31280][PropertyAccessor.cpp:79] get struct data success! propertyId: 1056
[05/19 14:38:15.963535][debug][31280][PropertyAccessor.cpp:71] get cmd version success! propertyId: 1056, version: 0
[05/19 14:38:15.964591][debug][31280][PropertyAccessor.cpp:79] get struct data success! propertyId: 1056
[05/19 14:38:25.995768][debug][31280][PropertyAccessor.cpp:71] get cmd version success! propertyId: 1056, version: 0
[05/19 14:38:25.996808][debug][31280][PropertyAccessor.cpp:79] get struct data success! propertyId: 1056
[05/19 14:38:36.034646][debug][31280][PropertyAccessor.cpp:71] get cmd version success! propertyId: 1056, version: 0
[05/19 14:38:36.035730][debug][31280][PropertyAccessor.cpp:79] get struct data success! propertyId: 1056
[05/19 14:38:46.068074][debug][31280][PropertyAccessor.cpp:71] get cmd version success! propertyId: 1056, version: 0
[05/19 14:38:46.069146][debug][31280][PropertyAccessor.cpp:79] get struct data success! propertyId: 1056
[05/19 14:38:56.104771][debug][31280][PropertyAccessor.cpp:71] get cmd version success! propertyId: 1056, version: 0
[05/19 14:38:56.105736][debug][31280][PropertyAccessor.cpp:79] get struct data success! propertyId: 1056
[05/19 14:39:00.298801][error][25528][GVCPClient.cpp:355] sendto failed with error:10038 [**90 logs in 60178ms, last: 14:38:58.468293**]
[05/19 14:39:06.140409][debug][31280][PropertyAccessor.cpp:71] get cmd version success! propertyId: 1056, version: 0
[05/19 14:39:06.141434][debug][31280][PropertyAccessor.cpp:79] get struct data success! propertyId: 1056
[05/19 14:39:16.173462][debug][31280][PropertyAccessor.cpp:71] get cmd version success! propertyId: 1056, version: 0
[05/19 14:39:16.174458][debug][31280][PropertyAccessor.cpp:79] get struct data success! propertyId: 1056
[05/19 14:39:26.205523][debug][31280][PropertyAccessor.cpp:71] get cmd version success! propertyId: 1056, version: 0
[05/19 14:39:26.207303][debug][31280][PropertyAccessor.cpp:79] get struct data success! propertyId: 1056
[05/19 14:39:36.241931][debug][31280][PropertyAccessor.cpp:71] get cmd version success! propertyId: 1056, version: 0
[05/19 14:39:36.242906][debug][31280][PropertyAccessor.cpp:79] get struct data success! propertyId: 1056
[05/19 14:39:46.273420][debug][31280][PropertyAccessor.cpp:71] get cmd version success! propertyId: 1056, version: 0
[05/19 14:39:46.274457][debug][31280][PropertyAccessor.cpp:79] get struct data success! propertyId: 1056
[05/19 14:39:56.308263][debug][31280][PropertyAccessor.cpp:71] get cmd version success! propertyId: 1056, version: 0
[05/19 14:39:56.309445][debug][31280][PropertyAccessor.cpp:79] get struct data success! propertyId: 1056
[05/19 14:40:00.472423][error][30792][GVCPClient.cpp:355] sendto failed with error:10038 [**90 logs in 60173ms, last: 14:39:58.649351**]
[05/19 14:40:06.348091][debug][31280][PropertyAccessor.cpp:71] get cmd version success! propertyId: 1056, version: 0
[05/19 14:40:06.349381][debug][31280][PropertyAccessor.cpp:79] get struct data success! propertyId: 1056
[05/19 14:40:16.381347][debug][31280][PropertyAccessor.cpp:71] get cmd version success! propertyId: 1056, version: 0
[05/19 14:40:16.382324][debug][31280][PropertyAccessor.cpp:79] get struct data success! propertyId: 1056
[05/19 14:40:26.421077][debug][31280][PropertyAccessor.cpp:71] get cmd version success! propertyId: 1056, version: 0
[05/19 14:40:26.421771][debug][31280][PropertyAccessor.cpp:79] get struct data success! propertyId: 1056
[05/19 14:40:36.468083][debug][31280][PropertyAccessor.cpp:71] get cmd version success! propertyId: 1056, version: 0
[05/19 14:40:36.469583][debug][31280][PropertyAccessor.cpp:79] get struct data success! propertyId: 1056
[05/19 14:40:46.502531][debug][31280][PropertyAccessor.cpp:71] get cmd version success! propertyId: 1056, version: 0
[05/19 14:40:46.503722][debug][31280][PropertyAccessor.cpp:79] get struct data success! propertyId: 1056
[05/19 14:40:56.537381][debug][31280][PropertyAccessor.cpp:71] get cmd version success! propertyId: 1056, version: 0
[05/19 14:40:56.538743][debug][31280][PropertyAccessor.cpp:79] get struct data success! propertyId: 1056
[05/19 14:41:00.656332][error][5100][GVCPClient.cpp:355] sendto failed with error:10038 [**90 logs in 60183ms, last: 14:40:58.827538**]
[05/19 14:41:06.569275][debug][31280][PropertyAccessor.cpp:71] get cmd version success! propertyId: 1056, version: 0
[05/19 14:41:06.570358][debug][31280][PropertyAccessor.cpp:79] get struct data success! propertyId: 1056
[05/19 14:41:16.604411][debug][31280][PropertyAccessor.cpp:71] get cmd version success! propertyId: 1056, version: 0
[05/19 14:41:16.606230][debug][31280][PropertyAccessor.cpp:79] get struct data success! propertyId: 1056
[05/19 14:41:26.639487][debug][31280][PropertyAccessor.cpp:71] get cmd version success! propertyId: 1056, version: 0
[05/19 14:41:26.640535][debug][31280][PropertyAccessor.cpp:79] get struct data success! propertyId: 1056
[05/19 14:41:36.673557][debug][31280][PropertyAccessor.cpp:71] get cmd version success! propertyId: 1056, version: 0
[05/19 14:41:36.674625][debug][31280][PropertyAccessor.cpp:79] get struct data success! propertyId: 1056
[05/19 14:41:46.709271][debug][31280][PropertyAccessor.cpp:71] get cmd version success! propertyId: 1056, version: 0
[05/19 14:41:46.711100][debug][31280][PropertyAccessor.cpp:79] get struct data success! propertyId: 1056
[05/19 14:41:56.744236][debug][31280][PropertyAccessor.cpp:71] get cmd version success! propertyId: 1056, version: 0
[05/19 14:41:56.745808][debug][31280][PropertyAccessor.cpp:79] get struct data success! propertyId: 1056
[05/19 14:42:00.832218][error][26776][GVCPClient.cpp:355] sendto failed with error:10038 [**90 logs in 60175ms, last: 14:41:59.003794**]
[05/19 14:42:06.778682][debug][31280][PropertyAccessor.cpp:71] get cmd version success! propertyId: 1056, version: 0
[05/19 14:42:06.780002][debug][31280][PropertyAccessor.cpp:79] get struct data success! propertyId: 1056
[05/19 14:42:16.814727][debug][31280][PropertyAccessor.cpp:71] get cmd version success! propertyId: 1056, version: 0
[05/19 14:42:16.815795][debug][31280][PropertyAccessor.cpp:79] get struct data success! propertyId: 1056
[05/19 14:42:26.848336][debug][31280][PropertyAccessor.cpp:71] get cmd version success! propertyId: 1056, version: 0
[05/19 14:42:26.849512][debug][31280][PropertyAccessor.cpp:79] get struct data success! propertyId: 1056
[05/19 14:42:36.886913][debug][31280][PropertyAccessor.cpp:71] get cmd version success! propertyId: 1056, version: 0
[05/19 14:42:36.888187][debug][31280][PropertyAccessor.cpp:79] get struct data success! propertyId: 1056
[05/19 14:42:46.921026][debug][31280][PropertyAccessor.cpp:71] get cmd version success! propertyId: 1056, version: 0
[05/19 14:42:46.922076][debug][31280][PropertyAccessor.cpp:79] get struct data success! propertyId: 1056
[05/19 14:42:56.953737][debug][31280][PropertyAccessor.cpp:71] get cmd version success! propertyId: 1056, version: 0
[05/19 14:42:56.955246][debug][31280][PropertyAccessor.cpp:79] get struct data success! propertyId: 1056
[05/19 14:43:01.009309][error][28800][GVCPClient.cpp:355] sendto failed with error:10038 [**90 logs in 60177ms, last: 14:42:59.174815**]
[05/19 14:43:06.993826][debug][31280][PropertyAccessor.cpp:71] get cmd version success! propertyId: 1056, version: 0
[05/19 14:43:06.994998][debug][31280][PropertyAccessor.cpp:79] get struct data success! propertyId: 1056
[05/19 14:43:17.032028][debug][31280][PropertyAccessor.cpp:71] get cmd version success! propertyId: 1056, version: 0
[05/19 14:43:17.033322][debug][31280][PropertyAccessor.cpp:79] get struct data success! propertyId: 1056
[05/19 14:43:27.062910][debug][31280][PropertyAccessor.cpp:71] get cmd version success! propertyId: 1056, version: 0
[05/19 14:43:27.063869][debug][31280][PropertyAccessor.cpp:79] get struct data success! propertyId: 1056
[05/19 14:43:37.093482][debug][31280][PropertyAccessor.cpp:71] get cmd version success! propertyId: 1056, version: 0
[05/19 14:43:37.095234][debug][31280][PropertyAccessor.cpp:79] get struct data success! propertyId: 1056
[05/19 14:43:47.126394][debug][31280][PropertyAccessor.cpp:71] get cmd version success! propertyId: 1056, version: 0
[05/19 14:43:47.127479][debug][31280][PropertyAccessor.cpp:79] get struct data success! propertyId: 1056
[05/19 14:43:57.155906][debug][31280][PropertyAccessor.cpp:71] get cmd version success! propertyId: 1056, version: 0
[05/19 14:43:57.157346][debug][31280][PropertyAccessor.cpp:79] get struct data success! propertyId: 1056
[05/19 14:44:01.181665][error][34224][GVCPClient.cpp:355] sendto failed with error:10038 [**90 logs in 60172ms, last: 14:43:59.345170**]
[05/19 14:44:07.189366][debug][31280][PropertyAccessor.cpp:71] get cmd version success! propertyId: 1056, version: 0
[05/19 14:44:07.190400][debug][31280][PropertyAccessor.cpp:79] get struct data success! propertyId: 1056
[05/19 14:44:17.222784][debug][31280][PropertyAccessor.cpp:71] get cmd version success! propertyId: 1056, version: 0
[05/19 14:44:17.223912][debug][31280][PropertyAccessor.cpp:79] get struct data success! propertyId: 1056
[05/19 14:44:27.257145][debug][31280][PropertyAccessor.cpp:71] get cmd version success! propertyId: 1056, version: 0
[05/19 14:44:27.258302][debug][31280][PropertyAccessor.cpp:79] get struct data success! propertyId: 1056
[05/19 14:44:37.290524][debug][31280][PropertyAccessor.cpp:71] get cmd version success! propertyId: 1056, version: 0
[05/19 14:44:37.291664][debug][31280][PropertyAccessor.cpp:79] get struct data success! propertyId: 1056
[05/19 14:44:47.328240][debug][31280][PropertyAccessor.cpp:71] get cmd version success! propertyId: 1056, version: 0
[05/19 14:44:47.329478][debug][31280][PropertyAccessor.cpp:79] get struct data success! propertyId: 1056
[05/19 14:44:57.360732][debug][31280][PropertyAccessor.cpp:71] get cmd version success! propertyId: 1056, version: 0
[05/19 14:44:57.361981][debug][31280][PropertyAccessor.cpp:79] get struct data success! propertyId: 1056
[05/19 14:45:01.348258][error][18492][GVCPClient.cpp:355] sendto failed with error:10038 [**90 logs in 60166ms, last: 14:44:59.521149**]
[05/19 14:45:07.392773][debug][31280][PropertyAccessor.cpp:71] get cmd version success! propertyId: 1056, version: 0
[05/19 14:45:07.393791][debug][31280][PropertyAccessor.cpp:79] get struct data success! propertyId: 1056
[05/19 14:45:17.429309][debug][31280][PropertyAccessor.cpp:71] get cmd version success! propertyId: 1056, version: 0
[05/19 14:45:17.430401][debug][31280][PropertyAccessor.cpp:79] get struct data success! propertyId: 1056
[05/19 14:45:27.466275][debug][31280][PropertyAccessor.cpp:71] get cmd version success! propertyId: 1056, version: 0
[05/19 14:45:27.467526][debug][31280][PropertyAccessor.cpp:79] get struct data success! propertyId: 1056
[05/19 14:45:37.501820][debug][31280][PropertyAccessor.cpp:71] get cmd version success! propertyId: 1056, version: 0
[05/19 14:45:37.502903][debug][31280][PropertyAccessor.cpp:79] get struct data success! propertyId: 1056
[05/19 14:45:47.536159][debug][31280][PropertyAccessor.cpp:71] get cmd version success! propertyId: 1056, version: 0
[05/19 14:45:47.537122][debug][31280][PropertyAccessor.cpp:79] get struct data success! propertyId: 1056
[05/19 14:45:57.569378][debug][31280][PropertyAccessor.cpp:71] get cmd version success! propertyId: 1056, version: 0
[05/19 14:45:57.570458][debug][31280][PropertyAccessor.cpp:79] get struct data success! propertyId: 1056
[05/19 14:46:01.525803][error][16968][GVCPClient.cpp:355] sendto failed with error:10038 [**90 logs in 60177ms, last: 14:45:59.704106**]
[05/19 14:46:07.604199][debug][31280][PropertyAccessor.cpp:71] get cmd version success! propertyId: 1056, version: 0
[05/19 14:46:07.605293][debug][31280][PropertyAccessor.cpp:79] get struct data success! propertyId: 1056
[05/19 14:46:17.639733][debug][31280][PropertyAccessor.cpp:71] get cmd version success! propertyId: 1056, version: 0
[05/19 14:46:17.641533][debug][31280][PropertyAccessor.cpp:79] get struct data success! propertyId: 1056
[05/19 14:46:27.672114][debug][31280][PropertyAccessor.cpp:71] get cmd version success! propertyId: 1056, version: 0
[05/19 14:46:27.673100][debug][31280][PropertyAccessor.cpp:79] get struct data success! propertyId: 1056
[05/19 14:46:37.704010][debug][31280][PropertyAccessor.cpp:71] get cmd version success! propertyId: 1056, version: 0
[05/19 14:46:37.705324][debug][31280][PropertyAccessor.cpp:79] get struct data success! propertyId: 1056
[05/19 14:46:47.738183][debug][31280][PropertyAccessor.cpp:71] get cmd version success! propertyId: 1056, version: 0
[05/19 14:46:47.739208][debug][31280][PropertyAccessor.cpp:79] get struct data success! propertyId: 1056
[05/19 14:46:57.768858][debug][31280][PropertyAccessor.cpp:71] get cmd version success! propertyId: 1056, version: 0
[05/19 14:46:57.770086][debug][31280][PropertyAccessor.cpp:79] get struct data success! propertyId: 1056
[05/19 14:47:01.709739][error][16192][GVCPClient.cpp:355] sendto failed with error:10038 [**90 logs in 60183ms, last: 14:46:59.875874**]
[05/19 14:47:07.805551][debug][31280][PropertyAccessor.cpp:71] get cmd version success! propertyId: 1056, version: 0
[05/19 14:47:07.806624][debug][31280][PropertyAccessor.cpp:79] get struct data success! propertyId: 1056
[05/19 14:47:17.837907][debug][31280][PropertyAccessor.cpp:71] get cmd version success! propertyId: 1056, version: 0
[05/19 14:47:17.838699][debug][31280][PropertyAccessor.cpp:79] get struct data success! propertyId: 1056
[05/19 14:47:27.875123][debug][31280][PropertyAccessor.cpp:71] get cmd version success! propertyId: 1056, version: 0
[05/19 14:47:27.875895][debug][31280][PropertyAccessor.cpp:79] get struct data success! propertyId: 1056
[05/19 14:47:37.910516][debug][31280][PropertyAccessor.cpp:71] get cmd version success! propertyId: 1056, version: 0
[05/19 14:47:37.911155][debug][31280][PropertyAccessor.cpp:79] get struct data success! propertyId: 1056
[05/19 14:47:47.955598][debug][31280][PropertyAccessor.cpp:71] get cmd version success! propertyId: 1056, version: 0
[05/19 14:47:47.956274][debug][31280][PropertyAccessor.cpp:79] get struct data success! propertyId: 1056
[05/19 14:47:58.003799][debug][31280][PropertyAccessor.cpp:71] get cmd version success! propertyId: 1056, version: 0
[05/19 14:47:58.004523][debug][31280][PropertyAccessor.cpp:79] get struct data success! propertyId: 1056
[05/19 14:48:01.881842][error][1920][GVCPClient.cpp:355] sendto failed with error:10038 [**90 logs in 60172ms, last: 14:48:00.055428**]
[05/19 14:48:08.037159][debug][31280][PropertyAccessor.cpp:71] get cmd version success! propertyId: 1056, version: 0
[05/19 14:48:08.038529][debug][31280][PropertyAccessor.cpp:79] get struct data success! propertyId: 1056
[05/19 14:48:18.067901][debug][31280][PropertyAccessor.cpp:71] get cmd version success! propertyId: 1056, version: 0
[05/19 14:48:18.068967][debug][31280][PropertyAccessor.cpp:79] get struct data success! propertyId: 1056
[05/19 14:48:28.098999][debug][31280][PropertyAccessor.cpp:71] get cmd version success! propertyId: 1056, version: 0
[05/19 14:48:28.099686][debug][31280][PropertyAccessor.cpp:79] get struct data success! propertyId: 1056
[05/19 14:48:38.129218][debug][31280][PropertyAccessor.cpp:71] get cmd version success! propertyId: 1056, version: 0
[05/19 14:48:38.130427][debug][31280][PropertyAccessor.cpp:79] get struct data success! propertyId: 1056
[05/19 14:48:48.161593][debug][31280][PropertyAccessor.cpp:71] get cmd version success! propertyId: 1056, version: 0
[05/19 14:48:48.162910][debug][31280][PropertyAccessor.cpp:79] get struct data success! propertyId: 1056
[05/19 14:48:58.195905][debug][31280][HostProtocol.cpp:425] Set property value, propertyId=200, value={intValue: 1, floatValue: 1.4013e-45}
[05/19 14:48:58.198130][error][31280][HostProtocol.cpp:428] Set property value failed! propertyId:200, rc:{statusCode: 9, respErrorCode: 2, msg: }
[05/19 14:48:58.198155][warning][31280][ObException.hpp:40] Request failed, device response with error, errorCode: 2, msg: 
[05/19 14:48:58.198266][debug][31280][HostProtocol.cpp:425] Set property value, propertyId=200, value={intValue: 1, floatValue: 1.4013e-45}
[05/19 14:48:58.200117][error][31280][HostProtocol.cpp:428] Set property value failed! propertyId:200, rc:{statusCode: 9, respErrorCode: 2, msg: }
[05/19 14:48:58.200138][warning][31280][ObException.hpp:40] Request failed, device response with error, errorCode: 2, msg: 
[05/19 14:48:58.201035][debug][31280][PropertyAccessor.cpp:71] get cmd version success! propertyId: 1056, version: 0
[05/19 14:48:58.201567][debug][31280][PropertyAccessor.cpp:79] get struct data success! propertyId: 1056
[05/19 14:49:02.060021][error][35544][GVCPClient.cpp:355] sendto failed with error:10038 [**90 logs in 60178ms, last: 14:49:00.225922**]
[05/19 14:49:08.241030][debug][31280][PropertyAccessor.cpp:71] get cmd version success! propertyId: 1056, version: 0
[05/19 14:49:08.242173][debug][31280][PropertyAccessor.cpp:79] get struct data success! propertyId: 1056
[05/19 14:49:18.283161][debug][31280][PropertyAccessor.cpp:71] get cmd version success! propertyId: 1056, version: 0
[05/19 14:49:18.283934][debug][31280][PropertyAccessor.cpp:79] get struct data success! propertyId: 1056
[05/19 14:49:28.320440][debug][31280][PropertyAccessor.cpp:71] get cmd version success! propertyId: 1056, version: 0
[05/19 14:49:28.321426][debug][31280][PropertyAccessor.cpp:79] get struct data success! propertyId: 1056
[05/19 14:49:38.347821][debug][31280][PropertyAccessor.cpp:71] get cmd version success! propertyId: 1056, version: 0
[05/19 14:49:38.348554][debug][31280][PropertyAccessor.cpp:79] get struct data success! propertyId: 1056
[05/19 14:49:48.374560][debug][31280][PropertyAccessor.cpp:71] get cmd version success! propertyId: 1056, version: 0
[05/19 14:49:48.375525][debug][31280][PropertyAccessor.cpp:79] get struct data success! propertyId: 1056
[05/19 14:49:58.404142][debug][31280][PropertyAccessor.cpp:71] get cmd version success! propertyId: 1056, version: 0
[05/19 14:49:58.404866][debug][31280][PropertyAccessor.cpp:79] get struct data success! propertyId: 1056
[05/19 14:50:02.231061][error][33896][GVCPClient.cpp:355] sendto failed with error:10038 [**90 logs in 60171ms, last: 14:50:00.408781**]
[05/19 14:50:08.439124][debug][31280][PropertyAccessor.cpp:71] get cmd version success! propertyId: 1056, version: 0
[05/19 14:50:08.440946][debug][31280][PropertyAccessor.cpp:79] get struct data success! propertyId: 1056
[05/19 14:50:18.472174][debug][31280][PropertyAccessor.cpp:71] get cmd version success! propertyId: 1056, version: 0
[05/19 14:50:18.473260][debug][31280][PropertyAccessor.cpp:79] get struct data success! propertyId: 1056
[05/19 14:50:28.504638][debug][31280][PropertyAccessor.cpp:71] get cmd version success! propertyId: 1056, version: 0
[05/19 14:50:28.505662][debug][31280][PropertyAccessor.cpp:79] get struct data success! propertyId: 1056
[05/19 14:50:38.540950][debug][31280][PropertyAccessor.cpp:71] get cmd version success! propertyId: 1056, version: 0
[05/19 14:50:38.541967][debug][31280][PropertyAccessor.cpp:79] get struct data success! propertyId: 1056
[05/19 14:50:48.574459][debug][31280][PropertyAccessor.cpp:71] get cmd version success! propertyId: 1056, version: 0
[05/19 14:50:48.575596][debug][31280][PropertyAccessor.cpp:79] get struct data success! propertyId: 1056
[05/19 14:50:58.608294][debug][31280][PropertyAccessor.cpp:71] get cmd version success! propertyId: 1056, version: 0
[05/19 14:50:58.609813][debug][31280][PropertyAccessor.cpp:79] get struct data success! propertyId: 1056
[05/19 14:51:02.414943][error][36064][GVCPClient.cpp:355] sendto failed with error:10038 [**90 logs in 60183ms, last: 14:51:00.589818**]
[05/19 14:51:08.645120][debug][31280][PropertyAccessor.cpp:71] get cmd version success! propertyId: 1056, version: 0
[05/19 14:51:08.646728][debug][31280][PropertyAccessor.cpp:79] get struct data success! propertyId: 1056
[05/19 14:51:18.685496][debug][31280][PropertyAccessor.cpp:71] get cmd version success! propertyId: 1056, version: 0
[05/19 14:51:18.686575][debug][31280][PropertyAccessor.cpp:79] get struct data success! propertyId: 1056
[05/19 14:51:28.717910][debug][31280][PropertyAccessor.cpp:71] get cmd version success! propertyId: 1056, version: 0
[05/19 14:51:28.718898][debug][31280][PropertyAccessor.cpp:79] get struct data success! propertyId: 1056
[05/19 14:51:38.752723][debug][31280][PropertyAccessor.cpp:71] get cmd version success! propertyId: 1056, version: 0
[05/19 14:51:38.754160][debug][31280][PropertyAccessor.cpp:79] get struct data success! propertyId: 1056
[05/19 14:51:48.788030][debug][31280][PropertyAccessor.cpp:71] get cmd version success! propertyId: 1056, version: 0
[05/19 14:51:48.788740][debug][31280][PropertyAccessor.cpp:79] get struct data success! propertyId: 1056
[05/19 14:51:58.822801][debug][31280][PropertyAccessor.cpp:71] get cmd version success! propertyId: 1056, version: 0
[05/19 14:51:58.823883][debug][31280][PropertyAccessor.cpp:79] get struct data success! propertyId: 1056
[05/19 14:52:02.595058][error][36452][GVCPClient.cpp:355] sendto failed with error:10038 [**90 logs in 60180ms, last: 14:52:00.754150**]
[05/19 14:52:08.861749][debug][31280][PropertyAccessor.cpp:71] get cmd version success! propertyId: 1056, version: 0
[05/19 14:52:08.863068][debug][31280][PropertyAccessor.cpp:79] get struct data success! propertyId: 1056
[05/19 14:52:18.895629][debug][31280][PropertyAccessor.cpp:71] get cmd version success! propertyId: 1056, version: 0
[05/19 14:52:18.896326][debug][31280][PropertyAccessor.cpp:79] get struct data success! propertyId: 1056
[05/19 14:52:28.930334][debug][31280][PropertyAccessor.cpp:71] get cmd version success! propertyId: 1056, version: 0
[05/19 14:52:28.931380][debug][31280][PropertyAccessor.cpp:79] get struct data success! propertyId: 1056
[05/19 14:52:38.963351][debug][31280][PropertyAccessor.cpp:71] get cmd version success! propertyId: 1056, version: 0
[05/19 14:52:38.964578][debug][31280][PropertyAccessor.cpp:79] get struct data success! propertyId: 1056
[05/19 14:52:49.000466][debug][31280][PropertyAccessor.cpp:71] get cmd version success! propertyId: 1056, version: 0
[05/19 14:52:49.001544][debug][31280][PropertyAccessor.cpp:79] get struct data success! propertyId: 1056
[05/19 14:52:59.042588][debug][31280][PropertyAccessor.cpp:71] get cmd version success! propertyId: 1056, version: 0
[05/19 14:52:59.043640][debug][31280][PropertyAccessor.cpp:79] get struct data success! propertyId: 1056
[05/19 14:53:02.758840][error][33104][GVCPClient.cpp:355] sendto failed with error:10038 [**90 logs in 60163ms, last: 14:53:00.924133**]
[05/19 14:53:09.071569][debug][31280][PropertyAccessor.cpp:71] get cmd version success! propertyId: 1056, version: 0
[05/19 14:53:09.072732][debug][31280][PropertyAccessor.cpp:79] get struct data success! propertyId: 1056
[05/19 14:53:19.106474][debug][31280][PropertyAccessor.cpp:71] get cmd version success! propertyId: 1056, version: 0
[05/19 14:53:19.107459][debug][31280][PropertyAccessor.cpp:79] get struct data success! propertyId: 1056
[05/19 14:53:29.141897][debug][31280][PropertyAccessor.cpp:71] get cmd version success! propertyId: 1056, version: 0
[05/19 14:53:29.142685][debug][31280][PropertyAccessor.cpp:79] get struct data success! propertyId: 1056
[05/19 14:53:39.174255][debug][31280][PropertyAccessor.cpp:71] get cmd version success! propertyId: 1056, version: 0
[05/19 14:53:39.176076][debug][31280][PropertyAccessor.cpp:79] get struct data success! propertyId: 1056
[05/19 14:53:49.213442][debug][31280][PropertyAccessor.cpp:71] get cmd version success! propertyId: 1056, version: 0
[05/19 14:53:49.214568][debug][31280][PropertyAccessor.cpp:79] get struct data success! propertyId: 1056
[05/19 14:53:59.244805][debug][31280][PropertyAccessor.cpp:71] get cmd version success! propertyId: 1056, version: 0
[05/19 14:53:59.245961][debug][31280][PropertyAccessor.cpp:79] get struct data success! propertyId: 1056
[05/19 14:54:02.930042][error][28132][GVCPClient.cpp:355] sendto failed with error:10038 [**90 logs in 60171ms, last: 14:54:01.101876**]
[05/19 14:54:09.279157][debug][31280][PropertyAccessor.cpp:71] get cmd version success! propertyId: 1056, version: 0
[05/19 14:54:09.280083][debug][31280][PropertyAccessor.cpp:79] get struct data success! propertyId: 1056
[05/19 14:54:19.308351][debug][31280][PropertyAccessor.cpp:71] get cmd version success! propertyId: 1056, version: 0
[05/19 14:54:19.309350][debug][31280][PropertyAccessor.cpp:79] get struct data success! propertyId: 1056
[05/19 14:54:29.341511][debug][31280][PropertyAccessor.cpp:71] get cmd version success! propertyId: 1056, version: 0
[05/19 14:54:29.342243][debug][31280][PropertyAccessor.cpp:79] get struct data success! propertyId: 1056
[05/19 14:54:39.375240][debug][31280][PropertyAccessor.cpp:71] get cmd version success! propertyId: 1056, version: 0
[05/19 14:54:39.376407][debug][31280][PropertyAccessor.cpp:79] get struct data success! propertyId: 1056
[05/19 14:54:49.409580][debug][31280][PropertyAccessor.cpp:71] get cmd version success! propertyId: 1056, version: 0
[05/19 14:54:49.410725][debug][31280][PropertyAccessor.cpp:79] get struct data success! propertyId: 1056
[05/19 14:54:59.444316][debug][31280][PropertyAccessor.cpp:71] get cmd version success! propertyId: 1056, version: 0
[05/19 14:54:59.445343][debug][31280][PropertyAccessor.cpp:79] get struct data success! propertyId: 1056
[05/19 14:55:03.108239][error][33896][GVCPClient.cpp:355] sendto failed with error:10038 [**90 logs in 60178ms, last: 14:55:01.271018**]
[05/19 14:55:09.476947][debug][31280][PropertyAccessor.cpp:71] get cmd version success! propertyId: 1056, version: 0
[05/19 14:55:09.478003][debug][31280][PropertyAccessor.cpp:79] get struct data success! propertyId: 1056
[05/19 14:55:19.511297][debug][31280][PropertyAccessor.cpp:71] get cmd version success! propertyId: 1056, version: 0
[05/19 14:55:19.512497][debug][31280][PropertyAccessor.cpp:79] get struct data success! propertyId: 1056
[05/19 14:55:29.545724][debug][31280][PropertyAccessor.cpp:71] get cmd version success! propertyId: 1056, version: 0
[05/19 14:55:29.546641][debug][31280][PropertyAccessor.cpp:79] get struct data success! propertyId: 1056
[05/19 14:55:39.580630][debug][31280][PropertyAccessor.cpp:71] get cmd version success! propertyId: 1056, version: 0
[05/19 14:55:39.581602][debug][31280][PropertyAccessor.cpp:79] get struct data success! propertyId: 1056
[05/19 14:55:49.614309][debug][31280][PropertyAccessor.cpp:71] get cmd version success! propertyId: 1056, version: 0
[05/19 14:55:49.615226][debug][31280][PropertyAccessor.cpp:79] get struct data success! propertyId: 1056
[05/19 14:55:59.648028][debug][31280][PropertyAccessor.cpp:71] get cmd version success! propertyId: 1056, version: 0
[05/19 14:55:59.649091][debug][31280][PropertyAccessor.cpp:79] get struct data success! propertyId: 1056
[05/19 14:56:03.274721][error][16964][GVCPClient.cpp:355] sendto failed with error:10038 [**90 logs in 60166ms, last: 14:56:01.435525**]
[05/19 14:56:09.684291][debug][31280][PropertyAccessor.cpp:71] get cmd version success! propertyId: 1056, version: 0
[05/19 14:56:09.685553][debug][31280][PropertyAccessor.cpp:79] get struct data success! propertyId: 1056
[05/19 14:56:19.721746][debug][31280][PropertyAccessor.cpp:71] get cmd version success! propertyId: 1056, version: 0
[05/19 14:56:19.722856][debug][31280][PropertyAccessor.cpp:79] get struct data success! propertyId: 1056
[05/19 14:56:29.756483][debug][31280][PropertyAccessor.cpp:71] get cmd version success! propertyId: 1056, version: 0
[05/19 14:56:29.757586][debug][31280][PropertyAccessor.cpp:79] get struct data success! propertyId: 1056
[05/19 14:56:39.790516][debug][31280][PropertyAccessor.cpp:71] get cmd version success! propertyId: 1056, version: 0
[05/19 14:56:39.791861][debug][31280][PropertyAccessor.cpp:79] get struct data success! propertyId: 1056
[05/19 14:56:49.825397][debug][31280][PropertyAccessor.cpp:71] get cmd version success! propertyId: 1056, version: 0
[05/19 14:56:49.826427][debug][31280][PropertyAccessor.cpp:79] get struct data success! propertyId: 1056
[05/19 14:56:59.855699][debug][31280][PropertyAccessor.cpp:71] get cmd version success! propertyId: 1056, version: 0
[05/19 14:56:59.856792][debug][31280][PropertyAccessor.cpp:79] get struct data success! propertyId: 1056
[05/19 14:57:03.440834][error][37760][GVCPClient.cpp:355] sendto failed with error:10038 [**90 logs in 60166ms, last: 14:57:01.606905**]
[05/19 14:57:09.892306][debug][31280][PropertyAccessor.cpp:71] get cmd version success! propertyId: 1056, version: 0
[05/19 14:57:09.893509][debug][31280][PropertyAccessor.cpp:79] get struct data success! propertyId: 1056
[05/19 14:57:19.929947][debug][31280][PropertyAccessor.cpp:71] get cmd version success! propertyId: 1056, version: 0
[05/19 14:57:19.930862][debug][31280][PropertyAccessor.cpp:79] get struct data success! propertyId: 1056
[05/19 14:57:29.965028][debug][31280][PropertyAccessor.cpp:71] get cmd version success! propertyId: 1056, version: 0
[05/19 14:57:29.966889][debug][31280][PropertyAccessor.cpp:79] get struct data success! propertyId: 1056
[05/19 14:57:39.999179][debug][31280][PropertyAccessor.cpp:71] get cmd version success! propertyId: 1056, version: 0
[05/19 14:57:40.000547][debug][31280][PropertyAccessor.cpp:79] get struct data success! propertyId: 1056
[05/19 14:57:50.041780][debug][31280][PropertyAccessor.cpp:71] get cmd version success! propertyId: 1056, version: 0
[05/19 14:57:50.042902][debug][31280][PropertyAccessor.cpp:79] get struct data success! propertyId: 1056
[05/19 14:58:00.074579][debug][31280][PropertyAccessor.cpp:71] get cmd version success! propertyId: 1056, version: 0
[05/19 14:58:00.075588][debug][31280][PropertyAccessor.cpp:79] get struct data success! propertyId: 1056
[05/19 14:58:03.613099][error][25044][GVCPClient.cpp:355] sendto failed with error:10038 [**90 logs in 60172ms, last: 14:58:01.778272**]
[05/19 14:58:10.110677][debug][31280][PropertyAccessor.cpp:71] get cmd version success! propertyId: 1056, version: 0
[05/19 14:58:10.111810][debug][31280][PropertyAccessor.cpp:79] get struct data success! propertyId: 1056
[05/19 14:58:20.143726][debug][31280][PropertyAccessor.cpp:71] get cmd version success! propertyId: 1056, version: 0
[05/19 14:58:20.144529][debug][31280][PropertyAccessor.cpp:79] get struct data success! propertyId: 1056
[05/19 14:58:30.174066][debug][31280][PropertyAccessor.cpp:71] get cmd version success! propertyId: 1056, version: 0
[05/19 14:58:30.175144][debug][31280][PropertyAccessor.cpp:79] get struct data success! propertyId: 1056
[05/19 14:58:40.214253][debug][31280][PropertyAccessor.cpp:71] get cmd version success! propertyId: 1056, version: 0
[05/19 14:58:40.215198][debug][31280][PropertyAccessor.cpp:79] get struct data success! propertyId: 1056
[05/19 14:58:50.248242][debug][31280][PropertyAccessor.cpp:71] get cmd version success! propertyId: 1056, version: 0
[05/19 14:58:50.249164][debug][31280][PropertyAccessor.cpp:79] get struct data success! propertyId: 1056
[05/19 14:59:00.282331][debug][31280][PropertyAccessor.cpp:71] get cmd version success! propertyId: 1056, version: 0
[05/19 14:59:00.283153][debug][31280][PropertyAccessor.cpp:79] get struct data success! propertyId: 1056
[05/19 14:59:03.783166][error][32620][GVCPClient.cpp:355] sendto failed with error:10038 [**90 logs in 60170ms, last: 14:59:01.951288**]
[05/19 14:59:10.313912][debug][31280][PropertyAccessor.cpp:71] get cmd version success! propertyId: 1056, version: 0
[05/19 14:59:10.315476][debug][31280][PropertyAccessor.cpp:79] get struct data success! propertyId: 1056
[05/19 14:59:20.353451][debug][31280][PropertyAccessor.cpp:71] get cmd version success! propertyId: 1056, version: 0
[05/19 14:59:20.354766][debug][31280][PropertyAccessor.cpp:79] get struct data success! propertyId: 1056
[05/19 14:59:30.386553][debug][31280][PropertyAccessor.cpp:71] get cmd version success! propertyId: 1056, version: 0
[05/19 14:59:30.388435][debug][31280][PropertyAccessor.cpp:79] get struct data success! propertyId: 1056
[05/19 14:59:40.420585][debug][31280][PropertyAccessor.cpp:71] get cmd version success! propertyId: 1056, version: 0
[05/19 14:59:40.421770][debug][31280][PropertyAccessor.cpp:79] get struct data success! propertyId: 1056
[05/19 14:59:50.454128][debug][31280][PropertyAccessor.cpp:71] get cmd version success! propertyId: 1056, version: 0
[05/19 14:59:50.455448][debug][31280][PropertyAccessor.cpp:79] get struct data success! propertyId: 1056
[05/19 15:00:00.488304][debug][31280][PropertyAccessor.cpp:71] get cmd version success! propertyId: 1056, version: 0
[05/19 15:00:00.489545][debug][31280][PropertyAccessor.cpp:79] get struct data success! propertyId: 1056
[05/19 15:00:03.955779][error][30216][GVCPClient.cpp:355] sendto failed with error:10038 [**90 logs in 60172ms, last: 15:00:02.121890**]
[05/19 15:00:10.526482][debug][31280][PropertyAccessor.cpp:71] get cmd version success! propertyId: 1056, version: 0
[05/19 15:00:10.527531][debug][31280][PropertyAccessor.cpp:79] get struct data success! propertyId: 1056
[05/19 15:00:20.562102][debug][31280][PropertyAccessor.cpp:71] get cmd version success! propertyId: 1056, version: 0
[05/19 15:00:20.563299][debug][31280][PropertyAccessor.cpp:79] get struct data success! propertyId: 1056
[05/19 15:00:30.595941][debug][31280][PropertyAccessor.cpp:71] get cmd version success! propertyId: 1056, version: 0
[05/19 15:00:30.596679][debug][31280][PropertyAccessor.cpp:79] get struct data success! propertyId: 1056
[05/19 15:00:40.627549][debug][31280][PropertyAccessor.cpp:71] get cmd version success! propertyId: 1056, version: 0
[05/19 15:00:40.628315][debug][31280][PropertyAccessor.cpp:79] get struct data success! propertyId: 1056
[05/19 15:00:50.666965][debug][31280][PropertyAccessor.cpp:71] get cmd version success! propertyId: 1056, version: 0
[05/19 15:00:50.667756][debug][31280][PropertyAccessor.cpp:79] get struct data success! propertyId: 1056
[05/19 15:01:00.716399][debug][31280][PropertyAccessor.cpp:71] get cmd version success! propertyId: 1056, version: 0
[05/19 15:01:00.717809][debug][31280][PropertyAccessor.cpp:79] get struct data success! propertyId: 1056
[05/19 15:01:04.127140][error][29992][GVCPClient.cpp:355] sendto failed with error:10038 [**90 logs in 60171ms, last: 15:01:02.296478**]
[05/19 15:01:10.749634][debug][31280][PropertyAccessor.cpp:71] get cmd version success! propertyId: 1056, version: 0
[05/19 15:01:10.750938][debug][31280][PropertyAccessor.cpp:79] get struct data success! propertyId: 1056
[05/19 15:01:20.783032][debug][31280][PropertyAccessor.cpp:71] get cmd version success! propertyId: 1056, version: 0
[05/19 15:01:20.784025][debug][31280][PropertyAccessor.cpp:79] get struct data success! propertyId: 1056
[05/19 15:01:30.815645][debug][31280][PropertyAccessor.cpp:71] get cmd version success! propertyId: 1056, version: 0
[05/19 15:01:30.816390][debug][31280][PropertyAccessor.cpp:79] get struct data success! propertyId: 1056
[05/19 15:01:40.853861][debug][31280][PropertyAccessor.cpp:71] get cmd version success! propertyId: 1056, version: 0
[05/19 15:01:40.855060][debug][31280][PropertyAccessor.cpp:79] get struct data success! propertyId: 1056
[05/19 15:01:50.887031][debug][31280][PropertyAccessor.cpp:71] get cmd version success! propertyId: 1056, version: 0
[05/19 15:01:50.888085][debug][31280][PropertyAccessor.cpp:79] get struct data success! propertyId: 1056
[05/19 15:02:00.918044][debug][31280][PropertyAccessor.cpp:71] get cmd version success! propertyId: 1056, version: 0
[05/19 15:02:00.918966][debug][31280][PropertyAccessor.cpp:79] get struct data success! propertyId: 1056
[05/19 15:02:04.300862][error][25188][GVCPClient.cpp:355] sendto failed with error:10038 [**90 logs in 60173ms, last: 15:02:02.477382**]
[05/19 15:02:10.947681][debug][31280][PropertyAccessor.cpp:71] get cmd version success! propertyId: 1056, version: 0
[05/19 15:02:10.948593][debug][31280][PropertyAccessor.cpp:79] get struct data success! propertyId: 1056
[05/19 15:02:20.983658][debug][31280][PropertyAccessor.cpp:71] get cmd version success! propertyId: 1056, version: 0
[05/19 15:02:20.984888][debug][31280][PropertyAccessor.cpp:79] get struct data success! propertyId: 1056
[05/19 15:02:31.017561][debug][31280][PropertyAccessor.cpp:71] get cmd version success! propertyId: 1056, version: 0
[05/19 15:02:31.018596][debug][31280][PropertyAccessor.cpp:79] get struct data success! propertyId: 1056
[05/19 15:02:41.051657][debug][31280][PropertyAccessor.cpp:71] get cmd version success! propertyId: 1056, version: 0
[05/19 15:02:41.052831][debug][31280][PropertyAccessor.cpp:79] get struct data success! propertyId: 1056
[05/19 15:02:51.085903][debug][31280][PropertyAccessor.cpp:71] get cmd version success! propertyId: 1056, version: 0
[05/19 15:02:51.086987][debug][31280][PropertyAccessor.cpp:79] get struct data success! propertyId: 1056
[05/19 15:03:01.122549][debug][31280][PropertyAccessor.cpp:71] get cmd version success! propertyId: 1056, version: 0
[05/19 15:03:01.123662][debug][31280][PropertyAccessor.cpp:79] get struct data success! propertyId: 1056
[05/19 15:03:04.482682][error][27952][GVCPClient.cpp:355] sendto failed with error:10038 [**90 logs in 60181ms, last: 15:03:02.649285**]
[05/19 15:03:11.151748][debug][31280][PropertyAccessor.cpp:71] get cmd version success! propertyId: 1056, version: 0
[05/19 15:03:11.152615][debug][31280][PropertyAccessor.cpp:79] get struct data success! propertyId: 1056
[05/19 15:03:21.182808][debug][31280][PropertyAccessor.cpp:71] get cmd version success! propertyId: 1056, version: 0
[05/19 15:03:21.183668][debug][31280][PropertyAccessor.cpp:79] get struct data success! propertyId: 1056
[05/19 15:03:31.213028][debug][31280][PropertyAccessor.cpp:71] get cmd version success! propertyId: 1056, version: 0
[05/19 15:03:31.213916][debug][31280][PropertyAccessor.cpp:79] get struct data success! propertyId: 1056
[05/19 15:03:41.247846][debug][31280][PropertyAccessor.cpp:71] get cmd version success! propertyId: 1056, version: 0
[05/19 15:03:41.248678][debug][31280][PropertyAccessor.cpp:79] get struct data success! propertyId: 1056
[05/19 15:03:51.285867][debug][31280][PropertyAccessor.cpp:71] get cmd version success! propertyId: 1056, version: 0
[05/19 15:03:51.286582][debug][31280][PropertyAccessor.cpp:79] get struct data success! propertyId: 1056
[05/19 15:04:01.319328][debug][31280][PropertyAccessor.cpp:71] get cmd version success! propertyId: 1056, version: 0
[05/19 15:04:01.320003][debug][31280][PropertyAccessor.cpp:79] get struct data success! propertyId: 1056
[05/19 15:04:04.655930][error][7484][GVCPClient.cpp:355] sendto failed with error:10038 [**90 logs in 60173ms, last: 15:04:02.821459**]
[05/19 15:04:11.356066][debug][31280][PropertyAccessor.cpp:71] get cmd version success! propertyId: 1056, version: 0
[05/19 15:04:11.356814][debug][31280][PropertyAccessor.cpp:79] get struct data success! propertyId: 1056
[05/19 15:04:21.391861][debug][31280][PropertyAccessor.cpp:71] get cmd version success! propertyId: 1056, version: 0
[05/19 15:04:21.392575][debug][31280][PropertyAccessor.cpp:79] get struct data success! propertyId: 1056
[05/19 15:04:31.421899][debug][31280][PropertyAccessor.cpp:71] get cmd version success! propertyId: 1056, version: 0
[05/19 15:04:31.422609][debug][31280][PropertyAccessor.cpp:79] get struct data success! propertyId: 1056
[05/19 15:04:41.454593][debug][31280][PropertyAccessor.cpp:71] get cmd version success! propertyId: 1056, version: 0
[05/19 15:04:41.455279][debug][31280][PropertyAccessor.cpp:79] get struct data success! propertyId: 1056
[05/19 15:04:51.488112][debug][31280][PropertyAccessor.cpp:71] get cmd version success! propertyId: 1056, version: 0
[05/19 15:04:51.488910][debug][31280][PropertyAccessor.cpp:79] get struct data success! propertyId: 1056
[05/19 15:05:01.517594][debug][31280][PropertyAccessor.cpp:71] get cmd version success! propertyId: 1056, version: 0
[05/19 15:05:01.518659][debug][31280][PropertyAccessor.cpp:79] get struct data success! propertyId: 1056
[05/19 15:05:04.826283][error][28172][GVCPClient.cpp:355] sendto failed with error:10038 [**90 logs in 60170ms, last: 15:05:02.993232**]
[05/19 15:05:11.552910][debug][31280][PropertyAccessor.cpp:71] get cmd version success! propertyId: 1056, version: 0
[05/19 15:05:11.554000][debug][31280][PropertyAccessor.cpp:79] get struct data success! propertyId: 1056
[05/19 15:05:21.584379][debug][31280][PropertyAccessor.cpp:71] get cmd version success! propertyId: 1056, version: 0
[05/19 15:05:21.585869][debug][31280][PropertyAccessor.cpp:79] get struct data success! propertyId: 1056
[05/19 15:05:31.619728][debug][31280][PropertyAccessor.cpp:71] get cmd version success! propertyId: 1056, version: 0
[05/19 15:05:31.620819][debug][31280][PropertyAccessor.cpp:79] get struct data success! propertyId: 1056
[05/19 15:05:41.653739][debug][31280][PropertyAccessor.cpp:71] get cmd version success! propertyId: 1056, version: 0
[05/19 15:05:41.655218][debug][31280][PropertyAccessor.cpp:79] get struct data success! propertyId: 1056
[05/19 15:05:51.683432][debug][31280][PropertyAccessor.cpp:71] get cmd version success! propertyId: 1056, version: 0
[05/19 15:05:51.684233][debug][31280][PropertyAccessor.cpp:79] get struct data success! propertyId: 1056
[05/19 15:06:01.717030][debug][31280][PropertyAccessor.cpp:71] get cmd version success! propertyId: 1056, version: 0
[05/19 15:06:01.717811][debug][31280][PropertyAccessor.cpp:79] get struct data success! propertyId: 1056
[05/19 15:06:04.998704][error][36144][GVCPClient.cpp:355] sendto failed with error:10038 [**90 logs in 60172ms, last: 15:06:03.166769**]
[05/19 15:06:11.749861][debug][31280][PropertyAccessor.cpp:71] get cmd version success! propertyId: 1056, version: 0
[05/19 15:06:11.751366][debug][31280][PropertyAccessor.cpp:79] get struct data success! propertyId: 1056
[05/19 15:06:21.786231][debug][31280][PropertyAccessor.cpp:71] get cmd version success! propertyId: 1056, version: 0
[05/19 15:06:21.786978][debug][31280][PropertyAccessor.cpp:79] get struct data success! propertyId: 1056
[05/19 15:06:31.822452][debug][31280][PropertyAccessor.cpp:71] get cmd version success! propertyId: 1056, version: 0
[05/19 15:06:31.823239][debug][31280][PropertyAccessor.cpp:79] get struct data success! propertyId: 1056
[05/19 15:06:41.860500][debug][31280][PropertyAccessor.cpp:71] get cmd version success! propertyId: 1056, version: 0
[05/19 15:06:41.861162][debug][31280][PropertyAccessor.cpp:79] get struct data success! propertyId: 1056
[05/19 15:06:51.896527][debug][31280][PropertyAccessor.cpp:71] get cmd version success! propertyId: 1056, version: 0
[05/19 15:06:51.897275][debug][31280][PropertyAccessor.cpp:79] get struct data success! propertyId: 1056
[05/19 15:07:01.928204][debug][31280][PropertyAccessor.cpp:71] get cmd version success! propertyId: 1056, version: 0
[05/19 15:07:01.928893][debug][31280][PropertyAccessor.cpp:79] get struct data success! propertyId: 1056
[05/19 15:07:05.171539][error][35044][GVCPClient.cpp:355] sendto failed with error:10038 [**90 logs in 60172ms, last: 15:07:03.349834**]
[05/19 15:07:11.959606][debug][31280][PropertyAccessor.cpp:71] get cmd version success! propertyId: 1056, version: 0
[05/19 15:07:11.960372][debug][31280][PropertyAccessor.cpp:79] get struct data success! propertyId: 1056
[05/19 15:07:21.992511][debug][31280][PropertyAccessor.cpp:71] get cmd version success! propertyId: 1056, version: 0
[05/19 15:07:21.993425][debug][31280][PropertyAccessor.cpp:79] get struct data success! propertyId: 1056
[05/19 15:07:32.026060][debug][31280][PropertyAccessor.cpp:71] get cmd version success! propertyId: 1056, version: 0
[05/19 15:07:32.026788][debug][31280][PropertyAccessor.cpp:79] get struct data success! propertyId: 1056
[05/19 15:07:42.058227][debug][31280][PropertyAccessor.cpp:71] get cmd version success! propertyId: 1056, version: 0
[05/19 15:07:42.059009][debug][31280][PropertyAccessor.cpp:79] get struct data success! propertyId: 1056
[05/19 15:07:52.091655][debug][31280][PropertyAccessor.cpp:71] get cmd version success! propertyId: 1056, version: 0
[05/19 15:07:52.092332][debug][31280][PropertyAccessor.cpp:79] get struct data success! propertyId: 1056
[05/19 15:08:02.125838][debug][31280][PropertyAccessor.cpp:71] get cmd version success! propertyId: 1056, version: 0
[05/19 15:08:02.127569][debug][31280][PropertyAccessor.cpp:79] get struct data success! propertyId: 1056
[05/19 15:08:05.355091][error][25640][GVCPClient.cpp:355] sendto failed with error:10038 [**90 logs in 60183ms, last: 15:08:03.529280**]
[05/19 15:08:12.158628][debug][31280][PropertyAccessor.cpp:71] get cmd version success! propertyId: 1056, version: 0
[05/19 15:08:12.159668][debug][31280][PropertyAccessor.cpp:79] get struct data success! propertyId: 1056
[05/19 15:08:22.191590][debug][31280][PropertyAccessor.cpp:71] get cmd version success! propertyId: 1056, version: 0
[05/19 15:08:22.192557][debug][31280][PropertyAccessor.cpp:79] get struct data success! propertyId: 1056
[05/19 15:08:32.224716][debug][31280][PropertyAccessor.cpp:71] get cmd version success! propertyId: 1056, version: 0
[05/19 15:08:32.226105][debug][31280][PropertyAccessor.cpp:79] get struct data success! propertyId: 1056
[05/19 15:08:42.255950][debug][31280][PropertyAccessor.cpp:71] get cmd version success! propertyId: 1056, version: 0
[05/19 15:08:42.256997][debug][31280][PropertyAccessor.cpp:79] get struct data success! propertyId: 1056
[05/19 15:08:52.290628][debug][31280][PropertyAccessor.cpp:71] get cmd version success! propertyId: 1056, version: 0
[05/19 15:08:52.291372][debug][31280][PropertyAccessor.cpp:79] get struct data success! propertyId: 1056
[05/19 15:09:02.320709][debug][31280][PropertyAccessor.cpp:71] get cmd version success! propertyId: 1056, version: 0
[05/19 15:09:02.321360][debug][31280][PropertyAccessor.cpp:79] get struct data success! propertyId: 1056
[05/19 15:09:05.535086][error][34372][GVCPClient.cpp:355] sendto failed with error:10038 [**90 logs in 60179ms, last: 15:09:03.708596**]
[05/19 15:09:12.355692][debug][31280][PropertyAccessor.cpp:71] get cmd version success! propertyId: 1056, version: 0
[05/19 15:09:12.356400][debug][31280][PropertyAccessor.cpp:79] get struct data success! propertyId: 1056
[05/19 15:09:22.391997][debug][31280][PropertyAccessor.cpp:71] get cmd version success! propertyId: 1056, version: 0
[05/19 15:09:22.393393][debug][31280][PropertyAccessor.cpp:79] get struct data success! propertyId: 1056
[05/19 15:09:32.426684][debug][31280][PropertyAccessor.cpp:71] get cmd version success! propertyId: 1056, version: 0
[05/19 15:09:32.427319][debug][31280][PropertyAccessor.cpp:79] get struct data success! propertyId: 1056
[05/19 15:09:42.461915][debug][31280][PropertyAccessor.cpp:71] get cmd version success! propertyId: 1056, version: 0
[05/19 15:09:42.462602][debug][31280][PropertyAccessor.cpp:79] get struct data success! propertyId: 1056
[05/19 15:09:52.496428][debug][31280][PropertyAccessor.cpp:71] get cmd version success! propertyId: 1056, version: 0
[05/19 15:09:52.497352][debug][31280][PropertyAccessor.cpp:79] get struct data success! propertyId: 1056
[05/19 15:10:02.529470][debug][31280][PropertyAccessor.cpp:71] get cmd version success! propertyId: 1056, version: 0
[05/19 15:10:02.530242][debug][31280][PropertyAccessor.cpp:79] get struct data success! propertyId: 1056
[05/19 15:10:05.714299][error][37612][GVCPClient.cpp:355] sendto failed with error:10038 [**90 logs in 60179ms, last: 15:10:03.887447**]
[05/19 15:10:12.562232][debug][31280][PropertyAccessor.cpp:71] get cmd version success! propertyId: 1056, version: 0
[05/19 15:10:12.563083][debug][31280][PropertyAccessor.cpp:79] get struct data success! propertyId: 1056
[05/19 15:10:22.595867][debug][31280][PropertyAccessor.cpp:71] get cmd version success! propertyId: 1056, version: 0
[05/19 15:10:22.596638][debug][31280][PropertyAccessor.cpp:79] get struct data success! propertyId: 1056
[05/19 15:10:32.622141][debug][31280][PropertyAccessor.cpp:71] get cmd version success! propertyId: 1056, version: 0
[05/19 15:10:32.623608][debug][31280][PropertyAccessor.cpp:79] get struct data success! propertyId: 1056
[05/19 15:10:42.651822][debug][31280][PropertyAccessor.cpp:71] get cmd version success! propertyId: 1056, version: 0
[05/19 15:10:42.653054][debug][31280][PropertyAccessor.cpp:79] get struct data success! propertyId: 1056
[05/19 15:10:52.682090][debug][31280][PropertyAccessor.cpp:71] get cmd version success! propertyId: 1056, version: 0
[05/19 15:10:52.682878][debug][31280][PropertyAccessor.cpp:79] get struct data success! propertyId: 1056
[05/19 15:11:02.720450][debug][31280][PropertyAccessor.cpp:71] get cmd version success! propertyId: 1056, version: 0
[05/19 15:11:02.721304][debug][31280][PropertyAccessor.cpp:79] get struct data success! propertyId: 1056
[05/19 15:11:05.892411][error][20856][GVCPClient.cpp:355] sendto failed with error:10038 [**90 logs in 60178ms, last: 15:11:04.065919**]
[05/19 15:11:12.752475][debug][31280][PropertyAccessor.cpp:71] get cmd version success! propertyId: 1056, version: 0
[05/19 15:11:12.753319][debug][31280][PropertyAccessor.cpp:79] get struct data success! propertyId: 1056
[05/19 15:11:22.785180][debug][31280][PropertyAccessor.cpp:71] get cmd version success! propertyId: 1056, version: 0
[05/19 15:11:22.785983][debug][31280][PropertyAccessor.cpp:79] get struct data success! propertyId: 1056
[05/19 15:11:32.815624][debug][31280][PropertyAccessor.cpp:71] get cmd version success! propertyId: 1056, version: 0
[05/19 15:11:32.816415][debug][31280][PropertyAccessor.cpp:79] get struct data success! propertyId: 1056
[05/19 15:11:42.851050][debug][31280][PropertyAccessor.cpp:71] get cmd version success! propertyId: 1056, version: 0
[05/19 15:11:42.851764][debug][31280][PropertyAccessor.cpp:79] get struct data success! propertyId: 1056
[05/19 15:11:52.884139][debug][31280][PropertyAccessor.cpp:71] get cmd version success! propertyId: 1056, version: 0
[05/19 15:11:52.886705][debug][31280][PropertyAccessor.cpp:79] get struct data success! propertyId: 1056
[05/19 15:12:02.921927][debug][31280][PropertyAccessor.cpp:71] get cmd version success! propertyId: 1056, version: 0
[05/19 15:12:02.922589][debug][31280][PropertyAccessor.cpp:79] get struct data success! propertyId: 1056
[05/19 15:12:06.070947][error][15076][GVCPClient.cpp:355] sendto failed with error:10038 [**90 logs in 60178ms, last: 15:12:04.237595**]
[05/19 15:12:12.955938][debug][31280][PropertyAccessor.cpp:71] get cmd version success! propertyId: 1056, version: 0
[05/19 15:12:12.956799][debug][31280][PropertyAccessor.cpp:79] get struct data success! propertyId: 1056
[05/19 15:12:22.989646][debug][31280][PropertyAccessor.cpp:71] get cmd version success! propertyId: 1056, version: 0
[05/19 15:12:22.990323][debug][31280][PropertyAccessor.cpp:79] get struct data success! propertyId: 1056
[05/19 15:12:33.027791][debug][31280][PropertyAccessor.cpp:71] get cmd version success! propertyId: 1056, version: 0
[05/19 15:12:33.029553][debug][31280][PropertyAccessor.cpp:79] get struct data success! propertyId: 1056
[05/19 15:12:43.063071][debug][31280][PropertyAccessor.cpp:71] get cmd version success! propertyId: 1056, version: 0
[05/19 15:12:43.063722][debug][31280][PropertyAccessor.cpp:79] get struct data success! propertyId: 1056
[05/19 15:12:53.097421][debug][31280][PropertyAccessor.cpp:71] get cmd version success! propertyId: 1056, version: 0
[05/19 15:12:53.098335][debug][31280][PropertyAccessor.cpp:79] get struct data success! propertyId: 1056
[05/19 15:13:03.130732][debug][31280][PropertyAccessor.cpp:71] get cmd version success! propertyId: 1056, version: 0
[05/19 15:13:03.131736][debug][31280][PropertyAccessor.cpp:79] get struct data success! propertyId: 1056
[05/19 15:13:06.241530][error][18772][GVCPClient.cpp:355] sendto failed with error:10038 [**90 logs in 60170ms, last: 15:13:04.428841**]
[05/19 15:13:13.167270][debug][31280][PropertyAccessor.cpp:71] get cmd version success! propertyId: 1056, version: 0
[05/19 15:13:13.167985][debug][31280][PropertyAccessor.cpp:79] get struct data success! propertyId: 1056
[05/19 15:13:23.200693][debug][31280][PropertyAccessor.cpp:71] get cmd version success! propertyId: 1056, version: 0
[05/19 15:13:23.201745][debug][31280][PropertyAccessor.cpp:79] get struct data success! propertyId: 1056
[05/19 15:13:33.234724][debug][31280][PropertyAccessor.cpp:71] get cmd version success! propertyId: 1056, version: 0
[05/19 15:13:33.235903][debug][31280][PropertyAccessor.cpp:79] get struct data success! propertyId: 1056
[05/19 15:13:43.267626][debug][31280][PropertyAccessor.cpp:71] get cmd version success! propertyId: 1056, version: 0
[05/19 15:13:43.268835][debug][31280][PropertyAccessor.cpp:79] get struct data success! propertyId: 1056
[05/19 15:13:53.300529][debug][31280][PropertyAccessor.cpp:71] get cmd version success! propertyId: 1056, version: 0
[05/19 15:13:53.301909][debug][31280][PropertyAccessor.cpp:79] get struct data success! propertyId: 1056
[05/19 15:14:03.335048][debug][31280][PropertyAccessor.cpp:71] get cmd version success! propertyId: 1056, version: 0
[05/19 15:14:03.335775][debug][31280][PropertyAccessor.cpp:79] get struct data success! propertyId: 1056
[05/19 15:14:06.434028][error][37032][GVCPClient.cpp:355] sendto failed with error:10038 [**90 logs in 60192ms, last: 15:14:04.599826**]
[05/19 15:14:13.370007][debug][31280][PropertyAccessor.cpp:71] get cmd version success! propertyId: 1056, version: 0
[05/19 15:14:13.371074][debug][31280][PropertyAccessor.cpp:79] get struct data success! propertyId: 1056
[05/19 15:14:23.403316][debug][31280][PropertyAccessor.cpp:71] get cmd version success! propertyId: 1056, version: 0
[05/19 15:14:23.404665][debug][31280][PropertyAccessor.cpp:79] get struct data success! propertyId: 1056
[05/19 15:14:23.961323][debug][22728][HostProtocol.cpp:425] Set property value, propertyId=2020, value={intValue: 0, floatValue: 0}
[05/19 15:14:23.964018][debug][22728][HidDevicePort.cpp:93] HidDevicePort::removeWatcher
[05/19 15:14:23.964042][debug][22728][HidDevicePort.cpp:111] HidDevicePort::stopCapture done
[05/19 15:14:23.964063][debug][22728][HostProtocol.cpp:425] Set property value, propertyId=2019, value={intValue: 0, floatValue: 0}
[05/19 15:14:23.965719][debug][22728][HidDevicePort.cpp:93] HidDevicePort::removeWatcher
[05/19 15:14:23.965729][debug][22728][HidDevicePort.cpp:111] HidDevicePort::stopCapture done
[05/19 15:14:23.965772][info][22728][ScannerAbstractDevice.cpp:806] switchDepthWorkMode done! same mode. currentDepthMode: {name: Laser Lines Scan, checksum(hex): 551cc6b785df988e243c449d3d38086c, optionCode: 46(0x2e000000)}, targetDepthMode:{name: Laser Lines Scan, checksum(hex): 551cc6b785df988e243c449d3d38086c, optionCode: 46(0x2e000000)}
[05/19 15:14:23.967031][debug][22728][PropertyAccessor.cpp:86] set struct data success! propertyId: 1043
[05/19 15:14:23.967045][debug][22728][HostProtocol.cpp:425] Set property value, propertyId=85, value={intValue: 0, floatValue: 0}
[05/19 15:14:23.967490][debug][22728][PropertyAccessor.cpp:17] set property value success! propertyId: 85, value: {intValue: 0, floatValue: 0}
[05/19 15:14:23.967519][debug][22728][FrameProcessor.cpp:198] setPropertyValue id=3004, value={intValue: 0, floatValue: 0}
[05/19 15:14:23.967528][debug][22728][PropertyAccessor.cpp:17] set property value success! propertyId: 3004, value: {intValue: 0, floatValue: 0}
[05/19 15:14:23.967552][info][22728][PioneerDevice.cpp:1246] switchDepthWorkMode done! oldDepthMode: {name: , checksum(hex): 000000040000000000000060bcb4fe3d, optionCode: MX6600_CALIBRATION_WORK_MODE}, newDepthMode: {name: Laser Lines Scan, checksum(hex): 551cc6b785df988e243c449d3d38086c, optionCode: 46(0x2e000000)}
[05/19 15:14:23.967572][debug][22728][Pipeline.cpp:27] Pipeline init ...
[05/19 15:14:23.967595][debug][22728][Pipeline.cpp:162] loadFrameQueueSizeConfig() config queue size: 10
[05/19 15:14:23.967607][info][22728][Pipeline.cpp:42] Pipeline created with device: {name: Creality Raptor Pro, sn: CR0915D002Y}, @0x23DF63D25D0
[05/19 15:14:23.967642][debug][22728][Gemini2ProfileRestrictor.cpp:71] uvcProfileList size: 36, output profile size: 5
[05/19 15:14:23.967653][debug][22728][VideoSensor.cpp:364] Query stream profile! restrict profile list success. size = 36, valid size = 10
[05/19 15:14:23.967667][debug][22728][VideoSensor.cpp:381] Query stream profile! size= 20, SensorType=OB_SENSOR_COLOR
[05/19 15:14:23.967677][debug][22728][VideoSensor.cpp:383]  - {type: OB_STREAM_COLOR, format: OB_FORMAT_RGB888, width: 1280, height: 800, fps: 10}
[05/19 15:14:23.967684][debug][22728][VideoSensor.cpp:383]  - {type: OB_STREAM_COLOR, format: OB_FORMAT_MJPG, width: 1280, height: 800, fps: 30}
[05/19 15:14:23.967691][debug][22728][VideoSensor.cpp:383]  - {type: OB_STREAM_COLOR, format: OB_FORMAT_MJPG, width: 1280, height: 800, fps: 20}
[05/19 15:14:23.967697][debug][22728][VideoSensor.cpp:383]  - {type: OB_STREAM_COLOR, format: OB_FORMAT_MJPG, width: 1280, height: 800, fps: 15}
[05/19 15:14:23.967703][debug][22728][VideoSensor.cpp:383]  - {type: OB_STREAM_COLOR, format: OB_FORMAT_MJPG, width: 1280, height: 800, fps: 10}
[05/19 15:14:23.967709][debug][22728][VideoSensor.cpp:383]  - {type: OB_STREAM_COLOR, format: OB_FORMAT_MJPG, width: 1280, height: 800, fps: 5}
[05/19 15:14:23.967715][debug][22728][VideoSensor.cpp:383]  - {type: OB_STREAM_COLOR, format: OB_FORMAT_RGB888, width: 1280, height: 800, fps: 30}
[05/19 15:14:23.967721][debug][22728][VideoSensor.cpp:383]  - {type: OB_STREAM_COLOR, format: OB_FORMAT_RGB888, width: 1280, height: 800, fps: 20}
[05/19 15:14:23.967727][debug][22728][VideoSensor.cpp:383]  - {type: OB_STREAM_COLOR, format: OB_FORMAT_RGB888, width: 1280, height: 800, fps: 15}
[05/19 15:14:23.967735][debug][22728][VideoSensor.cpp:383]  - {type: OB_STREAM_COLOR, format: OB_FORMAT_RGB888, width: 1280, height: 800, fps: 5}
[05/19 15:14:23.967741][debug][22728][VideoSensor.cpp:383]  - {type: OB_STREAM_COLOR, format: OB_FORMAT_RGB888, width: 1280, height: 800, fps: 30}
[05/19 15:14:23.967747][debug][22728][VideoSensor.cpp:383]  - {type: OB_STREAM_COLOR, format: OB_FORMAT_RGB888, width: 1280, height: 800, fps: 20}
[05/19 15:14:23.967753][debug][22728][VideoSensor.cpp:383]  - {type: OB_STREAM_COLOR, format: OB_FORMAT_RGB888, width: 1280, height: 800, fps: 15}
[05/19 15:14:23.967760][debug][22728][VideoSensor.cpp:383]  - {type: OB_STREAM_COLOR, format: OB_FORMAT_RGB888, width: 1280, height: 800, fps: 10}
[05/19 15:14:23.967766][debug][22728][VideoSensor.cpp:383]  - {type: OB_STREAM_COLOR, format: OB_FORMAT_RGB888, width: 1280, height: 800, fps: 5}
[05/19 15:14:23.967772][debug][22728][VideoSensor.cpp:383]  - {type: OB_STREAM_COLOR, format: OB_FORMAT_BGRA, width: 1280, height: 800, fps: 30}
[05/19 15:14:23.967778][debug][22728][VideoSensor.cpp:383]  - {type: OB_STREAM_COLOR, format: OB_FORMAT_BGRA, width: 1280, height: 800, fps: 20}
[05/19 15:14:23.967784][debug][22728][VideoSensor.cpp:383]  - {type: OB_STREAM_COLOR, format: OB_FORMAT_BGRA, width: 1280, height: 800, fps: 15}
[05/19 15:14:23.967790][debug][22728][VideoSensor.cpp:383]  - {type: OB_STREAM_COLOR, format: OB_FORMAT_BGRA, width: 1280, height: 800, fps: 10}
[05/19 15:14:23.967796][debug][22728][VideoSensor.cpp:383]  - {type: OB_STREAM_COLOR, format: OB_FORMAT_BGRA, width: 1280, height: 800, fps: 5}
[05/19 15:14:23.967807][warning][22728][ObException.cpp:5] No required type sensor found! Calibrate depth work mode, sensorType: OB_SENSOR_DEPTH
[05/19 15:14:23.967884][warning][22728][ObException.cpp:5] No required type sensor found! Calibrate depth work mode, sensorType: OB_SENSOR_IR
[05/19 15:14:23.967956][debug][22728][Gemini2ProfileRestrictor.cpp:71] uvcProfileList size: 74, output profile size: 23
[05/19 15:14:23.967964][debug][22728][VideoSensor.cpp:364] Query stream profile! restrict profile list success. size = 74, valid size = 23
[05/19 15:14:23.967971][debug][22728][VideoSensor.cpp:381] Query stream profile! size= 23, SensorType=OB_SENSOR_IR_LEFT
[05/19 15:14:23.967977][debug][22728][VideoSensor.cpp:383]  - {type: OB_STREAM_IR_LEFT, format: OB_FORMAT_Y8, width: 1920, height: 1200, fps: 50}
[05/19 15:14:23.967983][debug][22728][VideoSensor.cpp:383]  - {type: OB_STREAM_IR_LEFT, format: OB_FORMAT_Y8, width: 1520, height: 1200, fps: 30}
[05/19 15:14:23.967989][debug][22728][VideoSensor.cpp:383]  - {type: OB_STREAM_IR_LEFT, format: OB_FORMAT_Y8, width: 1520, height: 1200, fps: 60}
[05/19 15:14:23.967995][debug][22728][VideoSensor.cpp:383]  - {type: OB_STREAM_IR_LEFT, format: OB_FORMAT_Y8, width: 1520, height: 1200, fps: 50}
[05/19 15:14:23.968001][debug][22728][VideoSensor.cpp:383]  - {type: OB_STREAM_IR_LEFT, format: OB_FORMAT_Y8, width: 1520, height: 1200, fps: 40}
[05/19 15:14:23.968007][debug][22728][VideoSensor.cpp:383]  - {type: OB_STREAM_IR_LEFT, format: OB_FORMAT_Y8, width: 1520, height: 1200, fps: 20}
[05/19 15:14:23.968013][debug][22728][VideoSensor.cpp:383]  - {type: OB_STREAM_IR_LEFT, format: OB_FORMAT_Y8, width: 1920, height: 1200, fps: 30}
[05/19 15:14:23.968019][debug][22728][VideoSensor.cpp:383]  - {type: OB_STREAM_IR_LEFT, format: OB_FORMAT_Y8, width: 1920, height: 1200, fps: 40}
[05/19 15:14:23.968025][debug][22728][VideoSensor.cpp:383]  - {type: OB_STREAM_IR_LEFT, format: OB_FORMAT_Y8, width: 1920, height: 1200, fps: 25}
[05/19 15:14:23.968031][debug][22728][VideoSensor.cpp:383]  - {type: OB_STREAM_IR_LEFT, format: OB_FORMAT_Y8, width: 1920, height: 1200, fps: 20}
[05/19 15:14:23.968037][debug][22728][VideoSensor.cpp:383]  - {type: OB_STREAM_IR_LEFT, format: OB_FORMAT_Y8, width: 1920, height: 1200, fps: 15}
[05/19 15:14:23.968043][debug][22728][VideoSensor.cpp:383]  - {type: OB_STREAM_IR_LEFT, format: OB_FORMAT_Y8, width: 1920, height: 1200, fps: 10}
[05/19 15:14:23.968049][debug][22728][VideoSensor.cpp:383]  - {type: OB_STREAM_IR_LEFT, format: OB_FORMAT_Y8, width: 1920, height: 1200, fps: 5}
[05/19 15:14:23.968056][debug][22728][VideoSensor.cpp:383]  - {type: OB_STREAM_IR_LEFT, format: OB_FORMAT_MJPG, width: 1520, height: 1200, fps: 30}
[05/19 15:14:23.968062][debug][22728][VideoSensor.cpp:383]  - {type: OB_STREAM_IR_LEFT, format: OB_FORMAT_MJPG, width: 1520, height: 1200, fps: 60}
[05/19 15:14:23.968068][debug][22728][VideoSensor.cpp:383]  - {type: OB_STREAM_IR_LEFT, format: OB_FORMAT_MJPG, width: 1520, height: 1200, fps: 50}
[05/19 15:14:23.968074][debug][22728][VideoSensor.cpp:383]  - {type: OB_STREAM_IR_LEFT, format: OB_FORMAT_MJPG, width: 1520, height: 1200, fps: 40}
[05/19 15:14:23.968080][debug][22728][VideoSensor.cpp:383]  - {type: OB_STREAM_IR_LEFT, format: OB_FORMAT_MJPG, width: 1520, height: 1200, fps: 20}
[05/19 15:14:23.968086][debug][22728][VideoSensor.cpp:383]  - {type: OB_STREAM_IR_LEFT, format: OB_FORMAT_MJPG, width: 1920, height: 1200, fps: 30}
[05/19 15:14:23.968092][debug][22728][VideoSensor.cpp:383]  - {type: OB_STREAM_IR_LEFT, format: OB_FORMAT_MJPG, width: 1920, height: 1200, fps: 50}
[05/19 15:14:23.968098][debug][22728][VideoSensor.cpp:383]  - {type: OB_STREAM_IR_LEFT, format: OB_FORMAT_MJPG, width: 1920, height: 1200, fps: 40}
[05/19 15:14:23.968104][debug][22728][VideoSensor.cpp:383]  - {type: OB_STREAM_IR_LEFT, format: OB_FORMAT_MJPG, width: 1920, height: 1200, fps: 20}
[05/19 15:14:23.968110][debug][22728][VideoSensor.cpp:383]  - {type: OB_STREAM_IR_LEFT, format: OB_FORMAT_MJPG, width: 1920, height: 1200, fps: 15}
[05/19 15:14:23.968191][debug][22728][Gemini2ProfileRestrictor.cpp:71] uvcProfileList size: 119, output profile size: 13
[05/19 15:14:23.968199][debug][22728][VideoSensor.cpp:364] Query stream profile! restrict profile list success. size = 119, valid size = 13
[05/19 15:14:23.968205][debug][22728][VideoSensor.cpp:381] Query stream profile! size= 13, SensorType=OB_SENSOR_IR_RIGHT
[05/19 15:14:23.968210][debug][22728][VideoSensor.cpp:383]  - {type: OB_STREAM_IR_RIGHT, format: OB_FORMAT_Y8, width: 1920, height: 1200, fps: 50}
[05/19 15:14:23.968216][debug][22728][VideoSensor.cpp:383]  - {type: OB_STREAM_IR_RIGHT, format: OB_FORMAT_Y8, width: 1520, height: 1200, fps: 30}
[05/19 15:14:23.968221][debug][22728][VideoSensor.cpp:383]  - {type: OB_STREAM_IR_RIGHT, format: OB_FORMAT_Y8, width: 1520, height: 1200, fps: 60}
[05/19 15:14:23.968226][debug][22728][VideoSensor.cpp:383]  - {type: OB_STREAM_IR_RIGHT, format: OB_FORMAT_Y8, width: 1520, height: 1200, fps: 50}
[05/19 15:14:23.968232][debug][22728][VideoSensor.cpp:383]  - {type: OB_STREAM_IR_RIGHT, format: OB_FORMAT_Y8, width: 1520, height: 1200, fps: 40}
[05/19 15:14:23.968237][debug][22728][VideoSensor.cpp:383]  - {type: OB_STREAM_IR_RIGHT, format: OB_FORMAT_Y8, width: 1520, height: 1200, fps: 20}
[05/19 15:14:23.968242][debug][22728][VideoSensor.cpp:383]  - {type: OB_STREAM_IR_RIGHT, format: OB_FORMAT_Y8, width: 1920, height: 1200, fps: 30}
[05/19 15:14:23.968248][debug][22728][VideoSensor.cpp:383]  - {type: OB_STREAM_IR_RIGHT, format: OB_FORMAT_Y8, width: 1920, height: 1200, fps: 40}
[05/19 15:14:23.968253][debug][22728][VideoSensor.cpp:383]  - {type: OB_STREAM_IR_RIGHT, format: OB_FORMAT_Y8, width: 1920, height: 1200, fps: 25}
[05/19 15:14:23.968258][debug][22728][VideoSensor.cpp:383]  - {type: OB_STREAM_IR_RIGHT, format: OB_FORMAT_Y8, width: 1920, height: 1200, fps: 20}
[05/19 15:14:23.968263][debug][22728][VideoSensor.cpp:383]  - {type: OB_STREAM_IR_RIGHT, format: OB_FORMAT_Y8, width: 1920, height: 1200, fps: 15}
[05/19 15:14:23.968268][debug][22728][VideoSensor.cpp:383]  - {type: OB_STREAM_IR_RIGHT, format: OB_FORMAT_Y8, width: 1920, height: 1200, fps: 10}
[05/19 15:14:23.968274][debug][22728][VideoSensor.cpp:383]  - {type: OB_STREAM_IR_RIGHT, format: OB_FORMAT_Y8, width: 1920, height: 1200, fps: 5}
[05/19 15:14:23.968334][debug][22728][HostProtocol.cpp:425] Set property value, propertyId=85, value={intValue: 0, floatValue: 0}
[05/19 15:14:23.968764][debug][22728][PropertyAccessor.cpp:17] set property value success! propertyId: 85, value: {intValue: 0, floatValue: 0}
[05/19 15:14:23.968800][debug][22728][FrameProcessor.cpp:198] setPropertyValue id=3004, value={intValue: 0, floatValue: 0}
[05/19 15:14:23.968808][debug][22728][PropertyAccessor.cpp:17] set property value success! propertyId: 3004, value: {intValue: 0, floatValue: 0}
[05/19 15:14:23.968815][debug][22728][FrameProcessor.cpp:198] setPropertyValue id=24, value={intValue: 0, floatValue: 0}
[05/19 15:14:23.968822][debug][22728][PropertyAccessor.cpp:17] set property value success! propertyId: 24, value: {intValue: 0, floatValue: 0}
[05/19 15:14:23.969081][debug][22728][PropertyAccessor.cpp:17] set property value success! propertyId: 2003, value: {intValue: 1, floatValue: 1.4013e-45}
[05/19 15:14:23.969097][debug][22728][FrameProcessor.cpp:198] setPropertyValue id=18, value={intValue: 0, floatValue: 0}
[05/19 15:14:23.969108][debug][22728][PropertyAccessor.cpp:17] set property value success! propertyId: 18, value: {intValue: 0, floatValue: 0}
[05/19 15:14:23.969119][debug][22728][FrameProcessor.cpp:198] setPropertyValue id=112, value={intValue: 0, floatValue: 0}
[05/19 15:14:23.969127][debug][22728][PropertyAccessor.cpp:17] set property value success! propertyId: 112, value: {intValue: 0, floatValue: 0}
[05/19 15:14:23.969147][debug][22728][HostProtocol.cpp:425] Set property value, propertyId=81, value={intValue: 0, floatValue: 0}
[05/19 15:14:23.970409][debug][22728][PropertyAccessor.cpp:17] set property value success! propertyId: 81, value: {intValue: 0, floatValue: 0}
[05/19 15:14:23.970808][debug][22728][HostProtocol.cpp:461] get property value success! propertyId=154, cur={intValue: 1212598784, floatValue: 203560}, max={intValue: 1236736768, floatValue: 1.5e+06}, min={intValue: 1203982336, floatValue: 100000},def={intValue: 1229148160, floatValue: 800000},step={intValue: 1169915904, floatValue: 6000}
[05/19 15:14:23.970822][debug][22728][PropertyAccessor.cpp:34] get property value range success! propertyId: 154, range: {max: {intValue: 1236736768, floatValue: 1.5e+06}, min: {intValue: 1203982336, floatValue: 100000}, step: {intValue: 1169915904, floatValue: 6000}, def: {intValue: 1229148160, floatValue: 800000}}
[05/19 15:14:23.970830][debug][22728][HostProtocol.cpp:425] Set property value, propertyId=154, value={intValue: 1223959552, floatValue: 500000}
[05/19 15:14:23.972403][debug][22728][PropertyAccessor.cpp:17] set property value success! propertyId: 154, value: {intValue: 1223959552, floatValue: 500000}
[05/19 15:14:23.972774][debug][22728][HostProtocol.cpp:461] get property value success! propertyId=155, cur={intValue: 1212598784, floatValue: 203560}, max={intValue: 1236736768, floatValue: 1.5e+06}, min={intValue: 1203982336, floatValue: 100000},def={intValue: 1229148160, floatValue: 800000},step={intValue: 1169915904, floatValue: 6000}
[05/19 15:14:23.972787][debug][22728][PropertyAccessor.cpp:34] get property value range success! propertyId: 155, range: {max: {intValue: 1236736768, floatValue: 1.5e+06}, min: {intValue: 1203982336, floatValue: 100000}, step: {intValue: 1169915904, floatValue: 6000}, def: {intValue: 1229148160, floatValue: 800000}}
[05/19 15:14:23.972795][debug][22728][HostProtocol.cpp:425] Set property value, propertyId=155, value={intValue: 1223959552, floatValue: 500000}
[05/19 15:14:23.974428][debug][22728][PropertyAccessor.cpp:17] set property value success! propertyId: 155, value: {intValue: 1223959552, floatValue: 500000}
[05/19 15:14:23.974445][debug][22728][HostProtocol.cpp:425] Set property value, propertyId=160, value={intValue: 100, floatValue: 1.4013e-43}
[05/19 15:14:23.974901][debug][22728][PropertyAccessor.cpp:17] set property value success! propertyId: 160, value: {intValue: 100, floatValue: 1.4013e-43}
[05/19 15:14:23.974913][debug][22728][HostProtocol.cpp:425] Set property value, propertyId=161, value={intValue: 50, floatValue: 7.00649e-44}
[05/19 15:14:23.975442][debug][22728][PropertyAccessor.cpp:17] set property value success! propertyId: 161, value: {intValue: 50, floatValue: 7.00649e-44}
[05/19 15:14:23.975457][debug][22728][HostProtocol.cpp:425] Set property value, propertyId=164, value={intValue: 0, floatValue: 0}
[05/19 15:14:23.975918][debug][22728][PropertyAccessor.cpp:17] set property value success! propertyId: 164, value: {intValue: 0, floatValue: 0}
[05/19 15:14:23.975948][debug][22728][HostProtocol.cpp:425] Set property value, propertyId=183, value={intValue: 0, floatValue: 0}
[05/19 15:14:23.976517][debug][22728][PropertyAccessor.cpp:17] set property value success! propertyId: 183, value: {intValue: 0, floatValue: 0}
[05/19 15:14:23.976535][debug][22728][HostProtocol.cpp:425] Set property value, propertyId=192, value={intValue: 1, floatValue: 1.4013e-45}
[05/19 15:14:23.979632][debug][22728][PropertyAccessor.cpp:17] set property value success! propertyId: 192, value: {intValue: 1, floatValue: 1.4013e-45}
[05/19 15:14:23.979687][debug][22728][HostProtocol.cpp:425] Set property value, propertyId=157, value={intValue: 0, floatValue: 0}
[05/19 15:14:23.980862][debug][22728][PropertyAccessor.cpp:17] set property value success! propertyId: 157, value: {intValue: 0, floatValue: 0}
[05/19 15:14:23.980888][debug][22728][HostProtocol.cpp:425] Set property value, propertyId=158, value={intValue: 1, floatValue: 1.4013e-45}
[05/19 15:14:23.981390][debug][22728][PropertyAccessor.cpp:17] set property value success! propertyId: 158, value: {intValue: 1, floatValue: 1.4013e-45}
[05/19 15:14:23.981403][debug][22728][HostProtocol.cpp:425] Set property value, propertyId=2026, value={intValue: 2403, floatValue: 3.36732e-42}
[05/19 15:14:24.002302][debug][22728][PropertyAccessor.cpp:17] set property value success! propertyId: 2026, value: {intValue: 2403, floatValue: 3.36732e-42}
[05/19 15:14:24.003390][debug][22728][HostProtocol.cpp:461] get property value success! propertyId=187, cur={intValue: 0, floatValue: 0}, max={intValue: 2, floatValue: 2.8026e-45}, min={intValue: 0, floatValue: 0},def={intValue: 0, floatValue: 0},step={intValue: 1, floatValue: 1.4013e-45}
[05/19 15:14:24.003403][debug][22728][PropertyAccessor.cpp:28] get property value success! propertyId: 187, value: {intValue: 0, floatValue: 0}
[05/19 15:14:24.003429][debug][22728][Pipeline.cpp:171] Pipeline start() start!
[05/19 15:14:24.003446][debug][22728][FrameProcessingBlockManager.cpp:75]  FrameProcessingBlockManager started, 0 blocks contained!
[05/19 15:14:24.003451][info][22728][Pipeline.cpp:236] Try to start streams!
[05/19 15:14:24.003460][debug][22728][VideoSensor.cpp:529] VideoSensor::start, @OB_SENSOR_IR_LEFT
[05/19 15:14:24.003482][debug][22728][FrameProcessor.cpp:131] Frame processor active blocks chain update: input ->FrameMirror -> output
[05/19 15:14:24.003487][debug][22728][FrameProcessor.cpp:143] FrameProcessor started, 4 blocks contained!
[05/19 15:14:24.003495][info][22728][VideoSensor.cpp:617] start OB_SENSOR_IR_LEFT stream with profile: {type: OB_STREAM_IR_LEFT, format: OB_FORMAT_Y8, width: 1920, height: 1200, fps: 50}
[05/19 15:14:24.046200][debug][22728][VideoSensor.cpp:672] Stream state changed to STREAM_STATE_STARTING. @OB_SENSOR_IR_LEFT
[05/19 15:14:24.046247][debug][22728][VideoSensor.cpp:674] Stream starting! @OB_SENSOR_IR_LEFT
[05/19 15:14:24.046254][debug][22728][Pipeline.cpp:247] Sensor stream started, sensorType=OB_SENSOR_IR_LEFT
[05/19 15:14:24.046262][debug][22728][VideoSensor.cpp:529] VideoSensor::start, @OB_SENSOR_IR_RIGHT
[05/19 15:14:24.046276][debug][22728][FrameProcessor.cpp:131] Frame processor active blocks chain update: input ->FrameMirror -> output
[05/19 15:14:24.046281][debug][22728][FrameProcessor.cpp:143] FrameProcessor started, 4 blocks contained!
[05/19 15:14:24.046293][info][22728][VideoSensor.cpp:617] start OB_SENSOR_IR_RIGHT stream with profile: {type: OB_STREAM_IR_RIGHT, format: OB_FORMAT_Y8, width: 1920, height: 1200, fps: 50}
[05/19 15:14:24.062550][debug][22728][FrameProcessor.cpp:131] Frame processor active blocks chain update: input ->FrameMirror -> output
[05/19 15:14:24.062587][debug][22728][VideoSensor.cpp:672] Stream state changed to STREAM_STATE_STARTING. @OB_SENSOR_IR_RIGHT
[05/19 15:14:24.062595][debug][22728][VideoSensor.cpp:674] Stream starting! @OB_SENSOR_IR_RIGHT
[05/19 15:14:24.062600][debug][22728][Pipeline.cpp:247] Sensor stream started, sensorType=OB_SENSOR_IR_RIGHT
[05/19 15:14:24.062605][info][22728][Pipeline.cpp:249] Start streams done!
[05/19 15:14:24.062611][info][22728][Pipeline.cpp:232] Pipeline start done!
[05/19 15:14:24.063093][debug][31280][PropertyAccessor.cpp:71] get cmd version success! propertyId: 1056, version: 0
[05/19 15:14:24.063740][debug][31280][PropertyAccessor.cpp:79] get struct data success! propertyId: 1056
[05/19 15:14:24.063800][debug][22728][HostProtocol.cpp:425] Set property value, propertyId=2022, value={intValue: 8, floatValue: 1.12104e-44}
[05/19 15:14:24.064628][debug][22728][HostProtocol.cpp:425] Set property value, propertyId=2024, value={intValue: 2, floatValue: 2.8026e-45}
[05/19 15:14:24.065098][debug][22728][FrameProcessor.cpp:131] Frame processor active blocks chain update: input ->IMUFrameTransformer -> output
[05/19 15:14:24.065108][debug][22728][FrameProcessor.cpp:143] FrameProcessor started, 1 blocks contained!
[05/19 15:14:24.065115][debug][22728][HidDevicePort.cpp:116] HidDevicePort::startCapture start
[05/19 15:14:24.065121][debug][22728][HidDevicePort.cpp:132] HidDevicePort::startCapture done
[05/19 15:14:24.065130][debug][22728][HostProtocol.cpp:425] Set property value, propertyId=2020, value={intValue: 1, floatValue: 1.4013e-45}
[05/19 15:14:24.066269][debug][22728][HostProtocol.cpp:425] Set property value, propertyId=3, value={intValue: 0, floatValue: 0}
[05/19 15:14:24.068025][debug][22728][PropertyAccessor.cpp:17] set property value success! propertyId: 3, value: {intValue: 0, floatValue: 0}
[05/19 15:14:24.068041][debug][22728][HostProtocol.cpp:425] Set property value, propertyId=152, value={intValue: 0, floatValue: 0}
[05/19 15:14:24.069824][debug][22728][PropertyAccessor.cpp:17] set property value success! propertyId: 152, value: {intValue: 0, floatValue: 0}
[05/19 15:14:24.069869][debug][22728][HostProtocol.cpp:425] Set property value, propertyId=153, value={intValue: 0, floatValue: 0}
[05/19 15:14:24.071753][debug][22728][PropertyAccessor.cpp:17] set property value success! propertyId: 153, value: {intValue: 0, floatValue: 0}
[05/19 15:14:24.071811][debug][22728][HostProtocol.cpp:425] Set property value, propertyId=151, value={intValue: 1, floatValue: 1.4013e-45}
[05/19 15:14:24.072013][debug][22216][AccelSensor.cpp:213] Accel Sensor Streaming... frameRate=0.172753fps
[05/19 15:14:24.072333][debug][22728][PropertyAccessor.cpp:17] set property value success! propertyId: 151, value: {intValue: 1, floatValue: 1.4013e-45}
[05/19 15:14:24.072426][debug][6804][FrameProcessingBlock.cpp:59] FrameProcessingBlock@class libobsensor::IMUFrameTransformer process thread started!
[05/19 15:14:24.072847][debug][22728][PropertyAccessor.cpp:71] get cmd version success! propertyId: 4026, version: 1
[05/19 15:14:24.074282][debug][22728][PropertyAccessor.cpp:93] get struct data list success! propertyId: 4026, async: false
[05/19 15:14:24.074663][debug][22728][PropertyAccessor.cpp:71] get cmd version success! propertyId: 4024, version: 0
[05/19 15:14:24.076102][debug][22728][PropertyAccessor.cpp:93] get struct data list success! propertyId: 4024, async: false
[05/19 15:14:24.076115][debug][22728][InternalMultiDataType.cpp:88] createDataDeserializer from Generate failed. return an uint8_t data deserializer. propertyId: 4024, cmdVersion:0 
[05/19 15:14:24.076191][debug][22728][HostProtocol.cpp:29] onStart readFlash
[05/19 15:14:24.084246][debug][22728][HostProtocol.cpp:53] onFinish readFlash
[05/19 15:14:24.084305][debug][22728][HostProtocol.cpp:29] onStart readFlash
[05/19 15:14:24.091691][debug][22728][HostProtocol.cpp:53] onFinish readFlash
[05/19 15:14:24.183871][debug][34792][VideoSensor.cpp:414] OB_SENSOR_IR_RIGHT Streaming... frameRate=0.041954fps,bitRate=0.773293Mbps
[05/19 15:14:24.183912][debug][34792][VideoSensor.cpp:462] Stream state changed to STREAM_STATE_STREAMING. @OB_SENSOR_IR_RIGHT
[05/19 15:14:24.183929][debug][34792][FrameTimestampConverter.cpp:98] updateBaseTimeStamp:
[05/19 15:14:24.183942][debug][34792][FrameTimestampConverter.cpp:99] 	srcTimestamp=2306903445, prevSrcTsp_=0, tspDecrease=false
[05/19 15:14:24.183949][debug][34792][FrameTimestampConverter.cpp:100] 	srcTspDiffMs=2306903, hostTspDiffMs=1779174864183, tspDiffAbnormal=true
[05/19 15:14:24.184702][debug][34792][VendorCommand.cpp:426] get TimeStamp: tsp=15191826455, rtt=0
[05/19 15:14:24.185652][debug][34792][FrameProcessingBlock.cpp:59] FrameProcessingBlock@class libobsensor::FrameMirror process thread started!
[05/19 15:14:24.186894][debug][17828][Pipeline.cpp:267] Frame received on pipeline! type=OB_FRAME_IR_RIGHT
[05/19 15:14:24.242424][debug][32264][VideoSensor.cpp:414] OB_SENSOR_IR_LEFT Streaming... frameRate=0.041542fps,bitRate=0.765705Mbps
[05/19 15:14:24.242464][debug][32264][VideoSensor.cpp:462] Stream state changed to STREAM_STATE_STREAMING. @OB_SENSOR_IR_LEFT
[05/19 15:14:24.242473][debug][32264][FrameTimestampConverter.cpp:98] updateBaseTimeStamp:
[05/19 15:14:24.242484][debug][32264][FrameTimestampConverter.cpp:99] 	srcTimestamp=2306962231, prevSrcTsp_=0, tspDecrease=false
[05/19 15:14:24.242491][debug][32264][FrameTimestampConverter.cpp:100] 	srcTspDiffMs=2306962, hostTspDiffMs=1779174864242, tspDiffAbnormal=true
[05/19 15:14:24.243086][debug][32264][VendorCommand.cpp:426] get TimeStamp: tsp=15191884823, rtt=0
[05/19 15:14:24.244129][debug][32264][FrameProcessingBlock.cpp:59] FrameProcessingBlock@class libobsensor::FrameMirror process thread started!
[05/19 15:14:24.245571][debug][32500][Pipeline.cpp:267] Frame received on pipeline! type=OB_FRAME_IR_LEFT
[05/19 15:14:24.420007][debug][22728][HostProtocol.cpp:461] get property value success! propertyId=2026, cur={intValue: 2403, floatValue: 3.36732e-42}, max={intValue: 3000, floatValue: 4.2039e-42}, min={intValue: 100, floatValue: 1.4013e-43},def={intValue: 3000, floatValue: 4.2039e-42},step={intValue: 1, floatValue: 1.4013e-45}
[05/19 15:14:24.420040][debug][22728][PropertyAccessor.cpp:34] get property value range success! propertyId: 2026, range: {max: {intValue: 3000, floatValue: 4.2039e-42}, min: {intValue: 100, floatValue: 1.4013e-43}, step: {intValue: 1, floatValue: 1.4013e-45}, def: {intValue: 3000, floatValue: 4.2039e-42}}
[05/19 15:14:24.421083][warning][17828][Pipeline.cpp:289] Pipeline source frameset queue fulled, drop the oldest frame!
[05/19 15:14:24.422437][debug][22728][PropertyAccessor.cpp:34] get property value range success! propertyId: 2027, range: {max: {intValue: 15000, floatValue: 2.10195e-41}, min: {intValue: 1000, floatValue: 1.4013e-42}, step: {intValue: 100, floatValue: 1.4013e-43}, def: {intValue: 1000, floatValue: 1.4013e-42}}
[05/19 15:14:24.426198][debug][22728][HostProtocol.cpp:461] get property value success! propertyId=2026, cur={intValue: 2403, floatValue: 3.36732e-42}, max={intValue: 3000, floatValue: 4.2039e-42}, min={intValue: 100, floatValue: 1.4013e-43},def={intValue: 3000, floatValue: 4.2039e-42},step={intValue: 1, floatValue: 1.4013e-45}
[05/19 15:14:24.426223][debug][22728][PropertyAccessor.cpp:34] get property value range success! propertyId: 2026, range: {max: {intValue: 3000, floatValue: 4.2039e-42}, min: {intValue: 100, floatValue: 1.4013e-43}, step: {intValue: 1, floatValue: 1.4013e-45}, def: {intValue: 3000, floatValue: 4.2039e-42}}
[05/19 15:14:24.428716][debug][22728][PropertyAccessor.cpp:34] get property value range success! propertyId: 2027, range: {max: {intValue: 15000, floatValue: 2.10195e-41}, min: {intValue: 1000, floatValue: 1.4013e-42}, step: {intValue: 100, floatValue: 1.4013e-43}, def: {intValue: 1000, floatValue: 1.4013e-42}}
[05/19 15:14:24.428759][debug][22728][HostProtocol.cpp:425] Set property value, propertyId=151, value={intValue: 1, floatValue: 1.4013e-45}
[05/19 15:14:24.429503][debug][22728][PropertyAccessor.cpp:17] set property value success! propertyId: 151, value: {intValue: 1, floatValue: 1.4013e-45}
[05/19 15:14:24.448987][debug][34448][HostProtocol.cpp:461] get property value success! propertyId=154, cur={intValue: 1223959552, floatValue: 500000}, max={intValue: 1236736768, floatValue: 1.5e+06}, min={intValue: 1203982336, floatValue: 100000},def={intValue: 1229148160, floatValue: 800000},step={intValue: 1169915904, floatValue: 6000}
[05/19 15:14:24.449022][debug][34448][PropertyAccessor.cpp:34] get property value range success! propertyId: 154, range: {max: {intValue: 1236736768, floatValue: 1.5e+06}, min: {intValue: 1203982336, floatValue: 100000}, step: {intValue: 1169915904, floatValue: 6000}, def: {intValue: 1229148160, floatValue: 800000}}
[05/19 15:14:24.449783][debug][34448][HostProtocol.cpp:461] get property value success! propertyId=2026, cur={intValue: 2403, floatValue: 3.36732e-42}, max={intValue: 3000, floatValue: 4.2039e-42}, min={intValue: 100, floatValue: 1.4013e-43},def={intValue: 3000, floatValue: 4.2039e-42},step={intValue: 1, floatValue: 1.4013e-45}
[05/19 15:14:24.449811][debug][34448][PropertyAccessor.cpp:28] get property value success! propertyId: 2026, value: {intValue: 2403, floatValue: 3.36732e-42}
[05/19 15:14:24.450953][debug][34448][PropertyAccessor.cpp:28] get property value success! propertyId: 2027, value: {intValue: 1000, floatValue: 1.4013e-42}
[05/19 15:14:24.451661][debug][34448][HostProtocol.cpp:461] get property value success! propertyId=5, cur={intValue: 1195593728, floatValue: 50000}, max={intValue: 1205262336, floatValue: 110000}, min={intValue: 1188229120, floatValue: 27000},def={intValue: 1195593728, floatValue: 50000},step={intValue: 1169915904, floatValue: 6000}
[05/19 15:14:24.451691][debug][34448][PropertyAccessor.cpp:28] get property value success! propertyId: 5, value: {intValue: 1195593728, floatValue: 50000}
[05/19 15:14:24.452427][debug][34448][HostProtocol.cpp:461] get property value success! propertyId=160, cur={intValue: 100, floatValue: 1.4013e-43}, max={intValue: 100, floatValue: 1.4013e-43}, min={intValue: 0, floatValue: 0},def={intValue: 50, floatValue: 7.00649e-44},step={intValue: 1, floatValue: 1.4013e-45}
[05/19 15:14:24.452446][debug][34448][PropertyAccessor.cpp:28] get property value success! propertyId: 160, value: {intValue: 100, floatValue: 1.4013e-43}
[05/19 15:14:24.453116][debug][34448][HostProtocol.cpp:461] get property value success! propertyId=160, cur={intValue: 100, floatValue: 1.4013e-43}, max={intValue: 100, floatValue: 1.4013e-43}, min={intValue: 0, floatValue: 0},def={intValue: 50, floatValue: 7.00649e-44},step={intValue: 1, floatValue: 1.4013e-45}
[05/19 15:14:24.453128][debug][34448][PropertyAccessor.cpp:28] get property value success! propertyId: 160, value: {intValue: 100, floatValue: 1.4013e-43}
[05/19 15:14:24.453731][debug][34448][HostProtocol.cpp:461] get property value success! propertyId=161, cur={intValue: 50, floatValue: 7.00649e-44}, max={intValue: 100, floatValue: 1.4013e-43}, min={intValue: 0, floatValue: 0},def={intValue: 50, floatValue: 7.00649e-44},step={intValue: 1, floatValue: 1.4013e-45}
[05/19 15:14:24.453753][debug][34448][PropertyAccessor.cpp:28] get property value success! propertyId: 161, value: {intValue: 50, floatValue: 7.00649e-44}
[05/19 15:14:24.454329][debug][34448][HostProtocol.cpp:461] get property value success! propertyId=154, cur={intValue: 1223959552, floatValue: 500000}, max={intValue: 1236736768, floatValue: 1.5e+06}, min={intValue: 1203982336, floatValue: 100000},def={intValue: 1229148160, floatValue: 800000},step={intValue: 1169915904, floatValue: 6000}
[05/19 15:14:24.454357][debug][34448][PropertyAccessor.cpp:34] get property value range success! propertyId: 154, range: {max: {intValue: 1236736768, floatValue: 1.5e+06}, min: {intValue: 1203982336, floatValue: 100000}, step: {intValue: 1169915904, floatValue: 6000}, def: {intValue: 1229148160, floatValue: 800000}}
[05/19 15:14:24.454368][debug][34448][HostProtocol.cpp:425] Set property value, propertyId=154, value={intValue: 1229084160, floatValue: 796000}
[05/19 15:14:24.456034][debug][34448][PropertyAccessor.cpp:17] set property value success! propertyId: 154, value: {intValue: 1229084160, floatValue: 796000}
[05/19 15:14:24.456626][debug][34448][HostProtocol.cpp:461] get property value success! propertyId=155, cur={intValue: 1223959552, floatValue: 500000}, max={intValue: 1236736768, floatValue: 1.5e+06}, min={intValue: 1203982336, floatValue: 100000},def={intValue: 1229148160, floatValue: 800000},step={intValue: 1169915904, floatValue: 6000}
[05/19 15:14:24.456655][debug][34448][PropertyAccessor.cpp:34] get property value range success! propertyId: 155, range: {max: {intValue: 1236736768, floatValue: 1.5e+06}, min: {intValue: 1203982336, floatValue: 100000}, step: {intValue: 1169915904, floatValue: 6000}, def: {intValue: 1229148160, floatValue: 800000}}
[05/19 15:14:24.456676][debug][34448][HostProtocol.cpp:425] Set property value, propertyId=155, value={intValue: 1229084160, floatValue: 796000}
[05/19 15:14:24.458361][debug][34448][PropertyAccessor.cpp:17] set property value success! propertyId: 155, value: {intValue: 1229084160, floatValue: 796000}
[05/19 15:14:24.459366][debug][34448][HostProtocol.cpp:461] get property value success! propertyId=154, cur={intValue: 1229084160, floatValue: 796000}, max={intValue: 1236736768, floatValue: 1.5e+06}, min={intValue: 1203982336, floatValue: 100000},def={intValue: 1229148160, floatValue: 800000},step={intValue: 1169915904, floatValue: 6000}
[05/19 15:14:24.459389][debug][34448][PropertyAccessor.cpp:34] get property value range success! propertyId: 154, range: {max: {intValue: 1236736768, floatValue: 1.5e+06}, min: {intValue: 1203982336, floatValue: 100000}, step: {intValue: 1169915904, floatValue: 6000}, def: {intValue: 1229148160, floatValue: 800000}}
[05/19 15:14:24.459414][debug][34448][HostProtocol.cpp:425] Set property value, propertyId=154, value={intValue: 1223959552, floatValue: 500000}
[05/19 15:14:24.461118][debug][34448][PropertyAccessor.cpp:17] set property value success! propertyId: 154, value: {intValue: 1223959552, floatValue: 500000}
[05/19 15:14:24.461733][debug][34448][HostProtocol.cpp:461] get property value success! propertyId=155, cur={intValue: 1229084160, floatValue: 796000}, max={intValue: 1236736768, floatValue: 1.5e+06}, min={intValue: 1203982336, floatValue: 100000},def={intValue: 1229148160, floatValue: 800000},step={intValue: 1169915904, floatValue: 6000}
[05/19 15:14:24.461757][debug][34448][PropertyAccessor.cpp:34] get property value range success! propertyId: 155, range: {max: {intValue: 1236736768, floatValue: 1.5e+06}, min: {intValue: 1203982336, floatValue: 100000}, step: {intValue: 1169915904, floatValue: 6000}, def: {intValue: 1229148160, floatValue: 800000}}
[05/19 15:14:24.461769][debug][34448][HostProtocol.cpp:425] Set property value, propertyId=155, value={intValue: 1223959552, floatValue: 500000}
[05/19 15:14:24.463483][debug][34448][PropertyAccessor.cpp:17] set property value success! propertyId: 155, value: {intValue: 1223959552, floatValue: 500000}
[05/19 15:14:24.464287][debug][34448][HostProtocol.cpp:461] get property value success! propertyId=2026, cur={intValue: 2403, floatValue: 3.36732e-42}, max={intValue: 3000, floatValue: 4.2039e-42}, min={intValue: 100, floatValue: 1.4013e-43},def={intValue: 3000, floatValue: 4.2039e-42},step={intValue: 1, floatValue: 1.4013e-45}
[05/19 15:14:24.464304][debug][34448][PropertyAccessor.cpp:28] get property value success! propertyId: 2026, value: {intValue: 2403, floatValue: 3.36732e-42}
[05/19 15:14:24.465442][debug][34448][PropertyAccessor.cpp:28] get property value success! propertyId: 2027, value: {intValue: 1000, floatValue: 1.4013e-42}
[05/19 15:14:24.465991][debug][34448][HostProtocol.cpp:461] get property value success! propertyId=5, cur={intValue: 1195593728, floatValue: 50000}, max={intValue: 1205262336, floatValue: 110000}, min={intValue: 1188229120, floatValue: 27000},def={intValue: 1195593728, floatValue: 50000},step={intValue: 1169915904, floatValue: 6000}
[05/19 15:14:24.466005][debug][34448][PropertyAccessor.cpp:28] get property value success! propertyId: 5, value: {intValue: 1195593728, floatValue: 50000}
[05/19 15:14:24.466780][debug][34448][HostProtocol.cpp:461] get property value success! propertyId=154, cur={intValue: 1223959552, floatValue: 500000}, max={intValue: 1236736768, floatValue: 1.5e+06}, min={intValue: 1203982336, floatValue: 100000},def={intValue: 1229148160, floatValue: 800000},step={intValue: 1169915904, floatValue: 6000}
[05/19 15:14:24.466796][debug][34448][PropertyAccessor.cpp:28] get property value success! propertyId: 154, value: {intValue: 1223959552, floatValue: 500000}
[05/19 15:14:24.467345][debug][34448][HostProtocol.cpp:461] get property value success! propertyId=155, cur={intValue: 1223959552, floatValue: 500000}, max={intValue: 1236736768, floatValue: 1.5e+06}, min={intValue: 1203982336, floatValue: 100000},def={intValue: 1229148160, floatValue: 800000},step={intValue: 1169915904, floatValue: 6000}
[05/19 15:14:24.467357][debug][34448][PropertyAccessor.cpp:28] get property value success! propertyId: 155, value: {intValue: 1223959552, floatValue: 500000}
[05/19 15:14:24.467933][debug][34448][HostProtocol.cpp:461] get property value success! propertyId=160, cur={intValue: 100, floatValue: 1.4013e-43}, max={intValue: 100, floatValue: 1.4013e-43}, min={intValue: 0, floatValue: 0},def={intValue: 50, floatValue: 7.00649e-44},step={intValue: 1, floatValue: 1.4013e-45}
[05/19 15:14:24.467945][debug][34448][PropertyAccessor.cpp:28] get property value success! propertyId: 160, value: {intValue: 100, floatValue: 1.4013e-43}
[05/19 15:14:24.468557][debug][34448][HostProtocol.cpp:461] get property value success! propertyId=160, cur={intValue: 100, floatValue: 1.4013e-43}, max={intValue: 100, floatValue: 1.4013e-43}, min={intValue: 0, floatValue: 0},def={intValue: 50, floatValue: 7.00649e-44},step={intValue: 1, floatValue: 1.4013e-45}
[05/19 15:14:24.468568][debug][34448][PropertyAccessor.cpp:28] get property value success! propertyId: 160, value: {intValue: 100, floatValue: 1.4013e-43}
[05/19 15:14:24.469267][debug][34448][HostProtocol.cpp:461] get property value success! propertyId=161, cur={intValue: 50, floatValue: 7.00649e-44}, max={intValue: 100, floatValue: 1.4013e-43}, min={intValue: 0, floatValue: 0},def={intValue: 50, floatValue: 7.00649e-44},step={intValue: 1, floatValue: 1.4013e-45}
[05/19 15:14:24.469283][debug][34448][PropertyAccessor.cpp:28] get property value success! propertyId: 161, value: {intValue: 50, floatValue: 7.00649e-44}
[05/19 15:14:24.469295][debug][34448][HostProtocol.cpp:425] Set property value, propertyId=2026, value={intValue: 3000, floatValue: 4.2039e-42}
[05/19 15:14:24.478798][debug][34448][PropertyAccessor.cpp:17] set property value success! propertyId: 2026, value: {intValue: 3000, floatValue: 4.2039e-42}
[05/19 15:14:24.486997][debug][34448][PropertyAccessor.cpp:17] set property value success! propertyId: 2027, value: {intValue: 1000, floatValue: 1.4013e-42}
[05/19 15:14:24.497210][debug][34448][PropertyAccessor.cpp:17] set property value success! propertyId: 2025, value: {intValue: 0, floatValue: 0}
[05/19 15:14:24.505475][debug][34448][PropertyAccessor.cpp:17] set property value success! propertyId: 2027, value: {intValue: 1000, floatValue: 1.4013e-42}
[05/19 15:14:24.505523][debug][34448][HostProtocol.cpp:425] Set property value, propertyId=160, value={intValue: 100, floatValue: 1.4013e-43}
[05/19 15:14:24.506407][debug][34448][PropertyAccessor.cpp:17] set property value success! propertyId: 160, value: {intValue: 100, floatValue: 1.4013e-43}
[05/19 15:14:24.506424][debug][34448][HostProtocol.cpp:425] Set property value, propertyId=161, value={intValue: 50, floatValue: 7.00649e-44}
[05/19 15:14:24.507254][debug][34448][PropertyAccessor.cpp:17] set property value success! propertyId: 161, value: {intValue: 50, floatValue: 7.00649e-44}
[05/19 15:14:24.507906][debug][34448][HostProtocol.cpp:461] get property value success! propertyId=2026, cur={intValue: 2500, floatValue: 3.50325e-42}, max={intValue: 3000, floatValue: 4.2039e-42}, min={intValue: 100, floatValue: 1.4013e-43},def={intValue: 3000, floatValue: 4.2039e-42},step={intValue: 1, floatValue: 1.4013e-45}
[05/19 15:14:24.507923][debug][34448][PropertyAccessor.cpp:34] get property value range success! propertyId: 2026, range: {max: {intValue: 3000, floatValue: 4.2039e-42}, min: {intValue: 100, floatValue: 1.4013e-43}, step: {intValue: 1, floatValue: 1.4013e-45}, def: {intValue: 3000, floatValue: 4.2039e-42}}
[05/19 15:14:24.508041][debug][34448][HostProtocol.cpp:425] Set property value, propertyId=2026, value={intValue: 3000, floatValue: 4.2039e-42}
[05/19 15:14:24.517548][debug][34448][PropertyAccessor.cpp:17] set property value success! propertyId: 2026, value: {intValue: 3000, floatValue: 4.2039e-42}
[05/19 15:14:24.518448][debug][34448][HostProtocol.cpp:461] get property value success! propertyId=2026, cur={intValue: 3000, floatValue: 4.2039e-42}, max={intValue: 3000, floatValue: 4.2039e-42}, min={intValue: 100, floatValue: 1.4013e-43},def={intValue: 3000, floatValue: 4.2039e-42},step={intValue: 1, floatValue: 1.4013e-45}
[05/19 15:14:24.518468][debug][34448][PropertyAccessor.cpp:34] get property value range success! propertyId: 2026, range: {max: {intValue: 3000, floatValue: 4.2039e-42}, min: {intValue: 100, floatValue: 1.4013e-43}, step: {intValue: 1, floatValue: 1.4013e-45}, def: {intValue: 3000, floatValue: 4.2039e-42}}
[05/19 15:14:24.520746][debug][34448][PropertyAccessor.cpp:34] get property value range success! propertyId: 2027, range: {max: {intValue: 15000, floatValue: 2.10195e-41}, min: {intValue: 1000, floatValue: 1.4013e-42}, step: {intValue: 100, floatValue: 1.4013e-43}, def: {intValue: 1000, floatValue: 1.4013e-42}}
[05/19 15:14:24.521115][debug][34448][HostProtocol.cpp:461] get property value success! propertyId=5, cur={intValue: 1195593728, floatValue: 50000}, max={intValue: 1205262336, floatValue: 110000}, min={intValue: 1188229120, floatValue: 27000},def={intValue: 1195593728, floatValue: 50000},step={intValue: 1169915904, floatValue: 6000}
[05/19 15:14:24.521127][debug][34448][PropertyAccessor.cpp:28] get property value success! propertyId: 5, value: {intValue: 1195593728, floatValue: 50000}
[05/19 15:14:24.521571][debug][34448][HostProtocol.cpp:461] get property value success! propertyId=154, cur={intValue: 1223959552, floatValue: 500000}, max={intValue: 1236736768, floatValue: 1.5e+06}, min={intValue: 1203982336, floatValue: 100000},def={intValue: 1229148160, floatValue: 800000},step={intValue: 1169915904, floatValue: 6000}
[05/19 15:14:24.521595][debug][34448][PropertyAccessor.cpp:28] get property value success! propertyId: 154, value: {intValue: 1223959552, floatValue: 500000}
[05/19 15:14:24.522046][debug][34448][HostProtocol.cpp:461] get property value success! propertyId=155, cur={intValue: 1223959552, floatValue: 500000}, max={intValue: 1236736768, floatValue: 1.5e+06}, min={intValue: 1203982336, floatValue: 100000},def={intValue: 1229148160, floatValue: 800000},step={intValue: 1169915904, floatValue: 6000}
[05/19 15:14:24.522059][debug][34448][PropertyAccessor.cpp:28] get property value success! propertyId: 155, value: {intValue: 1223959552, floatValue: 500000}
[05/19 15:14:24.522440][debug][34448][HostProtocol.cpp:461] get property value success! propertyId=160, cur={intValue: 100, floatValue: 1.4013e-43}, max={intValue: 100, floatValue: 1.4013e-43}, min={intValue: 0, floatValue: 0},def={intValue: 50, floatValue: 7.00649e-44},step={intValue: 1, floatValue: 1.4013e-45}
[05/19 15:14:24.522453][debug][34448][PropertyAccessor.cpp:28] get property value success! propertyId: 160, value: {intValue: 100, floatValue: 1.4013e-43}
[05/19 15:14:24.523035][debug][34448][HostProtocol.cpp:461] get property value success! propertyId=160, cur={intValue: 100, floatValue: 1.4013e-43}, max={intValue: 100, floatValue: 1.4013e-43}, min={intValue: 0, floatValue: 0},def={intValue: 50, floatValue: 7.00649e-44},step={intValue: 1, floatValue: 1.4013e-45}
[05/19 15:14:24.523052][debug][34448][PropertyAccessor.cpp:28] get property value success! propertyId: 160, value: {intValue: 100, floatValue: 1.4013e-43}
[05/19 15:14:24.523894][debug][34448][HostProtocol.cpp:461] get property value success! propertyId=161, cur={intValue: 50, floatValue: 7.00649e-44}, max={intValue: 100, floatValue: 1.4013e-43}, min={intValue: 0, floatValue: 0},def={intValue: 50, floatValue: 7.00649e-44},step={intValue: 1, floatValue: 1.4013e-45}
[05/19 15:14:24.523922][debug][34448][PropertyAccessor.cpp:28] get property value success! propertyId: 161, value: {intValue: 50, floatValue: 7.00649e-44}
[05/19 15:14:24.523968][debug][22728][HostProtocol.cpp:425] Set property value, propertyId=164, value={intValue: 5, floatValue: 7.00649e-45}
[05/19 15:14:24.524673][debug][22728][PropertyAccessor.cpp:17] set property value success! propertyId: 164, value: {intValue: 5, floatValue: 7.00649e-45}
[05/19 15:14:24.525840][debug][34448][PropertyAccessor.cpp:28] get property value success! propertyId: 2027, value: {intValue: 1000, floatValue: 1.4013e-42}
[05/19 15:14:24.526126][debug][34448][PropertyAccessor.cpp:28] get property value success! propertyId: 2025, value: {intValue: 0, floatValue: 0}
[05/19 15:14:24.534440][debug][34448][HostProtocol.cpp:461] get property value success! propertyId=2026, cur={intValue: 3000, floatValue: 4.2039e-42}, max={intValue: 3000, floatValue: 4.2039e-42}, min={intValue: 100, floatValue: 1.4013e-43},def={intValue: 3000, floatValue: 4.2039e-42},step={intValue: 1, floatValue: 1.4013e-45}
[05/19 15:14:24.534475][debug][34448][PropertyAccessor.cpp:34] get property value range success! propertyId: 2026, range: {max: {intValue: 3000, floatValue: 4.2039e-42}, min: {intValue: 100, floatValue: 1.4013e-43}, step: {intValue: 1, floatValue: 1.4013e-45}, def: {intValue: 3000, floatValue: 4.2039e-42}}
[05/19 15:14:24.536954][debug][34448][PropertyAccessor.cpp:34] get property value range success! propertyId: 2027, range: {max: {intValue: 15000, floatValue: 2.10195e-41}, min: {intValue: 1000, floatValue: 1.4013e-42}, step: {intValue: 100, floatValue: 1.4013e-43}, def: {intValue: 1000, floatValue: 1.4013e-42}}
[05/19 15:14:24.537566][debug][34448][HostProtocol.cpp:461] get property value success! propertyId=2026, cur={intValue: 3000, floatValue: 4.2039e-42}, max={intValue: 3000, floatValue: 4.2039e-42}, min={intValue: 100, floatValue: 1.4013e-43},def={intValue: 3000, floatValue: 4.2039e-42},step={intValue: 1, floatValue: 1.4013e-45}
[05/19 15:14:24.537579][debug][34448][PropertyAccessor.cpp:28] get property value success! propertyId: 2026, value: {intValue: 3000, floatValue: 4.2039e-42}
[05/19 15:14:24.538686][debug][34448][PropertyAccessor.cpp:28] get property value success! propertyId: 2027, value: {intValue: 1000, floatValue: 1.4013e-42}
[05/19 15:14:24.539468][debug][34448][HostProtocol.cpp:461] get property value success! propertyId=5, cur={intValue: 1195593728, floatValue: 50000}, max={intValue: 1205262336, floatValue: 110000}, min={intValue: 1188229120, floatValue: 27000},def={intValue: 1195593728, floatValue: 50000},step={intValue: 1169915904, floatValue: 6000}
[05/19 15:14:24.539482][debug][34448][PropertyAccessor.cpp:28] get property value success! propertyId: 5, value: {intValue: 1195593728, floatValue: 50000}
[05/19 15:14:24.540087][debug][34448][HostProtocol.cpp:461] get property value success! propertyId=154, cur={intValue: 1223959552, floatValue: 500000}, max={intValue: 1236736768, floatValue: 1.5e+06}, min={intValue: 1203982336, floatValue: 100000},def={intValue: 1229148160, floatValue: 800000},step={intValue: 1169915904, floatValue: 6000}
[05/19 15:14:24.540107][debug][34448][PropertyAccessor.cpp:28] get property value success! propertyId: 154, value: {intValue: 1223959552, floatValue: 500000}
[05/19 15:14:24.541296][debug][34448][HostProtocol.cpp:461] get property value success! propertyId=155, cur={intValue: 1223959552, floatValue: 500000}, max={intValue: 1236736768, floatValue: 1.5e+06}, min={intValue: 1203982336, floatValue: 100000},def={intValue: 1229148160, floatValue: 800000},step={intValue: 1169915904, floatValue: 6000}
[05/19 15:14:24.541312][debug][34448][PropertyAccessor.cpp:28] get property value success! propertyId: 155, value: {intValue: 1223959552, floatValue: 500000}
[05/19 15:14:24.541834][debug][34448][HostProtocol.cpp:461] get property value success! propertyId=160, cur={intValue: 100, floatValue: 1.4013e-43}, max={intValue: 100, floatValue: 1.4013e-43}, min={intValue: 0, floatValue: 0},def={intValue: 50, floatValue: 7.00649e-44},step={intValue: 1, floatValue: 1.4013e-45}
[05/19 15:14:24.541865][debug][34448][PropertyAccessor.cpp:28] get property value success! propertyId: 160, value: {intValue: 100, floatValue: 1.4013e-43}
[05/19 15:14:24.542411][debug][34448][HostProtocol.cpp:461] get property value success! propertyId=160, cur={intValue: 100, floatValue: 1.4013e-43}, max={intValue: 100, floatValue: 1.4013e-43}, min={intValue: 0, floatValue: 0},def={intValue: 50, floatValue: 7.00649e-44},step={intValue: 1, floatValue: 1.4013e-45}
[05/19 15:14:24.542424][debug][34448][PropertyAccessor.cpp:28] get property value success! propertyId: 160, value: {intValue: 100, floatValue: 1.4013e-43}
[05/19 15:14:24.542958][debug][34448][HostProtocol.cpp:461] get property value success! propertyId=161, cur={intValue: 50, floatValue: 7.00649e-44}, max={intValue: 100, floatValue: 1.4013e-43}, min={intValue: 0, floatValue: 0},def={intValue: 50, floatValue: 7.00649e-44},step={intValue: 1, floatValue: 1.4013e-45}
[05/19 15:14:24.542972][debug][34448][PropertyAccessor.cpp:28] get property value success! propertyId: 161, value: {intValue: 50, floatValue: 7.00649e-44}
[05/19 15:14:24.542989][debug][34448][HostProtocol.cpp:425] Set property value, propertyId=2026, value={intValue: 3000, floatValue: 4.2039e-42}
[05/19 15:14:24.552574][debug][34448][PropertyAccessor.cpp:17] set property value success! propertyId: 2026, value: {intValue: 3000, floatValue: 4.2039e-42}
[05/19 15:14:24.560841][debug][34448][PropertyAccessor.cpp:17] set property value success! propertyId: 2027, value: {intValue: 1000, floatValue: 1.4013e-42}
[05/19 15:14:24.562074][debug][34448][HostProtocol.cpp:461] get property value success! propertyId=154, cur={intValue: 1223959552, floatValue: 500000}, max={intValue: 1236736768, floatValue: 1.5e+06}, min={intValue: 1203982336, floatValue: 100000},def={intValue: 1229148160, floatValue: 800000},step={intValue: 1169915904, floatValue: 6000}
[05/19 15:14:24.562096][debug][34448][PropertyAccessor.cpp:34] get property value range success! propertyId: 154, range: {max: {intValue: 1236736768, floatValue: 1.5e+06}, min: {intValue: 1203982336, floatValue: 100000}, step: {intValue: 1169915904, floatValue: 6000}, def: {intValue: 1229148160, floatValue: 800000}}
[05/19 15:14:24.562656][debug][34448][HostProtocol.cpp:461] get property value success! propertyId=2026, cur={intValue: 3000, floatValue: 4.2039e-42}, max={intValue: 3000, floatValue: 4.2039e-42}, min={intValue: 100, floatValue: 1.4013e-43},def={intValue: 3000, floatValue: 4.2039e-42},step={intValue: 1, floatValue: 1.4013e-45}
[05/19 15:14:24.562675][debug][34448][PropertyAccessor.cpp:28] get property value success! propertyId: 2026, value: {intValue: 3000, floatValue: 4.2039e-42}
[05/19 15:14:24.563824][debug][34448][PropertyAccessor.cpp:28] get property value success! propertyId: 2027, value: {intValue: 1000, floatValue: 1.4013e-42}
[05/19 15:14:24.564380][debug][34448][HostProtocol.cpp:461] get property value success! propertyId=5, cur={intValue: 1195593728, floatValue: 50000}, max={intValue: 1205262336, floatValue: 110000}, min={intValue: 1188229120, floatValue: 27000},def={intValue: 1195593728, floatValue: 50000},step={intValue: 1169915904, floatValue: 6000}
[05/19 15:14:24.564393][debug][34448][PropertyAccessor.cpp:28] get property value success! propertyId: 5, value: {intValue: 1195593728, floatValue: 50000}
[05/19 15:14:24.564958][debug][34448][HostProtocol.cpp:461] get property value success! propertyId=160, cur={intValue: 100, floatValue: 1.4013e-43}, max={intValue: 100, floatValue: 1.4013e-43}, min={intValue: 0, floatValue: 0},def={intValue: 50, floatValue: 7.00649e-44},step={intValue: 1, floatValue: 1.4013e-45}
[05/19 15:14:24.564983][debug][34448][PropertyAccessor.cpp:28] get property value success! propertyId: 160, value: {intValue: 100, floatValue: 1.4013e-43}
[05/19 15:14:24.565535][debug][34448][HostProtocol.cpp:461] get property value success! propertyId=160, cur={intValue: 100, floatValue: 1.4013e-43}, max={intValue: 100, floatValue: 1.4013e-43}, min={intValue: 0, floatValue: 0},def={intValue: 50, floatValue: 7.00649e-44},step={intValue: 1, floatValue: 1.4013e-45}
[05/19 15:14:24.565549][debug][34448][PropertyAccessor.cpp:28] get property value success! propertyId: 160, value: {intValue: 100, floatValue: 1.4013e-43}
[05/19 15:14:24.566102][debug][34448][HostProtocol.cpp:461] get property value success! propertyId=161, cur={intValue: 50, floatValue: 7.00649e-44}, max={intValue: 100, floatValue: 1.4013e-43}, min={intValue: 0, floatValue: 0},def={intValue: 50, floatValue: 7.00649e-44},step={intValue: 1, floatValue: 1.4013e-45}
[05/19 15:14:24.566113][debug][34448][PropertyAccessor.cpp:28] get property value success! propertyId: 161, value: {intValue: 50, floatValue: 7.00649e-44}
[05/19 15:14:24.566677][debug][34448][HostProtocol.cpp:461] get property value success! propertyId=154, cur={intValue: 1223959552, floatValue: 500000}, max={intValue: 1236736768, floatValue: 1.5e+06}, min={intValue: 1203982336, floatValue: 100000},def={intValue: 1229148160, floatValue: 800000},step={intValue: 1169915904, floatValue: 6000}
[05/19 15:14:24.566690][debug][34448][PropertyAccessor.cpp:34] get property value range success! propertyId: 154, range: {max: {intValue: 1236736768, floatValue: 1.5e+06}, min: {intValue: 1203982336, floatValue: 100000}, step: {intValue: 1169915904, floatValue: 6000}, def: {intValue: 1229148160, floatValue: 800000}}
[05/19 15:14:24.566699][debug][34448][HostProtocol.cpp:425] Set property value, propertyId=154, value={intValue: 1229084160, floatValue: 796000}
[05/19 15:14:24.568374][debug][34448][PropertyAccessor.cpp:17] set property value success! propertyId: 154, value: {intValue: 1229084160, floatValue: 796000}
[05/19 15:14:24.569122][debug][34448][HostProtocol.cpp:461] get property value success! propertyId=155, cur={intValue: 1223959552, floatValue: 500000}, max={intValue: 1236736768, floatValue: 1.5e+06}, min={intValue: 1203982336, floatValue: 100000},def={intValue: 1229148160, floatValue: 800000},step={intValue: 1169915904, floatValue: 6000}
[05/19 15:14:24.569136][debug][34448][PropertyAccessor.cpp:34] get property value range success! propertyId: 155, range: {max: {intValue: 1236736768, floatValue: 1.5e+06}, min: {intValue: 1203982336, floatValue: 100000}, step: {intValue: 1169915904, floatValue: 6000}, def: {intValue: 1229148160, floatValue: 800000}}
[05/19 15:14:24.569144][debug][34448][HostProtocol.cpp:425] Set property value, propertyId=155, value={intValue: 1229084160, floatValue: 796000}
[05/19 15:14:24.570968][debug][34448][PropertyAccessor.cpp:17] set property value success! propertyId: 155, value: {intValue: 1229084160, floatValue: 796000}
[05/19 15:14:24.571730][debug][34448][HostProtocol.cpp:461] get property value success! propertyId=154, cur={intValue: 1229084160, floatValue: 796000}, max={intValue: 1236736768, floatValue: 1.5e+06}, min={intValue: 1203982336, floatValue: 100000},def={intValue: 1229148160, floatValue: 800000},step={intValue: 1169915904, floatValue: 6000}
[05/19 15:14:24.571759][debug][34448][PropertyAccessor.cpp:34] get property value range success! propertyId: 154, range: {max: {intValue: 1236736768, floatValue: 1.5e+06}, min: {intValue: 1203982336, floatValue: 100000}, step: {intValue: 1169915904, floatValue: 6000}, def: {intValue: 1229148160, floatValue: 800000}}
[05/19 15:14:24.571787][debug][34448][HostProtocol.cpp:425] Set property value, propertyId=154, value={intValue: 1223959552, floatValue: 500000}
[05/19 15:14:24.573592][debug][34448][PropertyAccessor.cpp:17] set property value success! propertyId: 154, value: {intValue: 1223959552, floatValue: 500000}
[05/19 15:14:24.574334][debug][34448][HostProtocol.cpp:461] get property value success! propertyId=155, cur={intValue: 1229084160, floatValue: 796000}, max={intValue: 1236736768, floatValue: 1.5e+06}, min={intValue: 1203982336, floatValue: 100000},def={intValue: 1229148160, floatValue: 800000},step={intValue: 1169915904, floatValue: 6000}
[05/19 15:14:24.574401][debug][34448][PropertyAccessor.cpp:34] get property value range success! propertyId: 155, range: {max: {intValue: 1236736768, floatValue: 1.5e+06}, min: {intValue: 1203982336, floatValue: 100000}, step: {intValue: 1169915904, floatValue: 6000}, def: {intValue: 1229148160, floatValue: 800000}}
[05/19 15:14:24.574425][debug][34448][HostProtocol.cpp:425] Set property value, propertyId=155, value={intValue: 1223959552, floatValue: 500000}
[05/19 15:14:24.576082][debug][34448][PropertyAccessor.cpp:17] set property value success! propertyId: 155, value: {intValue: 1223959552, floatValue: 500000}
[05/19 15:14:24.577136][debug][34448][HostProtocol.cpp:461] get property value success! propertyId=2026, cur={intValue: 3000, floatValue: 4.2039e-42}, max={intValue: 3000, floatValue: 4.2039e-42}, min={intValue: 100, floatValue: 1.4013e-43},def={intValue: 3000, floatValue: 4.2039e-42},step={intValue: 1, floatValue: 1.4013e-45}
[05/19 15:14:24.577151][debug][34448][PropertyAccessor.cpp:28] get property value success! propertyId: 2026, value: {intValue: 3000, floatValue: 4.2039e-42}
[05/19 15:14:24.578278][debug][34448][PropertyAccessor.cpp:28] get property value success! propertyId: 2027, value: {intValue: 1000, floatValue: 1.4013e-42}
[05/19 15:14:24.578985][debug][34448][HostProtocol.cpp:461] get property value success! propertyId=5, cur={intValue: 1195593728, floatValue: 50000}, max={intValue: 1205262336, floatValue: 110000}, min={intValue: 1188229120, floatValue: 27000},def={intValue: 1195593728, floatValue: 50000},step={intValue: 1169915904, floatValue: 6000}
[05/19 15:14:24.578996][debug][34448][PropertyAccessor.cpp:28] get property value success! propertyId: 5, value: {intValue: 1195593728, floatValue: 50000}
[05/19 15:14:24.579584][debug][34448][HostProtocol.cpp:461] get property value success! propertyId=154, cur={intValue: 1223959552, floatValue: 500000}, max={intValue: 1236736768, floatValue: 1.5e+06}, min={intValue: 1203982336, floatValue: 100000},def={intValue: 1229148160, floatValue: 800000},step={intValue: 1169915904, floatValue: 6000}
[05/19 15:14:24.579594][debug][34448][PropertyAccessor.cpp:28] get property value success! propertyId: 154, value: {intValue: 1223959552, floatValue: 500000}
[05/19 15:14:24.580134][debug][34448][HostProtocol.cpp:461] get property value success! propertyId=155, cur={intValue: 1223959552, floatValue: 500000}, max={intValue: 1236736768, floatValue: 1.5e+06}, min={intValue: 1203982336, floatValue: 100000},def={intValue: 1229148160, floatValue: 800000},step={intValue: 1169915904, floatValue: 6000}
[05/19 15:14:24.580148][debug][34448][PropertyAccessor.cpp:28] get property value success! propertyId: 155, value: {intValue: 1223959552, floatValue: 500000}
[05/19 15:14:24.580679][debug][34448][HostProtocol.cpp:461] get property value success! propertyId=160, cur={intValue: 100, floatValue: 1.4013e-43}, max={intValue: 100, floatValue: 1.4013e-43}, min={intValue: 0, floatValue: 0},def={intValue: 50, floatValue: 7.00649e-44},step={intValue: 1, floatValue: 1.4013e-45}
[05/19 15:14:24.580690][debug][34448][PropertyAccessor.cpp:28] get property value success! propertyId: 160, value: {intValue: 100, floatValue: 1.4013e-43}
[05/19 15:14:24.581049][debug][34448][HostProtocol.cpp:461] get property value success! propertyId=160, cur={intValue: 100, floatValue: 1.4013e-43}, max={intValue: 100, floatValue: 1.4013e-43}, min={intValue: 0, floatValue: 0},def={intValue: 50, floatValue: 7.00649e-44},step={intValue: 1, floatValue: 1.4013e-45}
[05/19 15:14:24.581060][debug][34448][PropertyAccessor.cpp:28] get property value success! propertyId: 160, value: {intValue: 100, floatValue: 1.4013e-43}
[05/19 15:14:24.581444][debug][34448][HostProtocol.cpp:461] get property value success! propertyId=161, cur={intValue: 50, floatValue: 7.00649e-44}, max={intValue: 100, floatValue: 1.4013e-43}, min={intValue: 0, floatValue: 0},def={intValue: 50, floatValue: 7.00649e-44},step={intValue: 1, floatValue: 1.4013e-45}
[05/19 15:14:24.581457][debug][34448][PropertyAccessor.cpp:28] get property value success! propertyId: 161, value: {intValue: 50, floatValue: 7.00649e-44}
[05/19 15:14:24.581469][debug][34448][HostProtocol.cpp:425] Set property value, propertyId=2026, value={intValue: 3000, floatValue: 4.2039e-42}
[05/19 15:14:24.590767][debug][34448][PropertyAccessor.cpp:17] set property value success! propertyId: 2026, value: {intValue: 3000, floatValue: 4.2039e-42}
[05/19 15:14:24.598962][debug][34448][PropertyAccessor.cpp:17] set property value success! propertyId: 2027, value: {intValue: 1000, floatValue: 1.4013e-42}
[05/19 15:14:24.608855][debug][34448][PropertyAccessor.cpp:17] set property value success! propertyId: 2025, value: {intValue: 0, floatValue: 0}
[05/19 15:14:24.617151][debug][34448][PropertyAccessor.cpp:17] set property value success! propertyId: 2027, value: {intValue: 1000, floatValue: 1.4013e-42}
[05/19 15:14:24.617176][debug][34448][HostProtocol.cpp:425] Set property value, propertyId=160, value={intValue: 100, floatValue: 1.4013e-43}
[05/19 15:14:24.618198][debug][34448][PropertyAccessor.cpp:17] set property value success! propertyId: 160, value: {intValue: 100, floatValue: 1.4013e-43}
[05/19 15:14:24.618251][debug][34448][HostProtocol.cpp:425] Set property value, propertyId=161, value={intValue: 50, floatValue: 7.00649e-44}
[05/19 15:14:24.619140][debug][34448][PropertyAccessor.cpp:17] set property value success! propertyId: 161, value: {intValue: 50, floatValue: 7.00649e-44}
[05/19 15:14:24.619871][debug][34448][HostProtocol.cpp:461] get property value success! propertyId=2026, cur={intValue: 2500, floatValue: 3.50325e-42}, max={intValue: 3000, floatValue: 4.2039e-42}, min={intValue: 100, floatValue: 1.4013e-43},def={intValue: 3000, floatValue: 4.2039e-42},step={intValue: 1, floatValue: 1.4013e-45}
[05/19 15:14:24.619893][debug][34448][PropertyAccessor.cpp:34] get property value range success! propertyId: 2026, range: {max: {intValue: 3000, floatValue: 4.2039e-42}, min: {intValue: 100, floatValue: 1.4013e-43}, step: {intValue: 1, floatValue: 1.4013e-45}, def: {intValue: 3000, floatValue: 4.2039e-42}}
[05/19 15:14:24.619903][debug][34448][HostProtocol.cpp:425] Set property value, propertyId=2026, value={intValue: 3000, floatValue: 4.2039e-42}
[05/19 15:14:24.629293][debug][34448][PropertyAccessor.cpp:17] set property value success! propertyId: 2026, value: {intValue: 3000, floatValue: 4.2039e-42}
[05/19 15:14:24.629981][debug][34448][HostProtocol.cpp:461] get property value success! propertyId=2026, cur={intValue: 3000, floatValue: 4.2039e-42}, max={intValue: 3000, floatValue: 4.2039e-42}, min={intValue: 100, floatValue: 1.4013e-43},def={intValue: 3000, floatValue: 4.2039e-42},step={intValue: 1, floatValue: 1.4013e-45}
[05/19 15:14:24.630004][debug][34448][PropertyAccessor.cpp:34] get property value range success! propertyId: 2026, range: {max: {intValue: 3000, floatValue: 4.2039e-42}, min: {intValue: 100, floatValue: 1.4013e-43}, step: {intValue: 1, floatValue: 1.4013e-45}, def: {intValue: 3000, floatValue: 4.2039e-42}}
[05/19 15:14:24.632344][debug][34448][PropertyAccessor.cpp:34] get property value range success! propertyId: 2027, range: {max: {intValue: 15000, floatValue: 2.10195e-41}, min: {intValue: 1000, floatValue: 1.4013e-42}, step: {intValue: 100, floatValue: 1.4013e-43}, def: {intValue: 1000, floatValue: 1.4013e-42}}
[05/19 15:14:24.633009][debug][34448][HostProtocol.cpp:461] get property value success! propertyId=5, cur={intValue: 1195593728, floatValue: 50000}, max={intValue: 1205262336, floatValue: 110000}, min={intValue: 1188229120, floatValue: 27000},def={intValue: 1195593728, floatValue: 50000},step={intValue: 1169915904, floatValue: 6000}
[05/19 15:14:24.633022][debug][34448][PropertyAccessor.cpp:28] get property value success! propertyId: 5, value: {intValue: 1195593728, floatValue: 50000}
[05/19 15:14:24.633651][debug][34448][HostProtocol.cpp:461] get property value success! propertyId=154, cur={intValue: 1223959552, floatValue: 500000}, max={intValue: 1236736768, floatValue: 1.5e+06}, min={intValue: 1203982336, floatValue: 100000},def={intValue: 1229148160, floatValue: 800000},step={intValue: 1169915904, floatValue: 6000}
[05/19 15:14:24.633663][debug][34448][PropertyAccessor.cpp:28] get property value success! propertyId: 154, value: {intValue: 1223959552, floatValue: 500000}
[05/19 15:14:24.634284][debug][34448][HostProtocol.cpp:461] get property value success! propertyId=155, cur={intValue: 1223959552, floatValue: 500000}, max={intValue: 1236736768, floatValue: 1.5e+06}, min={intValue: 1203982336, floatValue: 100000},def={intValue: 1229148160, floatValue: 800000},step={intValue: 1169915904, floatValue: 6000}
[05/19 15:14:24.634295][debug][34448][PropertyAccessor.cpp:28] get property value success! propertyId: 155, value: {intValue: 1223959552, floatValue: 500000}
[05/19 15:14:24.634872][debug][34448][HostProtocol.cpp:461] get property value success! propertyId=160, cur={intValue: 100, floatValue: 1.4013e-43}, max={intValue: 100, floatValue: 1.4013e-43}, min={intValue: 0, floatValue: 0},def={intValue: 50, floatValue: 7.00649e-44},step={intValue: 1, floatValue: 1.4013e-45}
[05/19 15:14:24.634889][debug][34448][PropertyAccessor.cpp:28] get property value success! propertyId: 160, value: {intValue: 100, floatValue: 1.4013e-43}
[05/19 15:14:24.635446][debug][34448][HostProtocol.cpp:461] get property value success! propertyId=160, cur={intValue: 100, floatValue: 1.4013e-43}, max={intValue: 100, floatValue: 1.4013e-43}, min={intValue: 0, floatValue: 0},def={intValue: 50, floatValue: 7.00649e-44},step={intValue: 1, floatValue: 1.4013e-45}
[05/19 15:14:24.635457][debug][34448][PropertyAccessor.cpp:28] get property value success! propertyId: 160, value: {intValue: 100, floatValue: 1.4013e-43}
[05/19 15:14:24.636168][debug][34448][HostProtocol.cpp:461] get property value success! propertyId=161, cur={intValue: 50, floatValue: 7.00649e-44}, max={intValue: 100, floatValue: 1.4013e-43}, min={intValue: 0, floatValue: 0},def={intValue: 50, floatValue: 7.00649e-44},step={intValue: 1, floatValue: 1.4013e-45}
[05/19 15:14:24.636177][debug][34448][PropertyAccessor.cpp:28] get property value success! propertyId: 161, value: {intValue: 50, floatValue: 7.00649e-44}
[05/19 15:14:24.637622][debug][34448][PropertyAccessor.cpp:28] get property value success! propertyId: 2027, value: {intValue: 1000, floatValue: 1.4013e-42}
[05/19 15:14:24.638020][debug][34448][PropertyAccessor.cpp:28] get property value success! propertyId: 2025, value: {intValue: 0, floatValue: 0}
[05/19 15:14:24.638764][debug][34448][HostProtocol.cpp:461] get property value success! propertyId=2026, cur={intValue: 3000, floatValue: 4.2039e-42}, max={intValue: 3000, floatValue: 4.2039e-42}, min={intValue: 100, floatValue: 1.4013e-43},def={intValue: 3000, floatValue: 4.2039e-42},step={intValue: 1, floatValue: 1.4013e-45}
[05/19 15:14:24.638778][debug][34448][PropertyAccessor.cpp:34] get property value range success! propertyId: 2026, range: {max: {intValue: 3000, floatValue: 4.2039e-42}, min: {intValue: 100, floatValue: 1.4013e-43}, step: {intValue: 1, floatValue: 1.4013e-45}, def: {intValue: 3000, floatValue: 4.2039e-42}}
[05/19 15:14:24.641115][debug][34448][PropertyAccessor.cpp:34] get property value range success! propertyId: 2027, range: {max: {intValue: 15000, floatValue: 2.10195e-41}, min: {intValue: 1000, floatValue: 1.4013e-42}, step: {intValue: 100, floatValue: 1.4013e-43}, def: {intValue: 1000, floatValue: 1.4013e-42}}
[05/19 15:14:24.641816][debug][34448][HostProtocol.cpp:461] get property value success! propertyId=2026, cur={intValue: 3000, floatValue: 4.2039e-42}, max={intValue: 3000, floatValue: 4.2039e-42}, min={intValue: 100, floatValue: 1.4013e-43},def={intValue: 3000, floatValue: 4.2039e-42},step={intValue: 1, floatValue: 1.4013e-45}
[05/19 15:14:24.641828][debug][34448][PropertyAccessor.cpp:28] get property value success! propertyId: 2026, value: {intValue: 3000, floatValue: 4.2039e-42}
[05/19 15:14:24.642996][debug][34448][PropertyAccessor.cpp:28] get property value success! propertyId: 2027, value: {intValue: 1000, floatValue: 1.4013e-42}
[05/19 15:14:24.643839][debug][34448][HostProtocol.cpp:461] get property value success! propertyId=5, cur={intValue: 1195593728, floatValue: 50000}, max={intValue: 1205262336, floatValue: 110000}, min={intValue: 1188229120, floatValue: 27000},def={intValue: 1195593728, floatValue: 50000},step={intValue: 1169915904, floatValue: 6000}
[05/19 15:14:24.643850][debug][34448][PropertyAccessor.cpp:28] get property value success! propertyId: 5, value: {intValue: 1195593728, floatValue: 50000}
[05/19 15:14:24.644736][debug][34448][HostProtocol.cpp:461] get property value success! propertyId=154, cur={intValue: 1223959552, floatValue: 500000}, max={intValue: 1236736768, floatValue: 1.5e+06}, min={intValue: 1203982336, floatValue: 100000},def={intValue: 1229148160, floatValue: 800000},step={intValue: 1169915904, floatValue: 6000}
[05/19 15:14:24.644747][debug][34448][PropertyAccessor.cpp:28] get property value success! propertyId: 154, value: {intValue: 1223959552, floatValue: 500000}
[05/19 15:14:24.645355][debug][34448][HostProtocol.cpp:461] get property value success! propertyId=155, cur={intValue: 1223959552, floatValue: 500000}, max={intValue: 1236736768, floatValue: 1.5e+06}, min={intValue: 1203982336, floatValue: 100000},def={intValue: 1229148160, floatValue: 800000},step={intValue: 1169915904, floatValue: 6000}
[05/19 15:14:24.645382][debug][34448][PropertyAccessor.cpp:28] get property value success! propertyId: 155, value: {intValue: 1223959552, floatValue: 500000}
[05/19 15:14:24.646051][debug][34448][HostProtocol.cpp:461] get property value success! propertyId=160, cur={intValue: 100, floatValue: 1.4013e-43}, max={intValue: 100, floatValue: 1.4013e-43}, min={intValue: 0, floatValue: 0},def={intValue: 50, floatValue: 7.00649e-44},step={intValue: 1, floatValue: 1.4013e-45}
[05/19 15:14:24.646063][debug][34448][PropertyAccessor.cpp:28] get property value success! propertyId: 160, value: {intValue: 100, floatValue: 1.4013e-43}
[05/19 15:14:24.646829][debug][34448][HostProtocol.cpp:461] get property value success! propertyId=160, cur={intValue: 100, floatValue: 1.4013e-43}, max={intValue: 100, floatValue: 1.4013e-43}, min={intValue: 0, floatValue: 0},def={intValue: 50, floatValue: 7.00649e-44},step={intValue: 1, floatValue: 1.4013e-45}
[05/19 15:14:24.646839][debug][34448][PropertyAccessor.cpp:28] get property value success! propertyId: 160, value: {intValue: 100, floatValue: 1.4013e-43}
[05/19 15:14:24.647508][debug][34448][HostProtocol.cpp:461] get property value success! propertyId=161, cur={intValue: 50, floatValue: 7.00649e-44}, max={intValue: 100, floatValue: 1.4013e-43}, min={intValue: 0, floatValue: 0},def={intValue: 50, floatValue: 7.00649e-44},step={intValue: 1, floatValue: 1.4013e-45}
[05/19 15:14:24.647521][debug][34448][PropertyAccessor.cpp:28] get property value success! propertyId: 161, value: {intValue: 50, floatValue: 7.00649e-44}
[05/19 15:14:24.647538][debug][34448][HostProtocol.cpp:425] Set property value, propertyId=2026, value={intValue: 3000, floatValue: 4.2039e-42}
[05/19 15:14:24.657079][debug][34448][PropertyAccessor.cpp:17] set property value success! propertyId: 2026, value: {intValue: 3000, floatValue: 4.2039e-42}
[05/19 15:14:24.665162][debug][34448][PropertyAccessor.cpp:17] set property value success! propertyId: 2027, value: {intValue: 1000, floatValue: 1.4013e-42}
[05/19 15:14:24.710155][debug][27820][HostProtocol.cpp:425] Set property value, propertyId=152, value={intValue: 1, floatValue: 1.4013e-45}
[05/19 15:14:24.712116][debug][27820][PropertyAccessor.cpp:17] set property value success! propertyId: 152, value: {intValue: 1, floatValue: 1.4013e-45}
[05/19 15:14:24.712143][debug][27820][HostProtocol.cpp:425] Set property value, propertyId=153, value={intValue: 1, floatValue: 1.4013e-45}
[05/19 15:14:24.714251][debug][27820][PropertyAccessor.cpp:17] set property value success! propertyId: 153, value: {intValue: 1, floatValue: 1.4013e-45}
[05/19 15:14:25.054276][debug][27820][HostProtocol.cpp:425] Set property value, propertyId=161, value={intValue: 50, floatValue: 7.00649e-44}
[05/19 15:14:25.055159][debug][27820][PropertyAccessor.cpp:17] set property value success! propertyId: 161, value: {intValue: 50, floatValue: 7.00649e-44}
[05/19 15:14:25.236878][debug][22728][HostProtocol.cpp:425] Set property value, propertyId=164, value={intValue: 4, floatValue: 5.60519e-45}
[05/19 15:14:25.237937][debug][22728][PropertyAccessor.cpp:17] set property value success! propertyId: 164, value: {intValue: 4, floatValue: 5.60519e-45}
[05/19 15:14:25.256120][debug][27820][HostProtocol.cpp:425] Set property value, propertyId=2026, value={intValue: 2890, floatValue: 4.04975e-42}
[05/19 15:14:25.265994][debug][27820][PropertyAccessor.cpp:17] set property value success! propertyId: 2026, value: {intValue: 2890, floatValue: 4.04975e-42}
[05/19 15:14:25.474513][debug][27820][HostProtocol.cpp:461] get property value success! propertyId=154, cur={intValue: 1223959552, floatValue: 500000}, max={intValue: 1236736768, floatValue: 1.5e+06}, min={intValue: 1203982336, floatValue: 100000},def={intValue: 1229148160, floatValue: 800000},step={intValue: 1169915904, floatValue: 6000}
[05/19 15:14:25.474548][debug][27820][PropertyAccessor.cpp:34] get property value range success! propertyId: 154, range: {max: {intValue: 1236736768, floatValue: 1.5e+06}, min: {intValue: 1203982336, floatValue: 100000}, step: {intValue: 1169915904, floatValue: 6000}, def: {intValue: 1229148160, floatValue: 800000}}
[05/19 15:14:25.474562][debug][27820][HostProtocol.cpp:425] Set property value, propertyId=154, value={intValue: 1220407552, floatValue: 389000}
[05/19 15:14:25.476568][debug][27820][PropertyAccessor.cpp:17] set property value success! propertyId: 154, value: {intValue: 1220407552, floatValue: 389000}
[05/19 15:14:25.494486][debug][27820][HostProtocol.cpp:461] get property value success! propertyId=155, cur={intValue: 1223959552, floatValue: 500000}, max={intValue: 1236736768, floatValue: 1.5e+06}, min={intValue: 1203982336, floatValue: 100000},def={intValue: 1229148160, floatValue: 800000},step={intValue: 1169915904, floatValue: 6000}
[05/19 15:14:25.494555][debug][27820][PropertyAccessor.cpp:34] get property value range success! propertyId: 155, range: {max: {intValue: 1236736768, floatValue: 1.5e+06}, min: {intValue: 1203982336, floatValue: 100000}, step: {intValue: 1169915904, floatValue: 6000}, def: {intValue: 1229148160, floatValue: 800000}}
[05/19 15:14:25.494581][debug][27820][HostProtocol.cpp:425] Set property value, propertyId=155, value={intValue: 1220407552, floatValue: 389000}
[05/19 15:14:25.496479][debug][27820][PropertyAccessor.cpp:17] set property value success! propertyId: 155, value: {intValue: 1220407552, floatValue: 389000}
[05/19 15:14:25.675120][debug][27820][HostProtocol.cpp:425] Set property value, propertyId=2026, value={intValue: 2450, floatValue: 3.43318e-42}
[05/19 15:14:25.684842][debug][27820][PropertyAccessor.cpp:17] set property value success! propertyId: 2026, value: {intValue: 2450, floatValue: 3.43318e-42}
[05/19 15:14:25.893992][debug][27820][HostProtocol.cpp:461] get property value success! propertyId=154, cur={intValue: 1220407552, floatValue: 389000}, max={intValue: 1236736768, floatValue: 1.5e+06}, min={intValue: 1203982336, floatValue: 100000},def={intValue: 1229148160, floatValue: 800000},step={intValue: 1169915904, floatValue: 6000}
[05/19 15:14:25.894030][debug][27820][PropertyAccessor.cpp:34] get property value range success! propertyId: 154, range: {max: {intValue: 1236736768, floatValue: 1.5e+06}, min: {intValue: 1203982336, floatValue: 100000}, step: {intValue: 1169915904, floatValue: 6000}, def: {intValue: 1229148160, floatValue: 800000}}
[05/19 15:14:25.894056][debug][27820][HostProtocol.cpp:425] Set property value, propertyId=154, value={intValue: 1217921152, floatValue: 311300}
[05/19 15:14:25.895892][debug][27820][PropertyAccessor.cpp:17] set property value success! propertyId: 154, value: {intValue: 1217921152, floatValue: 311300}
[05/19 15:14:25.914012][debug][27820][HostProtocol.cpp:461] get property value success! propertyId=155, cur={intValue: 1220407552, floatValue: 389000}, max={intValue: 1236736768, floatValue: 1.5e+06}, min={intValue: 1203982336, floatValue: 100000},def={intValue: 1229148160, floatValue: 800000},step={intValue: 1169915904, floatValue: 6000}
[05/19 15:14:25.914054][debug][27820][PropertyAccessor.cpp:34] get property value range success! propertyId: 155, range: {max: {intValue: 1236736768, floatValue: 1.5e+06}, min: {intValue: 1203982336, floatValue: 100000}, step: {intValue: 1169915904, floatValue: 6000}, def: {intValue: 1229148160, floatValue: 800000}}
[05/19 15:14:25.914066][debug][27820][HostProtocol.cpp:425] Set property value, propertyId=155, value={intValue: 1217921152, floatValue: 311300}
[05/19 15:14:25.915903][debug][27820][PropertyAccessor.cpp:17] set property value success! propertyId: 155, value: {intValue: 1217921152, floatValue: 311300}
[05/19 15:14:26.094996][debug][27820][HostProtocol.cpp:425] Set property value, propertyId=2026, value={intValue: 2340, floatValue: 3.27904e-42}
[05/19 15:14:26.104599][debug][27820][PropertyAccessor.cpp:17] set property value success! propertyId: 2026, value: {intValue: 2340, floatValue: 3.27904e-42}
[05/19 15:14:26.314929][debug][27820][HostProtocol.cpp:461] get property value success! propertyId=154, cur={intValue: 1217921152, floatValue: 311300}, max={intValue: 1236736768, floatValue: 1.5e+06}, min={intValue: 1203982336, floatValue: 100000},def={intValue: 1229148160, floatValue: 800000},step={intValue: 1169915904, floatValue: 6000}
[05/19 15:14:26.314966][debug][27820][PropertyAccessor.cpp:34] get property value range success! propertyId: 154, range: {max: {intValue: 1236736768, floatValue: 1.5e+06}, min: {intValue: 1203982336, floatValue: 100000}, step: {intValue: 1169915904, floatValue: 6000}, def: {intValue: 1229148160, floatValue: 800000}}
[05/19 15:14:26.314979][debug][27820][HostProtocol.cpp:425] Set property value, propertyId=154, value={intValue: 1216013184, floatValue: 256910}
[05/19 15:14:26.316557][debug][27820][PropertyAccessor.cpp:17] set property value success! propertyId: 154, value: {intValue: 1216013184, floatValue: 256910}
[05/19 15:14:26.334580][debug][27820][HostProtocol.cpp:461] get property value success! propertyId=155, cur={intValue: 1217921152, floatValue: 311300}, max={intValue: 1236736768, floatValue: 1.5e+06}, min={intValue: 1203982336, floatValue: 100000},def={intValue: 1229148160, floatValue: 800000},step={intValue: 1169915904, floatValue: 6000}
[05/19 15:14:26.334632][debug][27820][PropertyAccessor.cpp:34] get property value range success! propertyId: 155, range: {max: {intValue: 1236736768, floatValue: 1.5e+06}, min: {intValue: 1203982336, floatValue: 100000}, step: {intValue: 1169915904, floatValue: 6000}, def: {intValue: 1229148160, floatValue: 800000}}
[05/19 15:14:26.334644][debug][27820][HostProtocol.cpp:425] Set property value, propertyId=155, value={intValue: 1216013184, floatValue: 256910}
[05/19 15:14:26.336335][debug][27820][PropertyAccessor.cpp:17] set property value success! propertyId: 155, value: {intValue: 1216013184, floatValue: 256910}
[05/19 15:14:26.576188][debug][27820][HostProtocol.cpp:425] Set property value, propertyId=2026, value={intValue: 2230, floatValue: 3.1249e-42}
[05/19 15:14:26.585984][debug][27820][PropertyAccessor.cpp:17] set property value success! propertyId: 2026, value: {intValue: 2230, floatValue: 3.1249e-42}
[05/19 15:14:26.794569][debug][27820][HostProtocol.cpp:461] get property value success! propertyId=154, cur={intValue: 1216013184, floatValue: 256910}, max={intValue: 1236736768, floatValue: 1.5e+06}, min={intValue: 1203982336, floatValue: 100000},def={intValue: 1229148160, floatValue: 800000},step={intValue: 1169915904, floatValue: 6000}
[05/19 15:14:26.794606][debug][27820][PropertyAccessor.cpp:34] get property value range success! propertyId: 154, range: {max: {intValue: 1236736768, floatValue: 1.5e+06}, min: {intValue: 1203982336, floatValue: 100000}, step: {intValue: 1169915904, floatValue: 6000}, def: {intValue: 1229148160, floatValue: 800000}}
[05/19 15:14:26.794621][debug][27820][HostProtocol.cpp:425] Set property value, propertyId=154, value={intValue: 1212598784, floatValue: 203560}
[05/19 15:14:26.796499][debug][27820][PropertyAccessor.cpp:17] set property value success! propertyId: 154, value: {intValue: 1212598784, floatValue: 203560}
[05/19 15:14:26.814939][debug][27820][HostProtocol.cpp:461] get property value success! propertyId=155, cur={intValue: 1216013184, floatValue: 256910}, max={intValue: 1236736768, floatValue: 1.5e+06}, min={intValue: 1203982336, floatValue: 100000},def={intValue: 1229148160, floatValue: 800000},step={intValue: 1169915904, floatValue: 6000}
[05/19 15:14:26.814975][debug][27820][PropertyAccessor.cpp:34] get property value range success! propertyId: 155, range: {max: {intValue: 1236736768, floatValue: 1.5e+06}, min: {intValue: 1203982336, floatValue: 100000}, step: {intValue: 1169915904, floatValue: 6000}, def: {intValue: 1229148160, floatValue: 800000}}
[05/19 15:14:26.815004][debug][27820][HostProtocol.cpp:425] Set property value, propertyId=155, value={intValue: 1212598784, floatValue: 203560}
[05/19 15:14:26.816651][debug][27820][PropertyAccessor.cpp:17] set property value success! propertyId: 155, value: {intValue: 1212598784, floatValue: 203560}
[05/19 15:14:27.202093][debug][17828][Pipeline.cpp:267] Frame received on pipeline! type=OB_FRAME_IR_RIGHT [**143 logs in 3015ms**]
[05/19 15:14:27.261851][debug][32500][Pipeline.cpp:267] Frame received on pipeline! type=OB_FRAME_IR_LEFT [**145 logs in 3016ms**]
[05/19 15:14:27.495012][debug][22728][HostProtocol.cpp:425] Set property value, propertyId=164, value={intValue: 3, floatValue: 4.2039e-45}
[05/19 15:14:27.495711][debug][22728][PropertyAccessor.cpp:17] set property value success! propertyId: 164, value: {intValue: 3, floatValue: 4.2039e-45}
[05/19 15:14:27.834833][debug][27820][HostProtocol.cpp:425] Set property value, propertyId=2026, value={intValue: 2120, floatValue: 2.97075e-42}
[05/19 15:14:27.844301][debug][27820][PropertyAccessor.cpp:17] set property value success! propertyId: 2026, value: {intValue: 2120, floatValue: 2.97075e-42}
[05/19 15:14:28.021244][debug][22728][HostProtocol.cpp:425] Set property value, propertyId=164, value={intValue: 4, floatValue: 5.60519e-45}
[05/19 15:14:28.022017][debug][22728][PropertyAccessor.cpp:17] set property value success! propertyId: 164, value: {intValue: 4, floatValue: 5.60519e-45}
[05/19 15:14:28.054163][debug][27820][HostProtocol.cpp:461] get property value success! propertyId=154, cur={intValue: 1212598784, floatValue: 203560}, max={intValue: 1236736768, floatValue: 1.5e+06}, min={intValue: 1203982336, floatValue: 100000},def={intValue: 1229148160, floatValue: 800000},step={intValue: 1169915904, floatValue: 6000}
[05/19 15:14:28.054205][debug][27820][PropertyAccessor.cpp:34] get property value range success! propertyId: 154, range: {max: {intValue: 1236736768, floatValue: 1.5e+06}, min: {intValue: 1203982336, floatValue: 100000}, step: {intValue: 1169915904, floatValue: 6000}, def: {intValue: 1229148160, floatValue: 800000}}
[05/19 15:14:28.054218][debug][27820][HostProtocol.cpp:425] Set property value, propertyId=154, value={intValue: 1209184384, floatValue: 150210}
[05/19 15:14:28.056064][debug][27820][PropertyAccessor.cpp:17] set property value success! propertyId: 154, value: {intValue: 1209184384, floatValue: 150210}
[05/19 15:14:28.073912][debug][27820][HostProtocol.cpp:461] get property value success! propertyId=155, cur={intValue: 1212598784, floatValue: 203560}, max={intValue: 1236736768, floatValue: 1.5e+06}, min={intValue: 1203982336, floatValue: 100000},def={intValue: 1229148160, floatValue: 800000},step={intValue: 1169915904, floatValue: 6000}
[05/19 15:14:28.073942][debug][27820][PropertyAccessor.cpp:34] get property value range success! propertyId: 155, range: {max: {intValue: 1236736768, floatValue: 1.5e+06}, min: {intValue: 1203982336, floatValue: 100000}, step: {intValue: 1169915904, floatValue: 6000}, def: {intValue: 1229148160, floatValue: 800000}}
[05/19 15:14:28.073954][debug][27820][HostProtocol.cpp:425] Set property value, propertyId=155, value={intValue: 1209184384, floatValue: 150210}
[05/19 15:14:28.075781][debug][27820][PropertyAccessor.cpp:17] set property value success! propertyId: 155, value: {intValue: 1209184384, floatValue: 150210}
[05/19 15:14:28.159958][debug][22728][HostProtocol.cpp:425] Set property value, propertyId=164, value={intValue: 3, floatValue: 4.2039e-45}
[05/19 15:14:28.161027][debug][22728][PropertyAccessor.cpp:17] set property value success! propertyId: 164, value: {intValue: 3, floatValue: 4.2039e-45}
[05/19 15:14:28.382219][warning][25064][Pipeline.cpp:310] Wait for frame timeout, you can try to increase the wait time! current timeout=100
[05/19 15:14:28.695399][debug][27820][HostProtocol.cpp:425] Set property value, propertyId=2026, value={intValue: 2010, floatValue: 2.81661e-42}
[05/19 15:14:28.705078][debug][27820][PropertyAccessor.cpp:17] set property value success! propertyId: 2026, value: {intValue: 2010, floatValue: 2.81661e-42}
[05/19 15:14:29.077867][debug][22216][AccelSensor.cpp:213] Accel Sensor Streaming... frameRate=199.400589fps
[05/19 15:14:29.201374][debug][35236][VideoSensor.cpp:414] OB_SENSOR_IR_RIGHT Streaming... frameRate=47.030689fps,bitRate=866.869629Mbps
[05/19 15:14:29.321440][debug][34792][VideoSensor.cpp:414] OB_SENSOR_IR_LEFT Streaming... frameRate=46.859619fps,bitRate=863.716492Mbps
[05/19 15:14:29.322267][debug][32500][Pipeline.cpp:271] Pipeline streaming... frameset output rate=48.059875fps
[05/19 15:14:30.458551][debug][32732][PropertyAccessor.cpp:17] set property value success! propertyId: 2003, value: {intValue: 0, floatValue: 0}
[05/19 15:14:33.203315][debug][17828][Pipeline.cpp:267] Frame received on pipeline! type=OB_FRAME_IR_RIGHT [**280 logs in 6001ms**]
[05/19 15:14:33.263509][debug][32500][Pipeline.cpp:267] Frame received on pipeline! type=OB_FRAME_IR_LEFT [**278 logs in 6001ms**]
[05/19 15:14:34.078800][debug][22216][AccelSensor.cpp:213] Accel Sensor Streaming... frameRate=199.560089fps
[05/19 15:14:34.124393][debug][31280][PropertyAccessor.cpp:71] get cmd version success! propertyId: 1056, version: 0
[05/19 15:14:34.126095][debug][31280][PropertyAccessor.cpp:79] get struct data success! propertyId: 1056
[05/19 15:14:34.202700][debug][34688][VideoSensor.cpp:414] OB_SENSOR_IR_RIGHT Streaming... frameRate=46.790642fps,bitRate=862.445129Mbps
[05/19 15:14:34.322882][debug][34688][VideoSensor.cpp:414] OB_SENSOR_IR_LEFT Streaming... frameRate=46.990604fps,bitRate=866.130798Mbps
[05/19 15:14:34.323893][debug][32500][Pipeline.cpp:271] Pipeline streaming... frameset output rate=47.590481fps
[05/19 15:14:35.624655][debug][16524][HostProtocol.cpp:425] Set property value, propertyId=2020, value={intValue: 0, floatValue: 0}
[05/19 15:14:35.626421][debug][16524][FrameProcessingBlock.cpp:74] Process thread stoped! class libobsensor::IMUFrameTransformer@0x23df6562cf0 
[05/19 15:14:35.626442][debug][16524][FrameProcessor.cpp:153] FrameProcessor stoped!
[05/19 15:14:35.626449][debug][16524][HidDevicePort.cpp:93] HidDevicePort::removeWatcher
[05/19 15:14:35.626455][debug][16524][HidDevicePort.cpp:111] HidDevicePort::stopCapture done
[05/19 15:14:35.626463][info][16524][Pipeline.cpp:344] Try to stop pipeline!
[05/19 15:14:35.626470][info][16524][Pipeline.cpp:316] Try to stop streams!
[05/19 15:14:35.626482][debug][16524][VideoSensor.cpp:678] VideoSensor::stop, @OB_SENSOR_IR_RIGHT
[05/19 15:14:35.626493][debug][16524][VideoSensor.cpp:697] Stream state changed to STREAM_STATE_STOPPING. @OB_SENSOR_IR_RIGHT
[05/19 15:14:35.634479][info][16524][MfUvc.cpp:1022] stream flush wait cost time:8ms.
[05/19 15:14:35.636167][debug][16524][VideoSensor.cpp:724] stream stoped! @OB_SENSOR_IR_RIGHT
[05/19 15:14:35.637048][debug][16524][FrameProcessingBlock.cpp:74] Process thread stoped! class libobsensor::FrameMirror@0x23bc12b87c0 
[05/19 15:14:35.637074][debug][16524][FrameProcessor.cpp:153] FrameProcessor stoped!
[05/19 15:14:35.637098][debug][16524][HostProtocol.cpp:425] Set property value, propertyId=38, value={intValue: 1, floatValue: 1.4013e-45}
[05/19 15:14:35.655543][debug][16524][VideoSensor.cpp:732] Stream state changed to STREAM_STATE_STOPED. @OB_SENSOR_IR_RIGHT
[05/19 15:14:35.655585][info][16524][VideoSensor.cpp:734] Video sensor stopped, @OB_SENSOR_IR_RIGHT
[05/19 15:14:35.655594][info][16524][Pipeline.cpp:329] Sensor stream stopped, sensorType=OB_SENSOR_IR_RIGHT
[05/19 15:14:35.655603][debug][16524][VideoSensor.cpp:678] VideoSensor::stop, @OB_SENSOR_IR_LEFT
[05/19 15:14:35.655610][debug][16524][VideoSensor.cpp:697] Stream state changed to STREAM_STATE_STOPPING. @OB_SENSOR_IR_LEFT
[05/19 15:14:35.664966][info][16524][MfUvc.cpp:1022] stream flush wait cost time:9ms.
[05/19 15:14:35.666034][debug][16524][VideoSensor.cpp:724] stream stoped! @OB_SENSOR_IR_LEFT
[05/19 15:14:35.668302][debug][16524][FrameProcessingBlock.cpp:74] Process thread stoped! class libobsensor::FrameMirror@0x23bc12b8fc0 
[05/19 15:14:35.668322][debug][16524][FrameProcessor.cpp:153] FrameProcessor stoped!
[05/19 15:14:35.668347][debug][16524][HostProtocol.cpp:425] Set property value, propertyId=39, value={intValue: 1, floatValue: 1.4013e-45}
[05/19 15:14:35.673003][debug][16524][VideoSensor.cpp:732] Stream state changed to STREAM_STATE_STOPED. @OB_SENSOR_IR_LEFT
[05/19 15:14:35.673017][info][16524][VideoSensor.cpp:734] Video sensor stopped, @OB_SENSOR_IR_LEFT
[05/19 15:14:35.673024][info][16524][Pipeline.cpp:329] Sensor stream stopped, sensorType=OB_SENSOR_IR_LEFT
[05/19 15:14:35.673029][info][16524][Pipeline.cpp:335] Stop streams done!
[05/19 15:14:35.673040][debug][16524][FrameProcessingBlockManager.cpp:84] FrameProcessingBlockManager stoped!
[05/19 15:14:35.673045][debug][16524][FrameProcessingBlockManager.cpp:20] Processing block list cleared!
[05/19 15:14:35.673050][info][16524][Pipeline.cpp:373] Stop pipeline done!
[05/19 15:14:35.673062][debug][16524][Pipeline.cpp:62] Pipeline deInit start!
[05/19 15:14:35.673068][info][16524][Pipeline.cpp:69] Pipeline destroyed! @0x23DF63D25D0
[05/19 15:14:35.673104][debug][16524][HostProtocol.cpp:425] Set property value, propertyId=164, value={intValue: 0, floatValue: 0}
[05/19 15:14:35.674087][debug][16524][PropertyAccessor.cpp:17] set property value success! propertyId: 164, value: {intValue: 0, floatValue: 0}
[05/19 15:14:35.674133][debug][16524][HostProtocol.cpp:425] Set property value, propertyId=183, value={intValue: 0, floatValue: 0}
[05/19 15:14:35.674690][debug][16524][PropertyAccessor.cpp:17] set property value success! propertyId: 183, value: {intValue: 0, floatValue: 0}
[05/19 15:14:35.674705][debug][16524][HostProtocol.cpp:425] Set property value, propertyId=158, value={intValue: 0, floatValue: 0}
[05/19 15:14:35.675196][debug][16524][PropertyAccessor.cpp:17] set property value success! propertyId: 158, value: {intValue: 0, floatValue: 0}
[05/19 15:14:35.675222][debug][16524][HostProtocol.cpp:425] Set property value, propertyId=157, value={intValue: 0, floatValue: 0}
[05/19 15:14:35.675752][debug][16524][PropertyAccessor.cpp:17] set property value success! propertyId: 157, value: {intValue: 0, floatValue: 0}
[05/19 15:14:35.675781][debug][16524][HostProtocol.cpp:425] Set property value, propertyId=157, value={intValue: 0, floatValue: 0}
[05/19 15:14:35.676257][debug][16524][PropertyAccessor.cpp:17] set property value success! propertyId: 157, value: {intValue: 0, floatValue: 0}
[05/19 15:14:35.676283][debug][16524][HostProtocol.cpp:425] Set property value, propertyId=3, value={intValue: 0, floatValue: 0}
[05/19 15:14:35.677993][debug][16524][PropertyAccessor.cpp:17] set property value success! propertyId: 3, value: {intValue: 0, floatValue: 0}
[05/19 15:14:35.678012][debug][16524][HostProtocol.cpp:425] Set property value, propertyId=152, value={intValue: 0, floatValue: 0}
[05/19 15:14:35.679793][debug][16524][PropertyAccessor.cpp:17] set property value success! propertyId: 152, value: {intValue: 0, floatValue: 0}
[05/19 15:14:35.679819][debug][16524][HostProtocol.cpp:425] Set property value, propertyId=153, value={intValue: 0, floatValue: 0}
[05/19 15:14:35.681648][debug][16524][PropertyAccessor.cpp:17] set property value success! propertyId: 153, value: {intValue: 0, floatValue: 0}
[05/19 15:14:35.732280][debug][31280][PropertyAccessor.cpp:71] get cmd version success! propertyId: 1056, version: 0
[05/19 15:14:35.733010][debug][31280][PropertyAccessor.cpp:79] get struct data success! propertyId: 1056
[05/19 15:14:45.224368][debug][16640][Pipeline.cpp:267] Frame received on pipeline! type=OB_FRAME_IR_RIGHT [**113 logs in 12021ms, last: 15:14:35.624155**]
[05/19 15:14:45.283946][debug][2588][Pipeline.cpp:267] Frame received on pipeline! type=OB_FRAME_IR_LEFT [**110 logs in 12020ms, last: 15:14:35.644057**]
[05/19 15:14:45.764619][debug][31280][PropertyAccessor.cpp:71] get cmd version success! propertyId: 1056, version: 0
[05/19 15:14:45.765368][debug][31280][PropertyAccessor.cpp:79] get struct data success! propertyId: 1056
[05/19 15:14:55.796658][debug][31280][PropertyAccessor.cpp:71] get cmd version success! propertyId: 1056, version: 0
[05/19 15:14:55.797496][debug][31280][PropertyAccessor.cpp:79] get struct data success! propertyId: 1056
[05/19 15:15:05.829664][debug][31280][PropertyAccessor.cpp:71] get cmd version success! propertyId: 1056, version: 0
[05/19 15:15:05.830568][debug][31280][PropertyAccessor.cpp:79] get struct data success! propertyId: 1056
[05/19 15:15:06.605167][error][16840][GVCPClient.cpp:355] sendto failed with error:10038 [**90 logs in 60171ms, last: 15:15:04.772918**]
[05/19 15:15:15.863881][debug][31280][PropertyAccessor.cpp:71] get cmd version success! propertyId: 1056, version: 0
[05/19 15:15:15.864590][debug][31280][PropertyAccessor.cpp:79] get struct data success! propertyId: 1056
[05/19 15:15:25.899691][debug][31280][PropertyAccessor.cpp:71] get cmd version success! propertyId: 1056, version: 0
[05/19 15:15:25.900733][debug][31280][PropertyAccessor.cpp:79] get struct data success! propertyId: 1056
[05/19 15:15:35.936143][debug][31280][PropertyAccessor.cpp:71] get cmd version success! propertyId: 1056, version: 0
[05/19 15:15:35.937348][debug][31280][PropertyAccessor.cpp:79] get struct data success! propertyId: 1056
[05/19 15:15:45.972499][debug][31280][PropertyAccessor.cpp:71] get cmd version success! propertyId: 1056, version: 0
[05/19 15:15:45.973154][debug][31280][PropertyAccessor.cpp:79] get struct data success! propertyId: 1056
[05/19 15:15:56.007024][debug][31280][PropertyAccessor.cpp:71] get cmd version success! propertyId: 1056, version: 0
[05/19 15:15:56.008157][debug][31280][PropertyAccessor.cpp:79] get struct data success! propertyId: 1056
[05/19 15:16:06.041848][debug][31280][PropertyAccessor.cpp:71] get cmd version success! propertyId: 1056, version: 0
[05/19 15:16:06.042871][debug][31280][PropertyAccessor.cpp:79] get struct data success! propertyId: 1056
[05/19 15:16:06.779518][error][30696][GVCPClient.cpp:355] sendto failed with error:10038 [**90 logs in 60174ms, last: 15:16:04.950162**]
[05/19 15:16:16.075263][debug][31280][PropertyAccessor.cpp:71] get cmd version success! propertyId: 1056, version: 0
[05/19 15:16:16.076088][debug][31280][PropertyAccessor.cpp:79] get struct data success! propertyId: 1056
[05/19 15:16:26.110364][debug][31280][PropertyAccessor.cpp:71] get cmd version success! propertyId: 1056, version: 0
[05/19 15:16:26.111230][debug][31280][PropertyAccessor.cpp:79] get struct data success! propertyId: 1056
[05/19 15:16:36.142337][debug][31280][PropertyAccessor.cpp:71] get cmd version success! propertyId: 1056, version: 0
[05/19 15:16:36.143616][debug][31280][PropertyAccessor.cpp:79] get struct data success! propertyId: 1056
[05/19 15:16:46.179450][debug][31280][PropertyAccessor.cpp:71] get cmd version success! propertyId: 1056, version: 0
[05/19 15:16:46.181094][debug][31280][PropertyAccessor.cpp:79] get struct data success! propertyId: 1056
[05/19 15:16:56.216738][debug][31280][PropertyAccessor.cpp:71] get cmd version success! propertyId: 1056, version: 0
[05/19 15:16:56.218299][debug][31280][PropertyAccessor.cpp:79] get struct data success! propertyId: 1056
[05/19 15:17:06.253174][debug][31280][PropertyAccessor.cpp:71] get cmd version success! propertyId: 1056, version: 0
[05/19 15:17:06.254228][debug][31280][PropertyAccessor.cpp:79] get struct data success! propertyId: 1056
[05/19 15:17:06.955693][error][116][GVCPClient.cpp:355] sendto failed with error:10038 [**90 logs in 60176ms, last: 15:17:05.125757**]
[05/19 15:17:16.285961][debug][31280][PropertyAccessor.cpp:71] get cmd version success! propertyId: 1056, version: 0
[05/19 15:17:16.287636][debug][31280][PropertyAccessor.cpp:79] get struct data success! propertyId: 1056
[05/19 15:17:26.321935][debug][31280][PropertyAccessor.cpp:71] get cmd version success! propertyId: 1056, version: 0
[05/19 15:17:26.322581][debug][31280][PropertyAccessor.cpp:79] get struct data success! propertyId: 1056
[05/19 15:17:36.358920][debug][31280][PropertyAccessor.cpp:71] get cmd version success! propertyId: 1056, version: 0
[05/19 15:17:36.360528][debug][31280][PropertyAccessor.cpp:79] get struct data success! propertyId: 1056
[05/19 15:17:46.397696][debug][31280][PropertyAccessor.cpp:71] get cmd version success! propertyId: 1056, version: 0
[05/19 15:17:46.398820][debug][31280][PropertyAccessor.cpp:79] get struct data success! propertyId: 1056
[05/19 15:17:56.431782][debug][31280][PropertyAccessor.cpp:71] get cmd version success! propertyId: 1056, version: 0
[05/19 15:17:56.432923][debug][31280][PropertyAccessor.cpp:79] get struct data success! propertyId: 1056
[05/19 15:18:06.468518][debug][31280][PropertyAccessor.cpp:71] get cmd version success! propertyId: 1056, version: 0
[05/19 15:18:06.469234][debug][31280][PropertyAccessor.cpp:79] get struct data success! propertyId: 1056
[05/19 15:18:07.131117][error][9408][GVCPClient.cpp:355] sendto failed with error:10038 [**90 logs in 60175ms, last: 15:18:05.302972**]
[05/19 15:18:16.501787][debug][31280][PropertyAccessor.cpp:71] get cmd version success! propertyId: 1056, version: 0
[05/19 15:18:16.504106][debug][31280][PropertyAccessor.cpp:79] get struct data success! propertyId: 1056
[05/19 15:18:26.537149][debug][31280][PropertyAccessor.cpp:71] get cmd version success! propertyId: 1056, version: 0
[05/19 15:18:26.538229][debug][31280][PropertyAccessor.cpp:79] get struct data success! propertyId: 1056
[05/19 15:18:36.571712][debug][31280][PropertyAccessor.cpp:71] get cmd version success! propertyId: 1056, version: 0
[05/19 15:18:36.572785][debug][31280][PropertyAccessor.cpp:79] get struct data success! propertyId: 1056
[05/19 15:18:46.609160][debug][31280][PropertyAccessor.cpp:71] get cmd version success! propertyId: 1056, version: 0
[05/19 15:18:46.609862][debug][31280][PropertyAccessor.cpp:79] get struct data success! propertyId: 1056
[05/19 15:18:56.640312][debug][31280][PropertyAccessor.cpp:71] get cmd version success! propertyId: 1056, version: 0
[05/19 15:18:56.641438][debug][31280][PropertyAccessor.cpp:79] get struct data success! propertyId: 1056
[05/19 15:19:06.676378][debug][31280][PropertyAccessor.cpp:71] get cmd version success! propertyId: 1056, version: 0
[05/19 15:19:06.677475][debug][31280][PropertyAccessor.cpp:79] get struct data success! propertyId: 1056
[05/19 15:19:07.308764][error][31328][GVCPClient.cpp:355] sendto failed with error:10038 [**90 logs in 60177ms, last: 15:19:05.487243**]
